district_id,map_year,code_edition,district_name,geometry_valid_source,supplied_geometry_area_km2,source_geometry_product,source_id,snapshot_id,observed_at,retrieved_at,source_updated_at,data_status
qc-prov-2026-2026-211,2026,2026,Vachon,TRUE,62.01660438983565,circonscriptions_electorales_2026_shapefile.zip,src_4a2457749372,src_4a2457749372_20261003140240251_abfb6f8b4c2c,2026-10-03T14:02:40.251Z,2026-10-03T14:02:46.376Z,NA,official_boundary
qc-prov-2026-2026-797,2026,2026,Bellechasse,TRUE,3213.9353121819972,circonscriptions_electorales_2026_shapefile.zip,src_4a2457749372,src_4a2457749372_20261003140240251_abfb6f8b4c2c,2026-10-03T14:02:40.251Z,2026-10-03T14:02:46.376Z,NA,official_boundary
qc-prov-2026-2026-817,2026,2026,René-Lévesque,TRUE,57950.01380463249,circonscriptions_electorales_2026_shapefile.zip,src_4a2457749372,src_4a2457749372_20261003140240251_abfb6f8b4c2c,2026-10-03T14:02:40.251Z,2026-10-03T14:02:46.376Z,NA,official_boundary
qc-prov-2026-2026-131,2026,2026,Daniel-Johnson,TRUE,1853.9236938759634,circonscriptions_electorales_2026_shapefile.zip,src_4a2457749372,src_4a2457749372_20261003140240251_abfb6f8b4c2c,2026-10-03T14:02:40.251Z,2026-10-03T14:02:46.376Z,NA,official_boundary
qc-prov-2026-2026-833,2026,2026,Anjou–Louis-Riel,TRUE,17.55333200399906,circonscriptions_electorales_2026_shapefile.zip,src_4a2457749372,src_4a2457749372_20261003140240251_abfb6f8b4c2c,2026-10-03T14:02:40.251Z,2026-10-03T14:02:46.376Z,NA,official_boundary
qc-prov-2026-2026-569,2026,2026,Vimont-Auteuil,TRUE,45.0092542981782,circonscriptions_electorales_2026_shapefile.zip,src_4a2457749372,src_4a2457749372_20261003140240251_abfb6f8b4c2c,2026-10-03T14:02:40.251Z,2026-10-03T14:02:46.376Z,NA,official_boundary
qc-prov-2026-2026-319,2026,2026,Rosemont,TRUE,9.734509008034356,circonscriptions_electorales_2026_shapefile.zip,src_4a2457749372,src_4a2457749372_20261003140240251_abfb6f8b4c2c,2026-10-03T14:02:40.251Z,2026-10-03T14:02:46.376Z,NA,official_boundary
qc-prov-2026-2026-359,2026,2026,Sainte-Rose,TRUE,41.28556966112695,circonscriptions_electorales_2026_shapefile.zip,src_4a2457749372,src_4a2457749372_20261003140240251_abfb6f8b4c2c,2026-10-03T14:02:40.251Z,2026-10-03T14:02:46.376Z,NA,official_boundary
qc-prov-2026-2026-157,2026,2026,Brome-Missisquoi,TRUE,1701.3061897948696,circonscriptions_electorales_2026_shapefile.zip,src_4a2457749372,src_4a2457749372_20261003140240251_abfb6f8b4c2c,2026-10-03T14:02:40.251Z,2026-10-03T14:02:46.376Z,NA,official_boundary
qc-prov-2026-2026-207,2026,2026,Chambly,TRUE,212.03248519883394,circonscriptions_electorales_2026_shapefile.zip,src_4a2457749372,src_4a2457749372_20261003140240251_abfb6f8b4c2c,2026-10-03T14:02:40.251Z,2026-10-03T14:02:46.376Z,NA,official_boundary
qc-prov-2026-2026-807,2026,2026,Matane-Matapédia-Mitis,TRUE,14186.872349379928,circonscriptions_electorales_2026_shapefile.zip,src_4a2457749372,src_4a2457749372_20261003140240251_abfb6f8b4c2c,2026-10-03T14:02:40.251Z,2026-10-03T14:02:46.376Z,NA,official_boundary
qc-prov-2026-2026-201,2026,2026,La Pinière,TRUE,47.44524880412937,circonscriptions_electorales_2026_shapefile.zip,src_4a2457749372,src_4a2457749372_20261003140240251_abfb6f8b4c2c,2026-10-03T14:02:40.251Z,2026-10-03T14:02:46.376Z,NA,official_boundary
qc-prov-2026-2026-281,2026,2026,Saint-Henri–Sainte-Anne,TRUE,17.710487039392934,circonscriptions_electorales_2026_shapefile.zip,src_4a2457749372,src_4a2457749372_20261003140240251_abfb6f8b4c2c,2026-10-03T14:02:40.251Z,2026-10-03T14:02:46.376Z,NA,official_boundary
qc-prov-2026-2026-271,2026,2026,Saint-Laurent,TRUE,44.69458606124754,circonscriptions_electorales_2026_shapefile.zip,src_4a2457749372,src_4a2457749372_20261003140240251_abfb6f8b4c2c,2026-10-03T14:02:40.251Z,2026-10-03T14:02:46.376Z,NA,official_boundary
qc-prov-2026-2026-239,2026,2026,Saint-Hyacinthe,TRUE,635.7180970001895,circonscriptions_electorales_2026_shapefile.zip,src_4a2457749372,src_4a2457749372_20261003140240251_abfb6f8b4c2c,2026-10-03T14:02:40.251Z,2026-10-03T14:02:46.376Z,NA,official_boundary
qc-prov-2026-2026-757,2026,2026,Jean-Lesage,TRUE,21.091460372410427,circonscriptions_electorales_2026_shapefile.zip,src_4a2457749372,src_4a2457749372_20261003140240251_abfb6f8b4c2c,2026-10-03T14:02:40.251Z,2026-10-03T14:02:46.376Z,NA,official_boundary
qc-prov-2026-2026-727,2026,2026,Portneuf,TRUE,4321.256613915644,circonscriptions_electorales_2026_shapefile.zip,src_4a2457749372,src_4a2457749372_20261003140240251_abfb6f8b4c2c,2026-10-03T14:02:40.251Z,2026-10-03T14:02:46.376Z,NA,official_boundary
qc-prov-2026-2026-781,2026,2026,Beauce-Nord,TRUE,1760.2290361195069,circonscriptions_electorales_2026_shapefile.zip,src_4a2457749372,src_4a2457749372_20261003140240251_abfb6f8b4c2c,2026-10-03T14:02:40.251Z,2026-10-03T14:02:46.376Z,NA,official_boundary
qc-prov-2026-2026-823,2026,2026,Jonquière,TRUE,411.01841891814496,circonscriptions_electorales_2026_shapefile.zip,src_4a2457749372,src_4a2457749372_20261003140240251_abfb6f8b4c2c,2026-10-03T14:02:40.251Z,2026-10-03T14:02:46.376Z,NA,official_boundary
qc-prov-2026-2026-167,2026,2026,Saint-Jean,TRUE,172.11226840863776,circonscriptions_electorales_2026_shapefile.zip,src_4a2457749372,src_4a2457749372_20261003140240251_abfb6f8b4c2c,2026-10-03T14:02:40.251Z,2026-10-03T14:02:46.376Z,NA,official_boundary
qc-prov-2026-2026-237,2026,2026,Borduas,TRUE,474.88847851848226,circonscriptions_electorales_2026_shapefile.zip,src_4a2457749372,src_4a2457749372_20261003140240251_abfb6f8b4c2c,2026-10-03T14:02:40.251Z,2026-10-03T14:02:46.376Z,NA,official_boundary
qc-prov-2026-2026-247,2026,2026,Verdun,TRUE,22.634978924887825,circonscriptions_electorales_2026_shapefile.zip,src_4a2457749372,src_4a2457749372_20261003140240251_abfb6f8b4c2c,2026-10-03T14:02:40.251Z,2026-10-03T14:02:46.376Z,NA,official_boundary
qc-prov-2026-2026-277,2026,2026,D'Arcy-McGee,TRUE,12.751705816253997,circonscriptions_electorales_2026_shapefile.zip,src_4a2457749372,src_4a2457749372_20261003140240251_abfb6f8b4c2c,2026-10-03T14:02:40.251Z,2026-10-03T14:02:46.376Z,NA,official_boundary
qc-prov-2026-2026-799,2026,2026,Côte-du-Sud,TRUE,7585.061039610179,circonscriptions_electorales_2026_shapefile.zip,src_4a2457749372,src_4a2457749372_20261003140240251_abfb6f8b4c2c,2026-10-03T14:02:40.251Z,2026-10-03T14:02:46.376Z,NA,official_boundary
qc-prov-2026-2026-707,2026,2026,Jean-Talon,TRUE,34.620194831059685,circonscriptions_electorales_2026_shapefile.zip,src_4a2457749372,src_4a2457749372_20261003140240251_abfb6f8b4c2c,2026-10-03T14:02:40.251Z,2026-10-03T14:02:46.376Z,NA,official_boundary
qc-prov-2026-2026-771,2026,2026,Charlevoix–Côte-de-Beaupré,TRUE,12885.440380393691,circonscriptions_electorales_2026_shapefile.zip,src_4a2457749372,src_4a2457749372_20261003140240251_abfb6f8b4c2c,2026-10-03T14:02:40.251Z,2026-10-03T14:02:46.376Z,NA,official_boundary
qc-prov-2026-2026-787,2026,2026,Lotbinière-Frontenac,TRUE,3326.463363086461,circonscriptions_electorales_2026_shapefile.zip,src_4a2457749372,src_4a2457749372_20261003140240251_abfb6f8b4c2c,2026-10-03T14:02:40.251Z,2026-10-03T14:02:46.376Z,NA,official_boundary
qc-prov-2026-2026-811,2026,2026,Îles-de-la-Madeleine,TRUE,34022.90774305388,circonscriptions_electorales_2026_shapefile.zip,src_4a2457749372,src_4a2457749372_20261003140240251_abfb6f8b4c2c,2026-10-03T14:02:40.251Z,2026-10-03T14:02:46.376Z,NA,official_boundary
qc-prov-2026-2026-821,2026,2026,Chicoutimi,TRUE,163.5069858284199,circonscriptions_electorales_2026_shapefile.zip,src_4a2457749372,src_4a2457749372_20261003140240251_abfb6f8b4c2c,2026-10-03T14:02:40.251Z,2026-10-03T14:02:46.376Z,NA,official_boundary
qc-prov-2026-2026-577,2026,2026,Groulx,TRUE,51.062972396168426,circonscriptions_electorales_2026_shapefile.zip,src_4a2457749372,src_4a2457749372_20261003140240251_abfb6f8b4c2c,2026-10-03T14:02:40.251Z,2026-10-03T14:02:46.376Z,NA,official_boundary
qc-prov-2026-2026-141,2026,2026,Drummond–Bois-Francs,TRUE,1793.6783434708823,circonscriptions_electorales_2026_shapefile.zip,src_4a2457749372,src_4a2457749372_20261003140240251_abfb6f8b4c2c,2026-10-03T14:02:40.251Z,2026-10-03T14:02:46.376Z,NA,official_boundary
qc-prov-2026-2026-651,2026,2026,Hull,TRUE,56.60453427720951,circonscriptions_electorales_2026_shapefile.zip,src_4a2457749372,src_4a2457749372_20261003140240251_abfb6f8b4c2c,2026-10-03T14:02:40.251Z,2026-10-03T14:02:46.376Z,NA,official_boundary
qc-prov-2026-2026-789,2026,2026,Chutes-de-la-Chaudière,TRUE,326.31620721956796,circonscriptions_electorales_2026_shapefile.zip,src_4a2457749372,src_4a2457749372_20261003140240251_abfb6f8b4c2c,2026-10-03T14:02:40.251Z,2026-10-03T14:02:46.376Z,NA,official_boundary
qc-prov-2026-2026-351,2026,2026,Chomedey,TRUE,19.38733038289838,circonscriptions_electorales_2026_shapefile.zip,src_4a2457749372,src_4a2457749372_20261003140240251_abfb6f8b4c2c,2026-10-03T14:02:40.251Z,2026-10-03T14:02:46.376Z,NA,official_boundary
qc-prov-2026-2026-199,2026,2026,La Prairie,TRUE,143.53434038800754,circonscriptions_electorales_2026_shapefile.zip,src_4a2457749372,src_4a2457749372_20261003140240251_abfb6f8b4c2c,2026-10-03T14:02:40.251Z,2026-10-03T14:02:46.376Z,NA,official_boundary
qc-prov-2026-2026-219,2026,2026,Marie-Victorin,TRUE,15.747588131306212,circonscriptions_electorales_2026_shapefile.zip,src_4a2457749372,src_4a2457749372_20261003140240251_abfb6f8b4c2c,2026-10-03T14:02:40.251Z,2026-10-03T14:02:46.376Z,NA,official_boundary
qc-prov-2026-2026-801,2026,2026,Rivière-du-Loup–Témiscouata–Les Basques,TRUE,7417.313562666543,circonscriptions_electorales_2026_shapefile.zip,src_4a2457749372,src_4a2457749372_20261003140240251_abfb6f8b4c2c,2026-10-03T14:02:40.251Z,2026-10-03T14:02:46.376Z,NA,official_boundary
qc-prov-2026-2026-831,2026,2026,Ungava,TRUE,859472.3944385151,circonscriptions_electorales_2026_shapefile.zip,src_4a2457749372,src_4a2457749372_20261003140240251_abfb6f8b4c2c,2026-10-03T14:02:40.251Z,2026-10-03T14:02:46.376Z,NA,official_boundary
qc-prov-2026-2026-827,2026,2026,Lac-Saint-Jean,TRUE,20252.500785570785,circonscriptions_electorales_2026_shapefile.zip,src_4a2457749372,src_4a2457749372_20261003140240251_abfb6f8b4c2c,2026-10-03T14:02:40.251Z,2026-10-03T14:02:46.376Z,NA,official_boundary
qc-prov-2026-2026-321,2026,2026,Viau,TRUE,10.284584003659258,circonscriptions_electorales_2026_shapefile.zip,src_4a2457749372,src_4a2457749372_20261003140240251_abfb6f8b4c2c,2026-10-03T14:02:40.251Z,2026-10-03T14:02:46.376Z,NA,official_boundary
qc-prov-2026-2026-611,2026,2026,Masson,TRUE,137.20963104901654,circonscriptions_electorales_2026_shapefile.zip,src_4a2457749372,src_4a2457749372_20261003140240251_abfb6f8b4c2c,2026-10-03T14:02:40.251Z,2026-10-03T14:02:46.376Z,NA,official_boundary
qc-prov-2026-2026-769,2026,2026,Chauveau,TRUE,2647.6053053889427,circonscriptions_electorales_2026_shapefile.zip,src_4a2457749372,src_4a2457749372_20261003140240251_abfb6f8b4c2c,2026-10-03T14:02:40.251Z,2026-10-03T14:02:46.376Z,NA,official_boundary
qc-prov-2026-2026-151,2026,2026,Nicolet-Bécancour,TRUE,2727.287831725018,circonscriptions_electorales_2026_shapefile.zip,src_4a2457749372,src_4a2457749372_20261003140240251_abfb6f8b4c2c,2026-10-03T14:02:40.251Z,2026-10-03T14:02:46.376Z,NA,official_boundary
qc-prov-2026-2026-279,2026,2026,Notre-Dame-de-Grâce,TRUE,10.009438022648732,circonscriptions_electorales_2026_shapefile.zip,src_4a2457749372,src_4a2457749372_20261003140240251_abfb6f8b4c2c,2026-10-03T14:02:40.251Z,2026-10-03T14:02:46.376Z,NA,official_boundary
qc-prov-2026-2026-749,2026,2026,Vanier-Les Rivières,TRUE,44.69196319714356,circonscriptions_electorales_2026_shapefile.zip,src_4a2457749372,src_4a2457749372_20261003140240251_abfb6f8b4c2c,2026-10-03T14:02:40.251Z,2026-10-03T14:02:46.376Z,NA,official_boundary
qc-prov-2026-2026-701,2026,2026,Champlain,TRUE,1967.3456416060887,circonscriptions_electorales_2026_shapefile.zip,src_4a2457749372,src_4a2457749372_20261003140240251_abfb6f8b4c2c,2026-10-03T14:02:40.251Z,2026-10-03T14:02:46.376Z,NA,official_boundary
qc-prov-2026-2026-631,2026,2026,Rousseau,TRUE,716.1588678439169,circonscriptions_electorales_2026_shapefile.zip,src_4a2457749372,src_4a2457749372_20261003140240251_abfb6f8b4c2c,2026-10-03T14:02:40.251Z,2026-10-03T14:02:46.376Z,NA,official_boundary
qc-prov-2026-2026-671,2026,2026,Rouyn-Noranda–Témiscamingue,TRUE,23810.33765589825,circonscriptions_electorales_2026_shapefile.zip,src_4a2457749372,src_4a2457749372_20261003140240251_abfb6f8b4c2c,2026-10-03T14:02:40.251Z,2026-10-03T14:02:46.376Z,NA,official_boundary
qc-prov-2026-2026-127,2026,2026,Orford,TRUE,1443.6260164418065,circonscriptions_electorales_2026_shapefile.zip,src_4a2457749372,src_4a2457749372_20261003140240251_abfb6f8b4c2c,2026-10-03T14:02:40.251Z,2026-10-03T14:02:46.376Z,NA,official_boundary
qc-prov-2026-2026-597,2026,2026,Saint-Jérôme,TRUE,38.09474870202284,circonscriptions_electorales_2026_shapefile.zip,src_4a2457749372,src_4a2457749372_20261003140240251_abfb6f8b4c2c,2026-10-03T14:02:40.251Z,2026-10-03T14:02:46.376Z,NA,official_boundary
qc-prov-2026-2026-161,2026,2026,Iberville,TRUE,1028.5145394696492,circonscriptions_electorales_2026_shapefile.zip,src_4a2457749372,src_4a2457749372_20261003140240251_abfb6f8b4c2c,2026-10-03T14:02:40.251Z,2026-10-03T14:02:46.376Z,NA,official_boundary
qc-prov-2026-2026-607,2026,2026,Blainville,TRUE,66.63217029786955,circonscriptions_electorales_2026_shapefile.zip,src_4a2457749372,src_4a2457749372_20261003140240251_abfb6f8b4c2c,2026-10-03T14:02:40.251Z,2026-10-03T14:02:46.376Z,NA,official_boundary
qc-prov-2026-2026-187,2026,2026,Vaudreuil,TRUE,146.34091899264791,circonscriptions_electorales_2026_shapefile.zip,src_4a2457749372,src_4a2457749372_20261003140240251_abfb6f8b4c2c,2026-10-03T14:02:40.251Z,2026-10-03T14:02:46.376Z,NA,official_boundary
qc-prov-2026-2026-197,2026,2026,Sanguinet,TRUE,181.9605955547583,circonscriptions_electorales_2026_shapefile.zip,src_4a2457749372,src_4a2457749372_20261003140240251_abfb6f8b4c2c,2026-10-03T14:02:40.251Z,2026-10-03T14:02:46.376Z,NA,official_boundary
qc-prov-2026-2026-339,2026,2026,LaFontaine,TRUE,27.998636506747793,circonscriptions_electorales_2026_shapefile.zip,src_4a2457749372,src_4a2457749372_20261003140240251_abfb6f8b4c2c,2026-10-03T14:02:40.251Z,2026-10-03T14:02:46.376Z,NA,official_boundary
qc-prov-2026-2026-601,2026,2026,Les Plaines,TRUE,213.55913421250753,circonscriptions_electorales_2026_shapefile.zip,src_4a2457749372,src_4a2457749372_20261003140240251_abfb6f8b4c2c,2026-10-03T14:02:40.251Z,2026-10-03T14:02:46.376Z,NA,official_boundary
qc-prov-2026-2026-227,2026,2026,Montarville,TRUE,124.14565272255112,circonscriptions_electorales_2026_shapefile.zip,src_4a2457749372,src_4a2457749372_20261003140240251_abfb6f8b4c2c,2026-10-03T14:02:40.251Z,2026-10-03T14:02:46.376Z,NA,official_boundary
qc-prov-2026-2026-267,2026,2026,Robert-Baldwin,TRUE,24.618877279573287,circonscriptions_electorales_2026_shapefile.zip,src_4a2457749372,src_4a2457749372_20261003140240251_abfb6f8b4c2c,2026-10-03T14:02:40.251Z,2026-10-03T14:02:46.376Z,NA,official_boundary
qc-prov-2026-2026-777,2026,2026,Beauce-Sud,TRUE,3010.9572787775433,circonscriptions_electorales_2026_shapefile.zip,src_4a2457749372,src_4a2457749372_20261003140240251_abfb6f8b4c2c,2026-10-03T14:02:40.251Z,2026-10-03T14:02:46.376Z,NA,official_boundary
qc-prov-2026-2026-813,2026,2026,Duplessis,TRUE,323852.80792739167,circonscriptions_electorales_2026_shapefile.zip,src_4a2457749372,src_4a2457749372_20261003140240251_abfb6f8b4c2c,2026-10-03T14:02:40.251Z,2026-10-03T14:02:46.376Z,NA,official_boundary
qc-prov-2026-2026-617,2026,2026,Repentigny,TRUE,36.56846459802365,circonscriptions_electorales_2026_shapefile.zip,src_4a2457749372,src_4a2457749372_20261003140240251_abfb6f8b4c2c,2026-10-03T14:02:40.251Z,2026-10-03T14:02:46.376Z,NA,official_boundary
qc-prov-2026-2026-137,2026,2026,Richmond,TRUE,1266.8920405340957,circonscriptions_electorales_2026_shapefile.zip,src_4a2457749372,src_4a2457749372_20261003140240251_abfb6f8b4c2c,2026-10-03T14:02:40.251Z,2026-10-03T14:02:46.376Z,NA,official_boundary
qc-prov-2026-2026-337,2026,2026,Camille-Laurin,TRUE,19.423497685227254,circonscriptions_electorales_2026_shapefile.zip,src_4a2457749372,src_4a2457749372_20261003140240251_abfb6f8b4c2c,2026-10-03T14:02:40.251Z,2026-10-03T14:02:46.376Z,NA,official_boundary
qc-prov-2026-2026-179,2026,2026,Beauharnois,TRUE,486.30425591217323,circonscriptions_electorales_2026_shapefile.zip,src_4a2457749372,src_4a2457749372_20261003140240251_abfb6f8b4c2c,2026-10-03T14:02:40.251Z,2026-10-03T14:02:46.376Z,NA,official_boundary
qc-prov-2026-2026-667,2026,2026,Chapleau,TRUE,46.51385029410145,circonscriptions_electorales_2026_shapefile.zip,src_4a2457749372,src_4a2457749372_20261003140240251_abfb6f8b4c2c,2026-10-03T14:02:40.251Z,2026-10-03T14:02:46.376Z,NA,official_boundary
qc-prov-2026-2026-119,2026,2026,Saint-François,TRUE,1421.3444516515967,circonscriptions_electorales_2026_shapefile.zip,src_4a2457749372,src_4a2457749372_20261003140240251_abfb6f8b4c2c,2026-10-03T14:02:40.251Z,2026-10-03T14:02:46.376Z,NA,official_boundary
qc-prov-2026-2026-697,2026,2026,Laviolette–Saint-Maurice,TRUE,35112.180254907275,circonscriptions_electorales_2026_shapefile.zip,src_4a2457749372,src_4a2457749372_20261003140240251_abfb6f8b4c2c,2026-10-03T14:02:40.251Z,2026-10-03T14:02:46.376Z,NA,official_boundary
qc-prov-2026-2026-709,2026,2026,Louis-Hébert,TRUE,172.90822085036237,circonscriptions_electorales_2026_shapefile.zip,src_4a2457749372,src_4a2457749372_20261003140240251_abfb6f8b4c2c,2026-10-03T14:02:40.251Z,2026-10-03T14:02:46.376Z,NA,official_boundary
qc-prov-2026-2026-767,2026,2026,Charlesbourg,TRUE,34.36691006988704,circonscriptions_electorales_2026_shapefile.zip,src_4a2457749372,src_4a2457749372_20261003140240251_abfb6f8b4c2c,2026-10-03T14:02:40.251Z,2026-10-03T14:02:46.376Z,NA,official_boundary
qc-prov-2026-2026-257,2026,2026,Marquette,TRUE,51.83731915357555,circonscriptions_electorales_2026_shapefile.zip,src_4a2457749372,src_4a2457749372_20261003140240251_abfb6f8b4c2c,2026-10-03T14:02:40.251Z,2026-10-03T14:02:46.376Z,NA,official_boundary
qc-prov-2026-2026-627,2026,2026,Berthier,TRUE,10302.937804869485,circonscriptions_electorales_2026_shapefile.zip,src_4a2457749372,src_4a2457749372_20261003140240251_abfb6f8b4c2c,2026-10-03T14:02:40.251Z,2026-10-03T14:02:46.376Z,NA,official_boundary
qc-prov-2026-2026-291,2026,2026,Westmount–Saint-Louis,TRUE,11.8097588248649,circonscriptions_electorales_2026_shapefile.zip,src_4a2457749372,src_4a2457749372_20261003140240251_abfb6f8b4c2c,2026-10-03T14:02:40.251Z,2026-10-03T14:02:46.376Z,NA,official_boundary
qc-prov-2026-2026-637,2026,2026,Prévost,TRUE,381.5478472479125,circonscriptions_electorales_2026_shapefile.zip,src_4a2457749372,src_4a2457749372_20261003140240251_abfb6f8b4c2c,2026-10-03T14:02:40.251Z,2026-10-03T14:02:46.376Z,NA,official_boundary
qc-prov-2026-2026-357,2026,2026,Fabre,TRUE,46.199026074320706,circonscriptions_electorales_2026_shapefile.zip,src_4a2457749372,src_4a2457749372_20261003140240251_abfb6f8b4c2c,2026-10-03T14:02:40.251Z,2026-10-03T14:02:46.376Z,NA,official_boundary
qc-prov-2026-2026-649,2026,2026,Labelle,TRUE,18122.872752487652,circonscriptions_electorales_2026_shapefile.zip,src_4a2457749372,src_4a2457749372_20261003140240251_abfb6f8b4c2c,2026-10-03T14:02:40.251Z,2026-10-03T14:02:46.376Z,NA,official_boundary
qc-prov-2026-2026-809,2026,2026,Gaspé,TRUE,33233.58637259064,circonscriptions_electorales_2026_shapefile.zip,src_4a2457749372,src_4a2457749372_20261003140240251_abfb6f8b4c2c,2026-10-03T14:02:40.251Z,2026-10-03T14:02:46.376Z,NA,official_boundary
qc-prov-2026-2026-171,2026,2026,Huntingdon,TRUE,2343.229700365135,circonscriptions_electorales_2026_shapefile.zip,src_4a2457749372,src_4a2457749372_20261003140240251_abfb6f8b4c2c,2026-10-03T14:02:40.251Z,2026-10-03T14:02:46.376Z,NA,official_boundary
qc-prov-2026-2026-317,2026,2026,Hochelaga-Maisonneuve,TRUE,9.868565086236108,circonscriptions_electorales_2026_shapefile.zip,src_4a2457749372,src_4a2457749372_20261003140240251_abfb6f8b4c2c,2026-10-03T14:02:40.251Z,2026-10-03T14:02:46.376Z,NA,official_boundary
qc-prov-2026-2026-691,2026,2026,Trois-Rivières,TRUE,69.31521326733585,circonscriptions_electorales_2026_shapefile.zip,src_4a2457749372,src_4a2457749372_20261003140240251_abfb6f8b4c2c,2026-10-03T14:02:40.251Z,2026-10-03T14:02:46.376Z,NA,official_boundary
qc-prov-2026-2026-829,2026,2026,Roberval,TRUE,41064.02802189989,circonscriptions_electorales_2026_shapefile.zip,src_4a2457749372,src_4a2457749372_20261003140240251_abfb6f8b4c2c,2026-10-03T14:02:40.251Z,2026-10-03T14:02:46.376Z,NA,official_boundary
qc-prov-2026-2026-301,2026,2026,Maurice-Richard,TRUE,11.68689976357683,circonscriptions_electorales_2026_shapefile.zip,src_4a2457749372,src_4a2457749372_20261003140240251_abfb6f8b4c2c,2026-10-03T14:02:40.251Z,2026-10-03T14:02:46.376Z,NA,official_boundary
qc-prov-2026-2026-327,2026,2026,Bourassa-Sauvé,TRUE,11.381800904100214,circonscriptions_electorales_2026_shapefile.zip,src_4a2457749372,src_4a2457749372_20261003140240251_abfb6f8b4c2c,2026-10-03T14:02:40.251Z,2026-10-03T14:02:46.376Z,NA,official_boundary
qc-prov-2026-2026-819,2026,2026,Dubuc,TRUE,44631.25658295271,circonscriptions_electorales_2026_shapefile.zip,src_4a2457749372,src_4a2457749372_20261003140240251_abfb6f8b4c2c,2026-10-03T14:02:40.251Z,2026-10-03T14:02:46.376Z,NA,official_boundary
qc-prov-2026-2026-297,2026,2026,Mont-Royal–Outremont,TRUE,20.1010932672212,circonscriptions_electorales_2026_shapefile.zip,src_4a2457749372,src_4a2457749372_20261003140240251_abfb6f8b4c2c,2026-10-03T14:02:40.251Z,2026-10-03T14:02:46.376Z,NA,official_boundary
qc-prov-2026-2026-121,2026,2026,Sherbrooke,TRUE,58.84551702896488,circonscriptions_electorales_2026_shapefile.zip,src_4a2457749372,src_4a2457749372_20261003140240251_abfb6f8b4c2c,2026-10-03T14:02:40.251Z,2026-10-03T14:02:46.376Z,NA,official_boundary
qc-prov-2026-2026-147,2026,2026,Arthabaska-L'Érable,TRUE,1753.091136274941,circonscriptions_electorales_2026_shapefile.zip,src_4a2457749372,src_4a2457749372_20261003140240251_abfb6f8b4c2c,2026-10-03T14:02:40.251Z,2026-10-03T14:02:46.376Z,NA,official_boundary
qc-prov-2026-2026-241,2026,2026,Richelieu,TRUE,970.1611421689046,circonscriptions_electorales_2026_shapefile.zip,src_4a2457749372,src_4a2457749372_20261003140240251_abfb6f8b4c2c,2026-10-03T14:02:40.251Z,2026-10-03T14:02:46.376Z,NA,official_boundary
qc-prov-2026-2026-587,2026,2026,Mirabel,TRUE,506.0702045711798,circonscriptions_electorales_2026_shapefile.zip,src_4a2457749372,src_4a2457749372_20261003140240251_abfb6f8b4c2c,2026-10-03T14:02:40.251Z,2026-10-03T14:02:46.376Z,NA,official_boundary
qc-prov-2026-2026-313,2026,2026,Mercier,TRUE,5.4177392863450065,circonscriptions_electorales_2026_shapefile.zip,src_4a2457749372,src_4a2457749372_20261003140240251_abfb6f8b4c2c,2026-10-03T14:02:40.251Z,2026-10-03T14:02:46.376Z,NA,official_boundary
qc-prov-2026-2026-341,2026,2026,Pointe-aux-Trembles,TRUE,37.300801229875944,circonscriptions_electorales_2026_shapefile.zip,src_4a2457749372,src_4a2457749372_20261003140240251_abfb6f8b4c2c,2026-10-03T14:02:40.251Z,2026-10-03T14:02:46.376Z,NA,official_boundary
qc-prov-2026-2026-621,2026,2026,L'Assomption,TRUE,328.41038169803,circonscriptions_electorales_2026_shapefile.zip,src_4a2457749372,src_4a2457749372_20261003140240251_abfb6f8b4c2c,2026-10-03T14:02:40.251Z,2026-10-03T14:02:46.376Z,NA,official_boundary
qc-prov-2026-2026-299,2026,2026,Acadie,TRUE,14.919465793417858,circonscriptions_electorales_2026_shapefile.zip,src_4a2457749372,src_4a2457749372_20261003140240251_abfb6f8b4c2c,2026-10-03T14:02:40.251Z,2026-10-03T14:02:46.376Z,NA,official_boundary
qc-prov-2026-2026-311,2026,2026,Gouin,TRUE,5.765577465179882,circonscriptions_electorales_2026_shapefile.zip,src_4a2457749372,src_4a2457749372_20261003140240251_abfb6f8b4c2c,2026-10-03T14:02:40.251Z,2026-10-03T14:02:46.376Z,NA,official_boundary
qc-prov-2026-2026-251,2026,2026,Marguerite-Bourgeoys,TRUE,25.175714767588207,circonscriptions_electorales_2026_shapefile.zip,src_4a2457749372,src_4a2457749372_20261003140240251_abfb6f8b4c2c,2026-10-03T14:02:40.251Z,2026-10-03T14:02:46.376Z,NA,official_boundary
qc-prov-2026-2026-641,2026,2026,Bertrand,TRUE,2316.296353242389,circonscriptions_electorales_2026_shapefile.zip,src_4a2457749372,src_4a2457749372_20261003140240251_abfb6f8b4c2c,2026-10-03T14:02:40.251Z,2026-10-03T14:02:46.376Z,NA,official_boundary
qc-prov-2026-2026-837,2026,2026,Bonaventure,TRUE,10926.634524326044,circonscriptions_electorales_2026_shapefile.zip,src_4a2457749372,src_4a2457749372_20261003140240251_abfb6f8b4c2c,2026-10-03T14:02:40.251Z,2026-10-03T14:02:46.376Z,NA,official_boundary
qc-prov-2026-2026-261,2026,2026,Nelligan,TRUE,70.40851774754015,circonscriptions_electorales_2026_shapefile.zip,src_4a2457749372,src_4a2457749372_20261003140240251_abfb6f8b4c2c,2026-10-03T14:02:40.251Z,2026-10-03T14:02:46.376Z,NA,official_boundary
qc-prov-2026-2026-689,2026,2026,Abitibi-Est,TRUE,29288.213914619053,circonscriptions_electorales_2026_shapefile.zip,src_4a2457749372,src_4a2457749372_20261003140240251_abfb6f8b4c2c,2026-10-03T14:02:40.251Z,2026-10-03T14:02:46.376Z,NA,official_boundary
qc-prov-2026-2026-591,2026,2026,Bellefeuille,TRUE,230.09540990121866,circonscriptions_electorales_2026_shapefile.zip,src_4a2457749372,src_4a2457749372_20261003140240251_abfb6f8b4c2c,2026-10-03T14:02:40.251Z,2026-10-03T14:02:46.376Z,NA,official_boundary
qc-prov-2026-2026-287,2026,2026,Sainte-Marie–Saint-Jacques,TRUE,15.29703358243463,circonscriptions_electorales_2026_shapefile.zip,src_4a2457749372,src_4a2457749372_20261003140240251_abfb6f8b4c2c,2026-10-03T14:02:40.251Z,2026-10-03T14:02:46.376Z,NA,official_boundary
qc-prov-2026-2026-589,2026,2026,Argenteuil,TRUE,2013.000110263502,circonscriptions_electorales_2026_shapefile.zip,src_4a2457749372,src_4a2457749372_20261003140240251_abfb6f8b4c2c,2026-10-03T14:02:40.251Z,2026-10-03T14:02:46.376Z,NA,official_boundary
qc-prov-2026-2026-217,2026,2026,Pierre-Laporte,TRUE,24.923671607329936,circonscriptions_electorales_2026_shapefile.zip,src_4a2457749372,src_4a2457749372_20261003140240251_abfb6f8b4c2c,2026-10-03T14:02:40.251Z,2026-10-03T14:02:46.376Z,NA,official_boundary
qc-prov-2026-2026-259,2026,2026,Jacques-Cartier,TRUE,96.87940133706967,circonscriptions_electorales_2026_shapefile.zip,src_4a2457749372,src_4a2457749372_20261003140240251_abfb6f8b4c2c,2026-10-03T14:02:40.251Z,2026-10-03T14:02:46.376Z,NA,official_boundary
qc-prov-2026-2026-609,2026,2026,Terrebonne,TRUE,71.02685317681886,circonscriptions_electorales_2026_shapefile.zip,src_4a2457749372,src_4a2457749372_20261003140240251_abfb6f8b4c2c,2026-10-03T14:02:40.251Z,2026-10-03T14:02:46.376Z,NA,official_boundary
qc-prov-2026-2026-629,2026,2026,Joliette,TRUE,424.35929740896614,circonscriptions_electorales_2026_shapefile.zip,src_4a2457749372,src_4a2457749372_20261003140240251_abfb6f8b4c2c,2026-10-03T14:02:40.251Z,2026-10-03T14:02:46.376Z,NA,official_boundary
qc-prov-2026-2026-191,2026,2026,Châteauguay,TRUE,246.01355574862367,circonscriptions_electorales_2026_shapefile.zip,src_4a2457749372,src_4a2457749372_20261003140240251_abfb6f8b4c2c,2026-10-03T14:02:40.251Z,2026-10-03T14:02:46.376Z,NA,official_boundary
qc-prov-2026-2026-751,2026,2026,Taschereau,TRUE,16.50278511064475,circonscriptions_electorales_2026_shapefile.zip,src_4a2457749372,src_4a2457749372_20261003140240251_abfb6f8b4c2c,2026-10-03T14:02:40.251Z,2026-10-03T14:02:46.376Z,NA,official_boundary
qc-prov-2026-2026-791,2026,2026,Lévis,TRUE,76.42547165178387,circonscriptions_electorales_2026_shapefile.zip,src_4a2457749372,src_4a2457749372_20261003140240251_abfb6f8b4c2c,2026-10-03T14:02:40.251Z,2026-10-03T14:02:46.376Z,NA,official_boundary
qc-prov-2026-2026-181,2026,2026,Soulanges,TRUE,819.6566652288735,circonscriptions_electorales_2026_shapefile.zip,src_4a2457749372,src_4a2457749372_20261003140240251_abfb6f8b4c2c,2026-10-03T14:02:40.251Z,2026-10-03T14:02:46.376Z,NA,official_boundary
qc-prov-2026-2026-661,2026,2026,Gatineau,TRUE,15603.186377597314,circonscriptions_electorales_2026_shapefile.zip,src_4a2457749372,src_4a2457749372_20261003140240251_abfb6f8b4c2c,2026-10-03T14:02:40.251Z,2026-10-03T14:02:46.376Z,NA,official_boundary
qc-prov-2026-2026-347,2026,2026,Laval-des-Rapides,TRUE,26.049392811493714,circonscriptions_electorales_2026_shapefile.zip,src_4a2457749372,src_4a2457749372_20261003140240251_abfb6f8b4c2c,2026-10-03T14:02:40.251Z,2026-10-03T14:02:46.376Z,NA,official_boundary
qc-prov-2026-2026-693,2026,2026,Maskinongé,TRUE,2778.8412963072915,circonscriptions_electorales_2026_shapefile.zip,src_4a2457749372,src_4a2457749372_20261003140240251_abfb6f8b4c2c,2026-10-03T14:02:40.251Z,2026-10-03T14:02:46.376Z,NA,official_boundary
qc-prov-2026-2026-221,2026,2026,Taillon,TRUE,34.74849639012893,circonscriptions_electorales_2026_shapefile.zip,src_4a2457749372,src_4a2457749372_20261003140240251_abfb6f8b4c2c,2026-10-03T14:02:40.251Z,2026-10-03T14:02:46.376Z,NA,official_boundary
qc-prov-2026-2026-669,2026,2026,Papineau,TRUE,3647.9756218911525,circonscriptions_electorales_2026_shapefile.zip,src_4a2457749372,src_4a2457749372_20261003140240251_abfb6f8b4c2c,2026-10-03T14:02:40.251Z,2026-10-03T14:02:46.376Z,NA,official_boundary
qc-prov-2026-2026-729,2026,2026,La Peltrie,TRUE,601.8026343970972,circonscriptions_electorales_2026_shapefile.zip,src_4a2457749372,src_4a2457749372_20261003140240251_abfb6f8b4c2c,2026-10-03T14:02:40.251Z,2026-10-03T14:02:46.376Z,NA,official_boundary
qc-prov-2026-2026-117,2026,2026,Mégantic,TRUE,5818.804503571842,circonscriptions_electorales_2026_shapefile.zip,src_4a2457749372,src_4a2457749372_20261003140240251_abfb6f8b4c2c,2026-10-03T14:02:40.251Z,2026-10-03T14:02:46.376Z,NA,official_boundary
qc-prov-2026-2026-159,2026,2026,Granby,TRUE,205.4199598247208,circonscriptions_electorales_2026_shapefile.zip,src_4a2457749372,src_4a2457749372_20261003140240251_abfb6f8b4c2c,2026-10-03T14:02:40.251Z,2026-10-03T14:02:46.376Z,NA,official_boundary
qc-prov-2026-2026-231,2026,2026,Verchères,TRUE,317.7946559758947,circonscriptions_electorales_2026_shapefile.zip,src_4a2457749372,src_4a2457749372_20261003140240251_abfb6f8b4c2c,2026-10-03T14:02:40.251Z,2026-10-03T14:02:46.376Z,NA,official_boundary
qc-prov-2026-2026-307,2026,2026,Laurier-Dorion,TRUE,6.204457490505787,circonscriptions_electorales_2026_shapefile.zip,src_4a2457749372,src_4a2457749372_20261003140240251_abfb6f8b4c2c,2026-10-03T14:02:40.251Z,2026-10-03T14:02:46.376Z,NA,official_boundary
qc-prov-2026-2026-331,2026,2026,Jeanne-Mance–Viger,TRUE,13.515258762251705,circonscriptions_electorales_2026_shapefile.zip,src_4a2457749372,src_4a2457749372_20261003140240251_abfb6f8b4c2c,2026-10-03T14:02:40.251Z,2026-10-03T14:02:46.376Z,NA,official_boundary
qc-prov-2026-2026-803,2026,2026,Rimouski,TRUE,3733.2265699406043,circonscriptions_electorales_2026_shapefile.zip,src_4a2457749372,src_4a2457749372_20261003140240251_abfb6f8b4c2c,2026-10-03T14:02:40.251Z,2026-10-03T14:02:46.376Z,NA,official_boundary
qc-prov-2026-2026-761,2026,2026,Montmorency,TRUE,184.08039421538302,circonscriptions_electorales_2026_shapefile.zip,src_4a2457749372,src_4a2457749372_20261003140240251_abfb6f8b4c2c,2026-10-03T14:02:40.251Z,2026-10-03T14:02:46.376Z,NA,official_boundary
qc-prov-2026-2026-571,2026,2026,Mille-Îles,TRUE,88.90723377607021,circonscriptions_electorales_2026_shapefile.zip,src_4a2457749372,src_4a2457749372_20261003140240251_abfb6f8b4c2c,2026-10-03T14:02:40.251Z,2026-10-03T14:02:46.376Z,NA,official_boundary
qc-prov-2026-2026-139,2026,2026,Marie-Lacoste-Gérin-Lajoie,TRUE,987.3143082100867,circonscriptions_electorales_2026_shapefile.zip,src_4a2457749372,src_4a2457749372_20261003140240251_abfb6f8b4c2c,2026-10-03T14:02:40.251Z,2026-10-03T14:02:46.376Z,NA,official_boundary
qc-prov-2026-2026-657,2026,2026,Pontiac,TRUE,14721.620912860935,circonscriptions_electorales_2026_shapefile.zip,src_4a2457749372,src_4a2457749372_20261003140240251_abfb6f8b4c2c,2026-10-03T14:02:40.251Z,2026-10-03T14:02:46.376Z,NA,official_boundary
qc-prov-2026-2026-581,2026,2026,Deux-Montagnes,TRUE,79.70922587034656,circonscriptions_electorales_2026_shapefile.zip,src_4a2457749372,src_4a2457749372_20261003140240251_abfb6f8b4c2c,2026-10-03T14:02:40.251Z,2026-10-03T14:02:46.376Z,NA,official_boundary
qc-prov-2026-2026-681,2026,2026,Abitibi-Ouest,TRUE,11552.290388031251,circonscriptions_electorales_2026_shapefile.zip,src_4a2457749372,src_4a2457749372_20261003140240251_abfb6f8b4c2c,2026-10-03T14:02:40.251Z,2026-10-03T14:02:46.376Z,NA,official_boundary
qc-prov-2017-2022-310,2017,2022,Jacques-Cartier,TRUE,96.87940133706967,circonscriptions_electorales_2022_shapefile.zip,src_982233d9cc25,src_982233d9cc25_20261003140407728_e3cd4a8a3355,2026-10-03T14:04:07.728Z,2026-10-03T14:04:09.656Z,NA,official_boundary
qc-prov-2017-2022-390,2017,2022,LaFontaine,TRUE,27.998637531451774,circonscriptions_electorales_2022_shapefile.zip,src_982233d9cc25,src_982233d9cc25_20261003140407728_e3cd4a8a3355,2026-10-03T14:04:07.728Z,2026-10-03T14:04:09.656Z,NA,official_boundary
qc-prov-2017-2022-470,2017,2022,Sainte-Rose,TRUE,41.28554400612149,circonscriptions_electorales_2022_shapefile.zip,src_982233d9cc25,src_982233d9cc25_20261003140407728_e3cd4a8a3355,2026-10-03T14:04:07.728Z,2026-10-03T14:04:09.656Z,NA,official_boundary
qc-prov-2017-2022-306,2017,2022,Marquette,TRUE,51.83731915357555,circonscriptions_electorales_2022_shapefile.zip,src_982233d9cc25,src_982233d9cc25_20261003140407728_e3cd4a8a3355,2026-10-03T14:04:07.728Z,2026-10-03T14:04:09.656Z,NA,official_boundary
qc-prov-2017-2022-150,2017,2022,Nicolet-Bécancour,TRUE,2803.3575814408377,circonscriptions_electorales_2022_shapefile.zip,src_982233d9cc25,src_982233d9cc25_20261003140407728_e3cd4a8a3355,2026-10-03T14:04:07.728Z,2026-10-03T14:04:09.656Z,NA,official_boundary
qc-prov-2017-2022-356,2017,2022,Rosemont,TRUE,9.734509008034356,circonscriptions_electorales_2022_shapefile.zip,src_982233d9cc25,src_982233d9cc25_20261003140407728_e3cd4a8a3355,2026-10-03T14:04:07.728Z,2026-10-03T14:04:09.656Z,NA,official_boundary
qc-prov-2017-2022-264,2017,2022,Richelieu,TRUE,882.8751130176917,circonscriptions_electorales_2022_shapefile.zip,src_982233d9cc25,src_982233d9cc25_20261003140407728_e3cd4a8a3355,2026-10-03T14:04:07.728Z,2026-10-03T14:04:09.656Z,NA,official_boundary
qc-prov-2017-2022-720,2017,2022,La Peltrie,TRUE,775.8714432049969,circonscriptions_electorales_2022_shapefile.zip,src_982233d9cc25,src_982233d9cc25_20261003140407728_e3cd4a8a3355,2026-10-03T14:04:07.728Z,2026-10-03T14:04:09.656Z,NA,official_boundary
qc-prov-2017-2022-482,2017,2022,Mille-Îles,TRUE,86.95889071225795,circonscriptions_electorales_2022_shapefile.zip,src_982233d9cc25,src_982233d9cc25_20261003140407728_e3cd4a8a3355,2026-10-03T14:04:07.728Z,2026-10-03T14:04:09.656Z,NA,official_boundary
qc-prov-2017-2022-582,2017,2022,Prévost,TRUE,381.38892736090696,circonscriptions_electorales_2022_shapefile.zip,src_982233d9cc25,src_982233d9cc25_20261003140407728_e3cd4a8a3355,2026-10-03T14:04:07.728Z,2026-10-03T14:04:09.656Z,NA,official_boundary
qc-prov-2017-2022-344,2017,2022,Laurier-Dorion,TRUE,6.205958050709339,circonscriptions_electorales_2022_shapefile.zip,src_982233d9cc25,src_982233d9cc25_20261003140407728_e3cd4a8a3355,2026-10-03T14:04:07.728Z,2026-10-03T14:04:09.656Z,NA,official_boundary
qc-prov-2017-2022-736,2017,2022,Jean-Lesage,TRUE,21.09201068136264,circonscriptions_electorales_2022_shapefile.zip,src_982233d9cc25,src_982233d9cc25_20261003140407728_e3cd4a8a3355,2026-10-03T14:04:07.728Z,2026-10-03T14:04:09.656Z,NA,official_boundary
qc-prov-2017-2022-454,2017,2022,Laval-des-Rapides,TRUE,25.623687346643802,circonscriptions_electorales_2022_shapefile.zip,src_982233d9cc25,src_982233d9cc25_20261003140407728_e3cd4a8a3355,2026-10-03T14:04:07.728Z,2026-10-03T14:04:09.656Z,NA,official_boundary
qc-prov-2017-2022-340,2017,2022,Maurice-Richard,TRUE,11.68689976357683,circonscriptions_electorales_2022_shapefile.zip,src_982233d9cc25,src_982233d9cc25_20261003140407728_e3cd4a8a3355,2026-10-03T14:04:07.728Z,2026-10-03T14:04:09.656Z,NA,official_boundary
qc-prov-2017-2022-358,2017,2022,Viau,TRUE,10.283083443455705,circonscriptions_electorales_2022_shapefile.zip,src_982233d9cc25,src_982233d9cc25_20261003140407728_e3cd4a8a3355,2026-10-03T14:04:07.728Z,2026-10-03T14:04:09.656Z,NA,official_boundary
qc-prov-2017-2022-648,2017,2022,Abitibi-Est,TRUE,29288.213914619053,circonscriptions_electorales_2022_shapefile.zip,src_982233d9cc25,src_982233d9cc25_20261003140407728_e3cd4a8a3355,2026-10-03T14:04:07.728Z,2026-10-03T14:04:09.656Z,NA,official_boundary
qc-prov-2017-2022-326,2017,2022,Saint-Henri-Sainte-Anne,TRUE,17.710487039392934,circonscriptions_electorales_2022_shapefile.zip,src_982233d9cc25,src_982233d9cc25_20261003140407728_e3cd4a8a3355,2026-10-03T14:04:07.728Z,2026-10-03T14:04:09.656Z,NA,official_boundary
qc-prov-2017-2022-244,2017,2022,Laporte,TRUE,25.150778460731118,circonscriptions_electorales_2022_shapefile.zip,src_982233d9cc25,src_982233d9cc25_20261003140407728_e3cd4a8a3355,2026-10-03T14:04:07.728Z,2026-10-03T14:04:09.656Z,NA,official_boundary
qc-prov-2017-2022-670,2017,2022,Laviolette-Saint-Maurice,TRUE,35112.17471907964,circonscriptions_electorales_2022_shapefile.zip,src_982233d9cc25,src_982233d9cc25_20261003140407728_e3cd4a8a3355,2026-10-03T14:04:07.728Z,2026-10-03T14:04:09.656Z,NA,official_boundary
qc-prov-2017-2022-460,2017,2022,Chomedey,TRUE,21.761378911582014,circonscriptions_electorales_2022_shapefile.zip,src_982233d9cc25,src_982233d9cc25_20261003140407728_e3cd4a8a3355,2026-10-03T14:04:07.728Z,2026-10-03T14:04:09.656Z,NA,official_boundary
qc-prov-2017-2022-220,2017,2022,Soulanges,TRUE,833.6793709064501,circonscriptions_electorales_2022_shapefile.zip,src_982233d9cc25,src_982233d9cc25_20261003140407728_e3cd4a8a3355,2026-10-03T14:04:07.728Z,2026-10-03T14:04:09.656Z,NA,official_boundary
qc-prov-2017-2022-918,2017,2022,Chicoutimi,TRUE,173.45090898777062,circonscriptions_electorales_2022_shapefile.zip,src_982233d9cc25,src_982233d9cc25_20261003140407728_e3cd4a8a3355,2026-10-03T14:04:07.728Z,2026-10-03T14:04:09.656Z,NA,official_boundary
qc-prov-2017-2022-380,2017,2022,Pointe-aux-Trembles,TRUE,37.30080020517197,circonscriptions_electorales_2022_shapefile.zip,src_982233d9cc25,src_982233d9cc25_20261003140407728_e3cd4a8a3355,2026-10-03T14:04:07.728Z,2026-10-03T14:04:09.656Z,NA,official_boundary
qc-prov-2017-2022-224,2017,2022,Vaudreuil,TRUE,189.29266277415684,circonscriptions_electorales_2022_shapefile.zip,src_982233d9cc25,src_982233d9cc25_20261003140407728_e3cd4a8a3355,2026-10-03T14:04:07.728Z,2026-10-03T14:04:09.656Z,NA,official_boundary
qc-prov-2017-2022-642,2017,2022,Abitibi-Ouest,TRUE,11552.151073259522,circonscriptions_electorales_2022_shapefile.zip,src_982233d9cc25,src_982233d9cc25_20261003140407728_e3cd4a8a3355,2026-10-03T14:04:07.728Z,2026-10-03T14:04:09.656Z,NA,official_boundary
qc-prov-2017-2022-110,2017,2022,Saint-François,TRUE,1501.1869158164732,circonscriptions_electorales_2022_shapefile.zip,src_982233d9cc25,src_982233d9cc25_20261003140407728_e3cd4a8a3355,2026-10-03T14:04:07.728Z,2026-10-03T14:04:09.656Z,NA,official_boundary
qc-prov-2017-2022-938,2017,2022,Ungava,TRUE,859472.5389934886,circonscriptions_electorales_2022_shapefile.zip,src_982233d9cc25,src_982233d9cc25_20261003140407728_e3cd4a8a3355,2026-10-03T14:04:07.728Z,2026-10-03T14:04:09.656Z,NA,official_boundary
qc-prov-2017-2022-826,2017,2022,Côte-du-Sud,TRUE,7585.061039610179,circonscriptions_electorales_2022_shapefile.zip,src_982233d9cc25,src_982233d9cc25_20261003140407728_e3cd4a8a3355,2026-10-03T14:04:07.728Z,2026-10-03T14:04:09.656Z,NA,official_boundary
qc-prov-2017-2022-370,2017,2022,Camille-Laurin,TRUE,19.423497685227254,circonscriptions_electorales_2022_shapefile.zip,src_982233d9cc25,src_982233d9cc25_20261003140407728_e3cd4a8a3355,2026-10-03T14:04:07.728Z,2026-10-03T14:04:09.656Z,NA,official_boundary
qc-prov-2017-2022-120,2017,2022,Orford,TRUE,1583.970742929138,circonscriptions_electorales_2022_shapefile.zip,src_982233d9cc25,src_982233d9cc25_20261003140407728_e3cd4a8a3355,2026-10-03T14:04:07.728Z,2026-10-03T14:04:09.656Z,NA,official_boundary
qc-prov-2017-2022-300,2017,2022,Verdun,TRUE,22.634978947188547,circonscriptions_electorales_2022_shapefile.zip,src_982233d9cc25,src_982233d9cc25_20261003140407728_e3cd4a8a3355,2026-10-03T14:04:07.728Z,2026-10-03T14:04:09.656Z,NA,official_boundary
qc-prov-2017-2022-902,2017,2022,Duplessis,TRUE,323852.80792739167,circonscriptions_electorales_2022_shapefile.zip,src_982233d9cc25,src_982233d9cc25_20261003140407728_e3cd4a8a3355,2026-10-03T14:04:07.728Z,2026-10-03T14:04:09.656Z,NA,official_boundary
qc-prov-2017-2022-508,2017,2022,Deux-Montagnes,TRUE,79.76694124136974,circonscriptions_electorales_2022_shapefile.zip,src_982233d9cc25,src_982233d9cc25_20261003140407728_e3cd4a8a3355,2026-10-03T14:04:07.728Z,2026-10-03T14:04:09.656Z,NA,official_boundary
qc-prov-2017-2022-312,2017,2022,Nelligan,TRUE,70.4112698747679,circonscriptions_electorales_2022_shapefile.zip,src_982233d9cc25,src_982233d9cc25_20261003140407728_e3cd4a8a3355,2026-10-03T14:04:07.728Z,2026-10-03T14:04:09.656Z,NA,official_boundary
qc-prov-2017-2022-364,2017,2022,Jeanne-Mance-Viger,TRUE,13.515258762251705,circonscriptions_electorales_2022_shapefile.zip,src_982233d9cc25,src_982233d9cc25_20261003140407728_e3cd4a8a3355,2026-10-03T14:04:07.728Z,2026-10-03T14:04:09.656Z,NA,official_boundary
qc-prov-2017-2022-350,2017,2022,Mercier,TRUE,5.417100720294477,circonscriptions_electorales_2022_shapefile.zip,src_982233d9cc25,src_982233d9cc25_20261003140407728_e3cd4a8a3355,2026-10-03T14:04:07.728Z,2026-10-03T14:04:09.656Z,NA,official_boundary
qc-prov-2017-2022-666,2017,2022,Maskinongé,TRUE,2778.992666853312,circonscriptions_electorales_2022_shapefile.zip,src_982233d9cc25,src_982233d9cc25_20261003140407728_e3cd4a8a3355,2026-10-03T14:04:07.728Z,2026-10-03T14:04:09.656Z,NA,official_boundary
qc-prov-2017-2022-338,2017,2022,Acadie,TRUE,14.919465793417858,circonscriptions_electorales_2022_shapefile.zip,src_982233d9cc25,src_982233d9cc25_20261003140407728_e3cd4a8a3355,2026-10-03T14:04:07.728Z,2026-10-03T14:04:09.656Z,NA,official_boundary
qc-prov-2017-2022-730,2017,2022,Taschereau,TRUE,16.50278511460727,circonscriptions_electorales_2022_shapefile.zip,src_982233d9cc25,src_982233d9cc25_20261003140407728_e3cd4a8a3355,2026-10-03T14:04:07.728Z,2026-10-03T14:04:09.656Z,NA,official_boundary
qc-prov-2017-2022-218,2017,2022,Beauharnois,TRUE,429.32980645313074,circonscriptions_electorales_2022_shapefile.zip,src_982233d9cc25,src_982233d9cc25_20261003140407728_e3cd4a8a3355,2026-10-03T14:04:07.728Z,2026-10-03T14:04:09.656Z,NA,official_boundary
qc-prov-2017-2022-526,2017,2022,Saint-Jérôme,TRUE,92.48162638965123,circonscriptions_electorales_2022_shapefile.zip,src_982233d9cc25,src_982233d9cc25_20261003140407728_e3cd4a8a3355,2026-10-03T14:04:07.728Z,2026-10-03T14:04:09.656Z,NA,official_boundary
qc-prov-2017-2022-542,2017,2022,Terrebonne,TRUE,88.85959280468764,circonscriptions_electorales_2022_shapefile.zip,src_982233d9cc25,src_982233d9cc25_20261003140407728_e3cd4a8a3355,2026-10-03T14:04:07.728Z,2026-10-03T14:04:09.656Z,NA,official_boundary
qc-prov-2017-2022-530,2017,2022,Les Plaines,TRUE,195.7281108301462,circonscriptions_electorales_2022_shapefile.zip,src_982233d9cc25,src_982233d9cc25_20261003140407728_e3cd4a8a3355,2026-10-03T14:04:07.728Z,2026-10-03T14:04:09.656Z,NA,official_boundary
qc-prov-2017-2022-324,2017,2022,Notre-Dame-de-Grâce,TRUE,10.009438022648732,circonscriptions_electorales_2022_shapefile.zip,src_982233d9cc25,src_982233d9cc25_20261003140407728_e3cd4a8a3355,2026-10-03T14:04:07.728Z,2026-10-03T14:04:09.656Z,NA,official_boundary
qc-prov-2017-2022-240,2017,2022,Vachon,TRUE,62.01660438983565,circonscriptions_electorales_2022_shapefile.zip,src_982233d9cc25,src_982233d9cc25_20261003140407728_e3cd4a8a3355,2026-10-03T14:04:07.728Z,2026-10-03T14:04:09.656Z,NA,official_boundary
qc-prov-2017-2022-708,2017,2022,Louis-Hébert,TRUE,172.90821988687665,circonscriptions_electorales_2022_shapefile.zip,src_982233d9cc25,src_982233d9cc25_20261003140407728_e3cd4a8a3355,2026-10-03T14:04:07.728Z,2026-10-03T14:04:09.656Z,NA,official_boundary
qc-prov-2017-2022-748,2017,2022,Charlesbourg,TRUE,34.36691006988704,circonscriptions_electorales_2022_shapefile.zip,src_982233d9cc25,src_982233d9cc25_20261003140407728_e3cd4a8a3355,2026-10-03T14:04:07.728Z,2026-10-03T14:04:09.656Z,NA,official_boundary
qc-prov-2017-2022-330,2017,2022,Sainte-Marie-Saint-Jacques,TRUE,15.296474147855342,circonscriptions_electorales_2022_shapefile.zip,src_982233d9cc25,src_982233d9cc25_20261003140407728_e3cd4a8a3355,2026-10-03T14:04:07.728Z,2026-10-03T14:04:09.656Z,NA,official_boundary
qc-prov-2017-2022-246,2017,2022,Marie-Victorin,TRUE,15.747588131306212,circonscriptions_electorales_2022_shapefile.zip,src_982233d9cc25,src_982233d9cc25_20261003140407728_e3cd4a8a3355,2026-10-03T14:04:07.728Z,2026-10-03T14:04:09.656Z,NA,official_boundary
qc-prov-2017-2022-236,2017,2022,La Pinière,TRUE,47.218141928427464,circonscriptions_electorales_2022_shapefile.zip,src_982233d9cc25,src_982233d9cc25_20261003140407728_e3cd4a8a3355,2026-10-03T14:04:07.728Z,2026-10-03T14:04:09.656Z,NA,official_boundary
qc-prov-2017-2022-316,2017,2022,Robert-Baldwin,TRUE,24.616125152354325,circonscriptions_electorales_2022_shapefile.zip,src_982233d9cc25,src_982233d9cc25_20261003140407728_e3cd4a8a3355,2026-10-03T14:04:07.728Z,2026-10-03T14:04:09.656Z,NA,official_boundary
qc-prov-2017-2022-906,2017,2022,René-Lévesque,TRUE,57950.01018840397,circonscriptions_electorales_2022_shapefile.zip,src_982233d9cc25,src_982233d9cc25_20261003140407728_e3cd4a8a3355,2026-10-03T14:04:07.728Z,2026-10-03T14:04:09.656Z,NA,official_boundary
qc-prov-2017-2022-336,2017,2022,Mont-Royal-Outremont,TRUE,20.101095297538027,circonscriptions_electorales_2022_shapefile.zip,src_982233d9cc25,src_982233d9cc25_20261003140407728_e3cd4a8a3355,2026-10-03T14:04:07.728Z,2026-10-03T14:04:09.656Z,NA,official_boundary
qc-prov-2017-2022-726,2017,2022,Vanier-Les Rivières,TRUE,49.1329355084638,circonscriptions_electorales_2022_shapefile.zip,src_982233d9cc25,src_982233d9cc25_20261003140407728_e3cd4a8a3355,2026-10-03T14:04:07.728Z,2026-10-03T14:04:09.656Z,NA,official_boundary
qc-prov-2017-2022-536,2017,2022,Blainville,TRUE,66.62854308364163,circonscriptions_electorales_2022_shapefile.zip,src_982233d9cc25,src_982233d9cc25_20261003140407728_e3cd4a8a3355,2026-10-03T14:04:07.728Z,2026-10-03T14:04:09.656Z,NA,official_boundary
qc-prov-2017-2022-466,2017,2022,Fabre,TRUE,46.199026074320706,circonscriptions_electorales_2022_shapefile.zip,src_982233d9cc25,src_982233d9cc25_20261003140407728_e3cd4a8a3355,2026-10-03T14:04:07.728Z,2026-10-03T14:04:09.656Z,NA,official_boundary
qc-prov-2017-2022-818,2017,2022,Lévis,TRUE,76.42547165178387,circonscriptions_electorales_2022_shapefile.zip,src_982233d9cc25,src_982233d9cc25_20261003140407728_e3cd4a8a3355,2026-10-03T14:04:07.728Z,2026-10-03T14:04:09.656Z,NA,official_boundary
qc-prov-2017-2022-930,2017,2022,Roberval,TRUE,41064.028460153306,circonscriptions_electorales_2022_shapefile.zip,src_982233d9cc25,src_982233d9cc25_20261003140407728_e3cd4a8a3355,2026-10-03T14:04:07.728Z,2026-10-03T14:04:09.656Z,NA,official_boundary
qc-prov-2017-2022-514,2017,2022,Mirabel,TRUE,648.944994002729,circonscriptions_electorales_2022_shapefile.zip,src_982233d9cc25,src_982233d9cc25_20261003140407728_e3cd4a8a3355,2026-10-03T14:04:07.728Z,2026-10-03T14:04:09.656Z,NA,official_boundary
qc-prov-2017-2022-922,2017,2022,Jonquière,TRUE,411.01841891814496,circonscriptions_electorales_2022_shapefile.zip,src_982233d9cc25,src_982233d9cc25_20261003140407728_e3cd4a8a3355,2026-10-03T14:04:07.728Z,2026-10-03T14:04:09.656Z,NA,official_boundary
qc-prov-2017-2022-352,2017,2022,Hochelaga-Maisonneuve,TRUE,9.869763079396355,circonscriptions_electorales_2022_shapefile.zip,src_982233d9cc25,src_982233d9cc25_20261003140407728_e3cd4a8a3355,2026-10-03T14:04:07.728Z,2026-10-03T14:04:09.656Z,NA,official_boundary
qc-prov-2017-2022-476,2017,2022,Vimont,TRUE,45.00927543711138,circonscriptions_electorales_2022_shapefile.zip,src_982233d9cc25,src_982233d9cc25_20261003140407728_e3cd4a8a3355,2026-10-03T14:04:07.728Z,2026-10-03T14:04:09.656Z,NA,official_boundary
qc-prov-2017-2022-360,2017,2022,Bourassa-Sauvé,TRUE,11.381800904100214,circonscriptions_electorales_2022_shapefile.zip,src_982233d9cc25,src_982233d9cc25_20261003140407728_e3cd4a8a3355,2026-10-03T14:04:07.728Z,2026-10-03T14:04:09.656Z,NA,official_boundary
qc-prov-2017-2022-250,2017,2022,Taillon,TRUE,34.74849639012893,circonscriptions_electorales_2022_shapefile.zip,src_982233d9cc25,src_982233d9cc25_20261003140407728_e3cd4a8a3355,2026-10-03T14:04:07.728Z,2026-10-03T14:04:09.656Z,NA,official_boundary
qc-prov-2017-2022-636,2017,2022,Rouyn-Noranda-Témiscamingue,TRUE,23810.33765589825,circonscriptions_electorales_2022_shapefile.zip,src_982233d9cc25,src_982233d9cc25_20261003140407728_e3cd4a8a3355,2026-10-03T14:04:07.728Z,2026-10-03T14:04:09.656Z,NA,official_boundary
qc-prov-2017-2022-260,2017,2022,Saint-Hyacinthe,TRUE,835.0911675456874,circonscriptions_electorales_2022_shapefile.zip,src_982233d9cc25,src_982233d9cc25_20261003140407728_e3cd4a8a3355,2026-10-03T14:04:07.728Z,2026-10-03T14:04:09.656Z,NA,official_boundary
qc-prov-2017-2022-914,2017,2022,Dubuc,TRUE,44621.312659790594,circonscriptions_electorales_2022_shapefile.zip,src_982233d9cc25,src_982233d9cc25_20261003140407728_e3cd4a8a3355,2026-10-03T14:04:07.728Z,2026-10-03T14:04:09.656Z,NA,official_boundary
qc-prov-2017-2022-926,2017,2022,Lac-Saint-Jean,TRUE,20252.500347317367,circonscriptions_electorales_2022_shapefile.zip,src_982233d9cc25,src_982233d9cc25_20261003140407728_e3cd4a8a3355,2026-10-03T14:04:07.728Z,2026-10-03T14:04:09.656Z,NA,official_boundary
qc-prov-2017-2022-258,2017,2022,Borduas,TRUE,529.9054153673592,circonscriptions_electorales_2022_shapefile.zip,src_982233d9cc25,src_982233d9cc25_20261003140407728_e3cd4a8a3355,2026-10-03T14:04:07.728Z,2026-10-03T14:04:09.656Z,NA,official_boundary
qc-prov-2017-2022-806,2017,2022,Beauce-Nord,TRUE,1760.2290361195069,circonscriptions_electorales_2022_shapefile.zip,src_982233d9cc25,src_982233d9cc25_20261003140407728_e3cd4a8a3355,2026-10-03T14:04:07.728Z,2026-10-03T14:04:09.656Z,NA,official_boundary
qc-prov-2017-2022-802,2017,2022,Beauce-Sud,TRUE,3010.9572787775433,circonscriptions_electorales_2022_shapefile.zip,src_982233d9cc25,src_982233d9cc25_20261003140407728_e3cd4a8a3355,2026-10-03T14:04:07.728Z,2026-10-03T14:04:09.656Z,NA,official_boundary
qc-prov-2017-2022-850,2017,2022,Bonaventure,TRUE,10926.634524326044,circonscriptions_electorales_2022_shapefile.zip,src_982233d9cc25,src_982233d9cc25_20261003140407728_e3cd4a8a3355,2026-10-03T14:04:07.728Z,2026-10-03T14:04:09.656Z,NA,official_boundary
qc-prov-2017-2022-842,2017,2022,Matane-Matapédia,TRUE,14186.876644449554,circonscriptions_electorales_2022_shapefile.zip,src_982233d9cc25,src_982233d9cc25_20261003140407728_e3cd4a8a3355,2026-10-03T14:04:07.728Z,2026-10-03T14:04:09.656Z,NA,official_boundary
qc-prov-2017-2022-702,2017,2022,Jean-Talon,TRUE,34.62019482709621,circonscriptions_electorales_2022_shapefile.zip,src_982233d9cc25,src_982233d9cc25_20261003140407728_e3cd4a8a3355,2026-10-03T14:04:07.728Z,2026-10-03T14:04:09.656Z,NA,official_boundary
qc-prov-2017-2022-116,2017,2022,Sherbrooke,TRUE,58.84551702896488,circonscriptions_electorales_2022_shapefile.zip,src_982233d9cc25,src_982233d9cc25_20261003140407728_e3cd4a8a3355,2026-10-03T14:04:07.728Z,2026-10-03T14:04:09.656Z,NA,official_boundary
qc-prov-2017-2022-858,2017,2022,Îles-de-la-Madeleine,TRUE,34022.90774305388,circonscriptions_electorales_2022_shapefile.zip,src_982233d9cc25,src_982233d9cc25_20261003140407728_e3cd4a8a3355,2026-10-03T14:04:07.728Z,2026-10-03T14:04:09.656Z,NA,official_boundary
qc-prov-2017-2022-304,2017,2022,Marguerite-Bourgeoys,TRUE,25.175714767588207,circonscriptions_electorales_2022_shapefile.zip,src_982233d9cc25,src_982233d9cc25_20261003140407728_e3cd4a8a3355,2026-10-03T14:04:07.728Z,2026-10-03T14:04:09.656Z,NA,official_boundary
qc-prov-2017-2022-332,2017,2022,Westmount-Saint-Louis,TRUE,11.809758825032747,circonscriptions_electorales_2022_shapefile.zip,src_982233d9cc25,src_982233d9cc25_20261003140407728_e3cd4a8a3355,2026-10-03T14:04:07.728Z,2026-10-03T14:04:09.656Z,NA,official_boundary
qc-prov-2017-2022-144,2017,2022,Arthabaska,TRUE,1886.148313323948,circonscriptions_electorales_2022_shapefile.zip,src_982233d9cc25,src_982233d9cc25_20261003140407728_e3cd4a8a3355,2026-10-03T14:04:07.728Z,2026-10-03T14:04:09.656Z,NA,official_boundary
qc-prov-2017-2022-226,2017,2022,Châteauguay,TRUE,244.65995894494324,circonscriptions_electorales_2022_shapefile.zip,src_982233d9cc25,src_982233d9cc25_20261003140407728_e3cd4a8a3355,2026-10-03T14:04:07.728Z,2026-10-03T14:04:09.656Z,NA,official_boundary
qc-prov-2017-2022-212,2017,2022,Saint-Jean,TRUE,244.18752432309321,circonscriptions_electorales_2022_shapefile.zip,src_982233d9cc25,src_982233d9cc25_20261003140407728_e3cd4a8a3355,2026-10-03T14:04:07.728Z,2026-10-03T14:04:09.656Z,NA,official_boundary
qc-prov-2017-2022-346,2017,2022,Gouin,TRUE,5.765577465179882,circonscriptions_electorales_2022_shapefile.zip,src_982233d9cc25,src_982233d9cc25_20261003140407728_e3cd4a8a3355,2026-10-03T14:04:07.728Z,2026-10-03T14:04:09.656Z,NA,official_boundary
qc-prov-2017-2022-206,2017,2022,Granby,TRUE,155.44284126379247,circonscriptions_electorales_2022_shapefile.zip,src_982233d9cc25,src_982233d9cc25_20261003140407728_e3cd4a8a3355,2026-10-03T14:04:07.728Z,2026-10-03T14:04:09.656Z,NA,official_boundary
qc-prov-2017-2022-760,2017,2022,Charlevoix-Côte-de-Beaupré,TRUE,12885.440486013687,circonscriptions_electorales_2022_shapefile.zip,src_982233d9cc25,src_982233d9cc25_20261003140407728_e3cd4a8a3355,2026-10-03T14:04:07.728Z,2026-10-03T14:04:09.656Z,NA,official_boundary
qc-prov-2017-2022-548,2017,2022,Masson,TRUE,137.21026394987146,circonscriptions_electorales_2022_shapefile.zip,src_982233d9cc25,src_982233d9cc25_20261003140407728_e3cd4a8a3355,2026-10-03T14:04:07.728Z,2026-10-03T14:04:09.656Z,NA,official_boundary
qc-prov-2017-2022-754,2017,2022,Chauveau,TRUE,2647.6053063591576,circonscriptions_electorales_2022_shapefile.zip,src_982233d9cc25,src_982233d9cc25_20261003140407728_e3cd4a8a3355,2026-10-03T14:04:07.728Z,2026-10-03T14:04:09.656Z,NA,official_boundary
qc-prov-2017-2022-742,2017,2022,Montmorency,TRUE,184.07973828603122,circonscriptions_electorales_2022_shapefile.zip,src_982233d9cc25,src_982233d9cc25_20261003140407728_e3cd4a8a3355,2026-10-03T14:04:07.728Z,2026-10-03T14:04:09.656Z,NA,official_boundary
qc-prov-2017-2022-320,2017,2022,D'Arcy-McGee,TRUE,12.751703824734784,circonscriptions_electorales_2022_shapefile.zip,src_982233d9cc25,src_982233d9cc25_20261003140407728_e3cd4a8a3355,2026-10-03T14:04:07.728Z,2026-10-03T14:04:09.656Z,NA,official_boundary
qc-prov-2017-2022-318,2017,2022,Saint-Laurent,TRUE,44.69458606124754,circonscriptions_electorales_2022_shapefile.zip,src_982233d9cc25,src_982233d9cc25_20261003140407728_e3cd4a8a3355,2026-10-03T14:04:07.728Z,2026-10-03T14:04:09.656Z,NA,official_boundary
qc-prov-2017-2022-660,2017,2022,Trois-Rivières,TRUE,69.31521326733585,circonscriptions_electorales_2022_shapefile.zip,src_982233d9cc25,src_982233d9cc25_20261003140407728_e3cd4a8a3355,2026-10-03T14:04:07.728Z,2026-10-03T14:04:09.656Z,NA,official_boundary
qc-prov-2017-2022-366,2017,2022,Anjou-Louis-Riel,TRUE,17.55333203079349,circonscriptions_electorales_2022_shapefile.zip,src_982233d9cc25,src_982233d9cc25_20261003140407728_e3cd4a8a3355,2026-10-03T14:04:07.728Z,2026-10-03T14:04:09.656Z,NA,official_boundary
qc-prov-2017-2022-502,2017,2022,Groulx,TRUE,51.063006015152645,circonscriptions_electorales_2022_shapefile.zip,src_982233d9cc25,src_982233d9cc25_20261003140407728_e3cd4a8a3355,2026-10-03T14:04:07.728Z,2026-10-03T14:04:09.656Z,NA,official_boundary
qc-prov-2017-2022-576,2017,2022,Rousseau,TRUE,715.954297180552,circonscriptions_electorales_2022_shapefile.zip,src_982233d9cc25,src_982233d9cc25_20261003140407728_e3cd4a8a3355,2026-10-03T14:04:07.728Z,2026-10-03T14:04:09.656Z,NA,official_boundary
qc-prov-2017-2022-204,2017,2022,Brome-Missisquoi,TRUE,1889.1538261115359,circonscriptions_electorales_2022_shapefile.zip,src_982233d9cc25,src_982233d9cc25_20261003140407728_e3cd4a8a3355,2026-10-03T14:04:07.728Z,2026-10-03T14:04:09.656Z,NA,official_boundary
qc-prov-2017-2022-854,2017,2022,Gaspé,TRUE,33233.58637259064,circonscriptions_electorales_2022_shapefile.zip,src_982233d9cc25,src_982233d9cc25_20261003140407728_e3cd4a8a3355,2026-10-03T14:04:07.728Z,2026-10-03T14:04:09.656Z,NA,official_boundary
qc-prov-2017-2022-210,2017,2022,Iberville,TRUE,1028.6472922456885,circonscriptions_electorales_2022_shapefile.zip,src_982233d9cc25,src_982233d9cc25_20261003140407728_e3cd4a8a3355,2026-10-03T14:04:07.728Z,2026-10-03T14:04:09.656Z,NA,official_boundary
qc-prov-2017-2022-810,2017,2022,Lotbinière-Frontenac,TRUE,3326.313563347173,circonscriptions_electorales_2022_shapefile.zip,src_982233d9cc25,src_982233d9cc25_20261003140407728_e3cd4a8a3355,2026-10-03T14:04:07.728Z,2026-10-03T14:04:09.656Z,NA,official_boundary
qc-prov-2017-2022-814,2017,2022,Chutes-de-la-Chaudière,TRUE,326.32341431566783,circonscriptions_electorales_2022_shapefile.zip,src_982233d9cc25,src_982233d9cc25_20261003140407728_e3cd4a8a3355,2026-10-03T14:04:07.728Z,2026-10-03T14:04:09.656Z,NA,official_boundary
qc-prov-2017-2022-126,2017,2022,Johnson,TRUE,1798.6676387006432,circonscriptions_electorales_2022_shapefile.zip,src_982233d9cc25,src_982233d9cc25_20261003140407728_e3cd4a8a3355,2026-10-03T14:04:07.728Z,2026-10-03T14:04:09.656Z,NA,official_boundary
qc-prov-2017-2022-232,2017,2022,La Prairie,TRUE,143.54134256526123,circonscriptions_electorales_2022_shapefile.zip,src_982233d9cc25,src_982233d9cc25_20261003140407728_e3cd4a8a3355,2026-10-03T14:04:07.728Z,2026-10-03T14:04:09.656Z,NA,official_boundary
qc-prov-2017-2022-676,2017,2022,Champlain,TRUE,1967.3513200913335,circonscriptions_electorales_2022_shapefile.zip,src_982233d9cc25,src_982233d9cc25_20261003140407728_e3cd4a8a3355,2026-10-03T14:04:07.728Z,2026-10-03T14:04:09.656Z,NA,official_boundary
qc-prov-2017-2022-714,2017,2022,Portneuf,TRUE,4142.7468315778715,circonscriptions_electorales_2022_shapefile.zip,src_982233d9cc25,src_982233d9cc25_20261003140407728_e3cd4a8a3355,2026-10-03T14:04:07.728Z,2026-10-03T14:04:09.656Z,NA,official_boundary
qc-prov-2017-2022-216,2017,2022,Huntingdon,TRUE,2271.2432873748244,circonscriptions_electorales_2022_shapefile.zip,src_982233d9cc25,src_982233d9cc25_20261003140407728_e3cd4a8a3355,2026-10-03T14:04:07.728Z,2026-10-03T14:04:09.656Z,NA,official_boundary
qc-prov-2017-2022-230,2017,2022,Sanguinet,TRUE,183.3071901811774,circonscriptions_electorales_2022_shapefile.zip,src_982233d9cc25,src_982233d9cc25_20261003140407728_e3cd4a8a3355,2026-10-03T14:04:07.728Z,2026-10-03T14:04:09.656Z,NA,official_boundary
qc-prov-2017-2022-620,2017,2022,Chapleau,TRUE,39.78573477230755,circonscriptions_electorales_2022_shapefile.zip,src_982233d9cc25,src_982233d9cc25_20261003140407728_e3cd4a8a3355,2026-10-03T14:04:07.728Z,2026-10-03T14:04:09.656Z,NA,official_boundary
qc-prov-2017-2022-566,2017,2022,Berthier,TRUE,10381.80886267161,circonscriptions_electorales_2022_shapefile.zip,src_982233d9cc25,src_982233d9cc25_20261003140407728_e3cd4a8a3355,2026-10-03T14:04:07.728Z,2026-10-03T14:04:09.656Z,NA,official_boundary
qc-prov-2017-2022-822,2017,2022,Bellechasse,TRUE,3213.9353121819972,circonscriptions_electorales_2022_shapefile.zip,src_982233d9cc25,src_982233d9cc25_20261003140407728_e3cd4a8a3355,2026-10-03T14:04:07.728Z,2026-10-03T14:04:09.656Z,NA,official_boundary
qc-prov-2017-2022-588,2017,2022,Bertrand,TRUE,2316.958213800092,circonscriptions_electorales_2022_shapefile.zip,src_982233d9cc25,src_982233d9cc25_20261003140407728_e3cd4a8a3355,2026-10-03T14:04:07.728Z,2026-10-03T14:04:09.656Z,NA,official_boundary
qc-prov-2017-2022-594,2017,2022,Labelle,TRUE,18121.334355849223,circonscriptions_electorales_2022_shapefile.zip,src_982233d9cc25,src_982233d9cc25_20261003140407728_e3cd4a8a3355,2026-10-03T14:04:07.728Z,2026-10-03T14:04:09.656Z,NA,official_boundary
qc-prov-2017-2022-570,2017,2022,Joliette,TRUE,424.44637848282247,circonscriptions_electorales_2022_shapefile.zip,src_982233d9cc25,src_982233d9cc25_20261003140407728_e3cd4a8a3355,2026-10-03T14:04:07.728Z,2026-10-03T14:04:09.656Z,NA,official_boundary
qc-prov-2017-2022-520,2017,2022,Argenteuil,TRUE,2045.8607845233894,circonscriptions_electorales_2022_shapefile.zip,src_982233d9cc25,src_982233d9cc25_20261003140407728_e3cd4a8a3355,2026-10-03T14:04:07.728Z,2026-10-03T14:04:09.656Z,NA,official_boundary
qc-prov-2017-2022-602,2017,2022,Hull,TRUE,53.95523539782514,circonscriptions_electorales_2022_shapefile.zip,src_982233d9cc25,src_982233d9cc25_20261003140407728_e3cd4a8a3355,2026-10-03T14:04:07.728Z,2026-10-03T14:04:09.656Z,NA,official_boundary
qc-prov-2017-2022-626,2017,2022,Papineau,TRUE,3655.8528797507715,circonscriptions_electorales_2022_shapefile.zip,src_982233d9cc25,src_982233d9cc25_20261003140407728_e3cd4a8a3355,2026-10-03T14:04:07.728Z,2026-10-03T14:04:09.656Z,NA,official_boundary
qc-prov-2017-2022-138,2017,2022,Drummond-Bois-Francs,TRUE,1839.0294566846476,circonscriptions_electorales_2022_shapefile.zip,src_982233d9cc25,src_982233d9cc25_20261003140407728_e3cd4a8a3355,2026-10-03T14:04:07.728Z,2026-10-03T14:04:09.656Z,NA,official_boundary
qc-prov-2017-2022-104,2017,2022,Mégantic,TRUE,5279.255517059155,circonscriptions_electorales_2022_shapefile.zip,src_982233d9cc25,src_982233d9cc25_20261003140407728_e3cd4a8a3355,2026-10-03T14:04:07.728Z,2026-10-03T14:04:09.656Z,NA,official_boundary
qc-prov-2017-2022-132,2017,2022,Richmond,TRUE,1981.84575229334,circonscriptions_electorales_2022_shapefile.zip,src_982233d9cc25,src_982233d9cc25_20261003140407728_e3cd4a8a3355,2026-10-03T14:04:07.728Z,2026-10-03T14:04:09.656Z,NA,official_boundary
qc-prov-2017-2022-608,2017,2022,Pontiac,TRUE,14721.508018140476,circonscriptions_electorales_2022_shapefile.zip,src_982233d9cc25,src_982233d9cc25_20261003140407728_e3cd4a8a3355,2026-10-03T14:04:07.728Z,2026-10-03T14:04:09.656Z,NA,official_boundary
qc-prov-2017-2022-614,2017,2022,Gatineau,TRUE,15606.338324031396,circonscriptions_electorales_2022_shapefile.zip,src_982233d9cc25,src_982233d9cc25_20261003140407728_e3cd4a8a3355,2026-10-03T14:04:07.728Z,2026-10-03T14:04:09.656Z,NA,official_boundary
qc-prov-2017-2022-256,2017,2022,Verchères,TRUE,405.35659818693335,circonscriptions_electorales_2022_shapefile.zip,src_982233d9cc25,src_982233d9cc25_20261003140407728_e3cd4a8a3355,2026-10-03T14:04:07.728Z,2026-10-03T14:04:09.656Z,NA,official_boundary
qc-prov-2017-2022-560,2017,2022,Repentigny,TRUE,87.25854114308487,circonscriptions_electorales_2022_shapefile.zip,src_982233d9cc25,src_982233d9cc25_20261003140407728_e3cd4a8a3355,2026-10-03T14:04:07.728Z,2026-10-03T14:04:09.656Z,NA,official_boundary
qc-prov-2017-2022-554,2017,2022,L'Assomption,TRUE,198.22922438014263,circonscriptions_electorales_2022_shapefile.zip,src_982233d9cc25,src_982233d9cc25_20261003140407728_e3cd4a8a3355,2026-10-03T14:04:07.728Z,2026-10-03T14:04:09.656Z,NA,official_boundary
qc-prov-2017-2022-838,2017,2022,Rimouski,TRUE,3733.225891100009,circonscriptions_electorales_2022_shapefile.zip,src_982233d9cc25,src_982233d9cc25_20261003140407728_e3cd4a8a3355,2026-10-03T14:04:07.728Z,2026-10-03T14:04:09.656Z,NA,official_boundary
qc-prov-2017-2022-834,2017,2022,Rivière-du-Loup-Témiscouata,TRUE,7417.313562666543,circonscriptions_electorales_2022_shapefile.zip,src_982233d9cc25,src_982233d9cc25_20261003140407728_e3cd4a8a3355,2026-10-03T14:04:07.728Z,2026-10-03T14:04:09.656Z,NA,official_boundary
qc-prov-2017-2022-238,2017,2022,Chambly,TRUE,211.91711492655708,circonscriptions_electorales_2022_shapefile.zip,src_982233d9cc25,src_982233d9cc25_20261003140407728_e3cd4a8a3355,2026-10-03T14:04:07.728Z,2026-10-03T14:04:09.656Z,NA,official_boundary
qc-prov-2017-2022-252,2017,2022,Montarville,TRUE,124.14565272255112,circonscriptions_electorales_2022_shapefile.zip,src_982233d9cc25,src_982233d9cc25_20261003140407728_e3cd4a8a3355,2026-10-03T14:04:07.728Z,2026-10-03T14:04:09.656Z,NA,official_boundary
qc-prov-2017-2017-360,2017,2017,Bourassa-Sauvé,TRUE,11.381800904100214,circonscriptions_electorales_2017_shapefile.zip,src_038f7589e400,src_038f7589e400_20261003140411715_98f8b968f5bd,2026-10-03T14:04:11.715Z,2026-10-03T14:04:14.796Z,NA,official_boundary
qc-prov-2017-2017-918,2017,2017,Chicoutimi,TRUE,173.45090898738343,circonscriptions_electorales_2017_shapefile.zip,src_038f7589e400,src_038f7589e400_20261003140411715_98f8b968f5bd,2026-10-03T14:04:11.715Z,2026-10-03T14:04:14.796Z,NA,official_boundary
qc-prov-2017-2017-648,2017,2017,Abitibi-Est,TRUE,29288.213914619053,circonscriptions_electorales_2017_shapefile.zip,src_038f7589e400,src_038f7589e400_20261003140411715_98f8b968f5bd,2026-10-03T14:04:11.715Z,2026-10-03T14:04:14.796Z,NA,official_boundary
qc-prov-2017-2017-212,2017,2017,Saint-Jean,TRUE,244.18755797519282,circonscriptions_electorales_2017_shapefile.zip,src_038f7589e400,src_038f7589e400_20261003140411715_98f8b968f5bd,2026-10-03T14:04:11.715Z,2026-10-03T14:04:14.796Z,NA,official_boundary
qc-prov-2017-2017-720,2017,2017,La Peltrie,TRUE,775.8714432049969,circonscriptions_electorales_2017_shapefile.zip,src_038f7589e400,src_038f7589e400_20261003140411715_98f8b968f5bd,2026-10-03T14:04:11.715Z,2026-10-03T14:04:14.796Z,NA,official_boundary
qc-prov-2017-2017-238,2017,2017,Chambly,TRUE,212.15915010636664,circonscriptions_electorales_2017_shapefile.zip,src_038f7589e400,src_038f7589e400_20261003140411715_98f8b968f5bd,2026-10-03T14:04:11.715Z,2026-10-03T14:04:14.796Z,NA,official_boundary
qc-prov-2017-2017-542,2017,2017,Terrebonne,TRUE,88.85959280468764,circonscriptions_electorales_2017_shapefile.zip,src_038f7589e400,src_038f7589e400_20261003140411715_98f8b968f5bd,2026-10-03T14:04:11.715Z,2026-10-03T14:04:14.796Z,NA,official_boundary
qc-prov-2017-2017-470,2017,2017,Sainte-Rose,TRUE,41.28554400612149,circonscriptions_electorales_2017_shapefile.zip,src_038f7589e400,src_038f7589e400_20261003140411715_98f8b968f5bd,2026-10-03T14:04:11.715Z,2026-10-03T14:04:14.796Z,NA,official_boundary
qc-prov-2017-2017-842,2017,2017,Matane-Matapédia,TRUE,14186.782238604339,circonscriptions_electorales_2017_shapefile.zip,src_038f7589e400,src_038f7589e400_20261003140411715_98f8b968f5bd,2026-10-03T14:04:11.715Z,2026-10-03T14:04:14.796Z,NA,official_boundary
qc-prov-2017-2017-340,2017,2017,Maurice-Richard,TRUE,11.68689976357683,circonscriptions_electorales_2017_shapefile.zip,src_038f7589e400,src_038f7589e400_20261003140411715_98f8b968f5bd,2026-10-03T14:04:11.715Z,2026-10-03T14:04:14.796Z,NA,official_boundary
qc-prov-2017-2017-364,2017,2017,Jeanne-Mance-Viger,TRUE,13.51525826947674,circonscriptions_electorales_2017_shapefile.zip,src_038f7589e400,src_038f7589e400_20261003140411715_98f8b968f5bd,2026-10-03T14:04:11.715Z,2026-10-03T14:04:14.796Z,NA,official_boundary
qc-prov-2017-2017-370,2017,2017,Bourget,TRUE,19.423497685227254,circonscriptions_electorales_2017_shapefile.zip,src_038f7589e400,src_038f7589e400_20261003140411715_98f8b968f5bd,2026-10-03T14:04:11.715Z,2026-10-03T14:04:14.796Z,NA,official_boundary
qc-prov-2017-2017-366,2017,2017,Anjou-Louis-Riel,TRUE,17.55333203079349,circonscriptions_electorales_2017_shapefile.zip,src_038f7589e400,src_038f7589e400_20261003140411715_98f8b968f5bd,2026-10-03T14:04:11.715Z,2026-10-03T14:04:14.796Z,NA,official_boundary
qc-prov-2017-2017-332,2017,2017,Westmount-Saint-Louis,TRUE,11.809758825032747,circonscriptions_electorales_2017_shapefile.zip,src_038f7589e400,src_038f7589e400_20261003140411715_98f8b968f5bd,2026-10-03T14:04:11.715Z,2026-10-03T14:04:14.796Z,NA,official_boundary
qc-prov-2017-2017-338,2017,2017,Acadie,TRUE,14.919465793417858,circonscriptions_electorales_2017_shapefile.zip,src_038f7589e400,src_038f7589e400_20261003140411715_98f8b968f5bd,2026-10-03T14:04:11.715Z,2026-10-03T14:04:14.796Z,NA,official_boundary
qc-prov-2017-2017-350,2017,2017,Mercier,TRUE,5.417100818776729,circonscriptions_electorales_2017_shapefile.zip,src_038f7589e400,src_038f7589e400_20261003140411715_98f8b968f5bd,2026-10-03T14:04:11.715Z,2026-10-03T14:04:14.796Z,NA,official_boundary
qc-prov-2017-2017-938,2017,2017,Ungava,TRUE,859457.635425434,circonscriptions_electorales_2017_shapefile.zip,src_038f7589e400,src_038f7589e400_20261003140411715_98f8b968f5bd,2026-10-03T14:04:11.715Z,2026-10-03T14:04:14.796Z,NA,official_boundary
qc-prov-2017-2017-482,2017,2017,Mille-Îles,TRUE,86.95889071225795,circonscriptions_electorales_2017_shapefile.zip,src_038f7589e400,src_038f7589e400_20261003140411715_98f8b968f5bd,2026-10-03T14:04:11.715Z,2026-10-03T14:04:14.796Z,NA,official_boundary
qc-prov-2017-2017-814,2017,2017,Chutes-de-la-Chaudière,TRUE,326.3234156357362,circonscriptions_electorales_2017_shapefile.zip,src_038f7589e400,src_038f7589e400_20261003140411715_98f8b968f5bd,2026-10-03T14:04:11.715Z,2026-10-03T14:04:14.796Z,NA,official_boundary
qc-prov-2017-2017-602,2017,2017,Hull,TRUE,53.95722022999372,circonscriptions_electorales_2017_shapefile.zip,src_038f7589e400,src_038f7589e400_20261003140411715_98f8b968f5bd,2026-10-03T14:04:11.715Z,2026-10-03T14:04:14.796Z,NA,official_boundary
qc-prov-2017-2017-502,2017,2017,Groulx,TRUE,51.08254458081885,circonscriptions_electorales_2017_shapefile.zip,src_038f7589e400,src_038f7589e400_20261003140411715_98f8b968f5bd,2026-10-03T14:04:11.715Z,2026-10-03T14:04:14.796Z,NA,official_boundary
qc-prov-2017-2017-702,2017,2017,Jean-Talon,TRUE,34.62019579058193,circonscriptions_electorales_2017_shapefile.zip,src_038f7589e400,src_038f7589e400_20261003140411715_98f8b968f5bd,2026-10-03T14:04:11.715Z,2026-10-03T14:04:14.796Z,NA,official_boundary
qc-prov-2017-2017-560,2017,2017,Repentigny,TRUE,87.54187258430038,circonscriptions_electorales_2017_shapefile.zip,src_038f7589e400,src_038f7589e400_20261003140411715_98f8b968f5bd,2026-10-03T14:04:11.715Z,2026-10-03T14:04:14.796Z,NA,official_boundary
qc-prov-2017-2017-742,2017,2017,Montmorency,TRUE,184.9870722875501,circonscriptions_electorales_2017_shapefile.zip,src_038f7589e400,src_038f7589e400_20261003140411715_98f8b968f5bd,2026-10-03T14:04:11.715Z,2026-10-03T14:04:14.796Z,NA,official_boundary
qc-prov-2017-2017-206,2017,2017,Granby,TRUE,155.44284126379247,circonscriptions_electorales_2017_shapefile.zip,src_038f7589e400,src_038f7589e400_20261003140411715_98f8b968f5bd,2026-10-03T14:04:11.715Z,2026-10-03T14:04:14.796Z,NA,official_boundary
qc-prov-2017-2017-636,2017,2017,Rouyn-Noranda-Témiscamingue,TRUE,23810.336426231654,circonscriptions_electorales_2017_shapefile.zip,src_038f7589e400,src_038f7589e400_20261003140411715_98f8b968f5bd,2026-10-03T14:04:11.715Z,2026-10-03T14:04:14.796Z,NA,official_boundary
qc-prov-2017-2017-526,2017,2017,Saint-Jérôme,TRUE,92.48162638965123,circonscriptions_electorales_2017_shapefile.zip,src_038f7589e400,src_038f7589e400_20261003140411715_98f8b968f5bd,2026-10-03T14:04:11.715Z,2026-10-03T14:04:14.796Z,NA,official_boundary
qc-prov-2017-2017-144,2017,2017,Arthabaska,TRUE,1886.148313323948,circonscriptions_electorales_2017_shapefile.zip,src_038f7589e400,src_038f7589e400_20261003140411715_98f8b968f5bd,2026-10-03T14:04:11.715Z,2026-10-03T14:04:14.796Z,NA,official_boundary
qc-prov-2017-2017-256,2017,2017,Verchères,TRUE,405.38131796751196,circonscriptions_electorales_2017_shapefile.zip,src_038f7589e400,src_038f7589e400_20261003140411715_98f8b968f5bd,2026-10-03T14:04:11.715Z,2026-10-03T14:04:14.796Z,NA,official_boundary
qc-prov-2017-2017-930,2017,2017,Roberval,TRUE,41064.028460153306,circonscriptions_electorales_2017_shapefile.zip,src_038f7589e400,src_038f7589e400_20261003140411715_98f8b968f5bd,2026-10-03T14:04:11.715Z,2026-10-03T14:04:14.796Z,NA,official_boundary
qc-prov-2017-2017-834,2017,2017,Rivière-du-Loup-Témiscouata,TRUE,7417.312373467568,circonscriptions_electorales_2017_shapefile.zip,src_038f7589e400,src_038f7589e400_20261003140411715_98f8b968f5bd,2026-10-03T14:04:11.715Z,2026-10-03T14:04:14.796Z,NA,official_boundary
qc-prov-2017-2017-220,2017,2017,Soulanges,TRUE,833.7536753388766,circonscriptions_electorales_2017_shapefile.zip,src_038f7589e400,src_038f7589e400_20261003140411715_98f8b968f5bd,2026-10-03T14:04:11.715Z,2026-10-03T14:04:14.796Z,NA,official_boundary
qc-prov-2017-2017-730,2017,2017,Taschereau,TRUE,16.50278511460727,circonscriptions_electorales_2017_shapefile.zip,src_038f7589e400,src_038f7589e400_20261003140411715_98f8b968f5bd,2026-10-03T14:04:11.715Z,2026-10-03T14:04:14.796Z,NA,official_boundary
qc-prov-2017-2017-252,2017,2017,Montarville,TRUE,124.12344803537155,circonscriptions_electorales_2017_shapefile.zip,src_038f7589e400,src_038f7589e400_20261003140411715_98f8b968f5bd,2026-10-03T14:04:11.715Z,2026-10-03T14:04:14.796Z,NA,official_boundary
qc-prov-2017-2017-536,2017,2017,Blainville,TRUE,66.62854308364163,circonscriptions_electorales_2017_shapefile.zip,src_038f7589e400,src_038f7589e400_20261003140411715_98f8b968f5bd,2026-10-03T14:04:11.715Z,2026-10-03T14:04:14.796Z,NA,official_boundary
qc-prov-2017-2017-460,2017,2017,Chomedey,TRUE,21.761378201170945,circonscriptions_electorales_2017_shapefile.zip,src_038f7589e400,src_038f7589e400_20261003140411715_98f8b968f5bd,2026-10-03T14:04:11.715Z,2026-10-03T14:04:14.796Z,NA,official_boundary
qc-prov-2017-2017-748,2017,2017,Charlesbourg,TRUE,34.36690974457061,circonscriptions_electorales_2017_shapefile.zip,src_038f7589e400,src_038f7589e400_20261003140411715_98f8b968f5bd,2026-10-03T14:04:11.715Z,2026-10-03T14:04:14.796Z,NA,official_boundary
qc-prov-2017-2017-854,2017,2017,Gaspé,TRUE,33233.39750978668,circonscriptions_electorales_2017_shapefile.zip,src_038f7589e400,src_038f7589e400_20261003140411715_98f8b968f5bd,2026-10-03T14:04:11.715Z,2026-10-03T14:04:14.796Z,NA,official_boundary
qc-prov-2017-2017-260,2017,2017,Saint-Hyacinthe,TRUE,835.0906024996517,circonscriptions_electorales_2017_shapefile.zip,src_038f7589e400,src_038f7589e400_20261003140411715_98f8b968f5bd,2026-10-03T14:04:11.715Z,2026-10-03T14:04:14.796Z,NA,official_boundary
qc-prov-2017-2017-264,2017,2017,Richelieu,TRUE,882.8751130176917,circonscriptions_electorales_2017_shapefile.zip,src_038f7589e400,src_038f7589e400_20261003140411715_98f8b968f5bd,2026-10-03T14:04:11.715Z,2026-10-03T14:04:14.796Z,NA,official_boundary
qc-prov-2017-2017-850,2017,2017,Bonaventure,TRUE,10926.916713500175,circonscriptions_electorales_2017_shapefile.zip,src_038f7589e400,src_038f7589e400_20261003140411715_98f8b968f5bd,2026-10-03T14:04:11.715Z,2026-10-03T14:04:14.796Z,NA,official_boundary
qc-prov-2017-2017-230,2017,2017,Sanguinet,TRUE,183.2473923291247,circonscriptions_electorales_2017_shapefile.zip,src_038f7589e400,src_038f7589e400_20261003140411715_98f8b968f5bd,2026-10-03T14:04:11.715Z,2026-10-03T14:04:14.796Z,NA,official_boundary
qc-prov-2017-2017-810,2017,2017,Lotbinière-Frontenac,TRUE,3326.4370188715257,circonscriptions_electorales_2017_shapefile.zip,src_038f7589e400,src_038f7589e400_20261003140411715_98f8b968f5bd,2026-10-03T14:04:11.715Z,2026-10-03T14:04:14.796Z,NA,official_boundary
qc-prov-2017-2017-588,2017,2017,Bertrand,TRUE,2316.9193403519407,circonscriptions_electorales_2017_shapefile.zip,src_038f7589e400,src_038f7589e400_20261003140411715_98f8b968f5bd,2026-10-03T14:04:11.715Z,2026-10-03T14:04:14.796Z,NA,official_boundary
qc-prov-2017-2017-352,2017,2017,Hochelaga-Maisonneuve,TRUE,9.869763079396355,circonscriptions_electorales_2017_shapefile.zip,src_038f7589e400,src_038f7589e400_20261003140411715_98f8b968f5bd,2026-10-03T14:04:11.715Z,2026-10-03T14:04:14.796Z,NA,official_boundary
qc-prov-2017-2017-250,2017,2017,Taillon,TRUE,34.748496455825645,circonscriptions_electorales_2017_shapefile.zip,src_038f7589e400,src_038f7589e400_20261003140411715_98f8b968f5bd,2026-10-03T14:04:11.715Z,2026-10-03T14:04:14.796Z,NA,official_boundary
qc-prov-2017-2017-906,2017,2017,René-Lévesque,TRUE,57950.01018840397,circonscriptions_electorales_2017_shapefile.zip,src_038f7589e400,src_038f7589e400_20261003140411715_98f8b968f5bd,2026-10-03T14:04:11.715Z,2026-10-03T14:04:14.796Z,NA,official_boundary
qc-prov-2017-2017-240,2017,2017,Vachon,TRUE,62.01660438983565,circonscriptions_electorales_2017_shapefile.zip,src_038f7589e400,src_038f7589e400_20261003140411715_98f8b968f5bd,2026-10-03T14:04:11.715Z,2026-10-03T14:04:14.796Z,NA,official_boundary
qc-prov-2017-2017-520,2017,2017,Argenteuil,TRUE,2045.8055011439337,circonscriptions_electorales_2017_shapefile.zip,src_038f7589e400,src_038f7589e400_20261003140411715_98f8b968f5bd,2026-10-03T14:04:11.715Z,2026-10-03T14:04:14.796Z,NA,official_boundary
qc-prov-2017-2017-300,2017,2017,Verdun,TRUE,22.63497893260877,circonscriptions_electorales_2017_shapefile.zip,src_038f7589e400,src_038f7589e400_20261003140411715_98f8b968f5bd,2026-10-03T14:04:11.715Z,2026-10-03T14:04:14.796Z,NA,official_boundary
qc-prov-2017-2017-232,2017,2017,La Prairie,TRUE,143.50980416550385,circonscriptions_electorales_2017_shapefile.zip,src_038f7589e400,src_038f7589e400_20261003140411715_98f8b968f5bd,2026-10-03T14:04:11.715Z,2026-10-03T14:04:14.796Z,NA,official_boundary
qc-prov-2017-2017-246,2017,2017,Marie-Victorin,TRUE,15.756499407295745,circonscriptions_electorales_2017_shapefile.zip,src_038f7589e400,src_038f7589e400_20261003140411715_98f8b968f5bd,2026-10-03T14:04:11.715Z,2026-10-03T14:04:14.796Z,NA,official_boundary
qc-prov-2017-2017-508,2017,2017,Deux-Montagnes,TRUE,79.74740267571111,circonscriptions_electorales_2017_shapefile.zip,src_038f7589e400,src_038f7589e400_20261003140411715_98f8b968f5bd,2026-10-03T14:04:11.715Z,2026-10-03T14:04:14.796Z,NA,official_boundary
qc-prov-2017-2017-838,2017,2017,Rimouski,TRUE,3733.2257762784157,circonscriptions_electorales_2017_shapefile.zip,src_038f7589e400,src_038f7589e400_20261003140411715_98f8b968f5bd,2026-10-03T14:04:11.715Z,2026-10-03T14:04:14.796Z,NA,official_boundary
qc-prov-2017-2017-380,2017,2017,Pointe-aux-Trembles,TRUE,37.30080004941787,circonscriptions_electorales_2017_shapefile.zip,src_038f7589e400,src_038f7589e400_20261003140411715_98f8b968f5bd,2026-10-03T14:04:11.715Z,2026-10-03T14:04:14.796Z,NA,official_boundary
qc-prov-2017-2017-576,2017,2017,Rousseau,TRUE,715.9494031272383,circonscriptions_electorales_2017_shapefile.zip,src_038f7589e400,src_038f7589e400_20261003140411715_98f8b968f5bd,2026-10-03T14:04:11.715Z,2026-10-03T14:04:14.796Z,NA,official_boundary
qc-prov-2017-2017-714,2017,2017,Portneuf,TRUE,4141.971093258719,circonscriptions_electorales_2017_shapefile.zip,src_038f7589e400,src_038f7589e400_20261003140411715_98f8b968f5bd,2026-10-03T14:04:11.715Z,2026-10-03T14:04:14.796Z,NA,official_boundary
qc-prov-2017-2017-826,2017,2017,Côte-du-Sud,TRUE,7585.0581363643905,circonscriptions_electorales_2017_shapefile.zip,src_038f7589e400,src_038f7589e400_20261003140411715_98f8b968f5bd,2026-10-03T14:04:11.715Z,2026-10-03T14:04:14.796Z,NA,official_boundary
qc-prov-2017-2017-614,2017,2017,Gatineau,TRUE,15606.41895805508,circonscriptions_electorales_2017_shapefile.zip,src_038f7589e400,src_038f7589e400_20261003140411715_98f8b968f5bd,2026-10-03T14:04:11.715Z,2026-10-03T14:04:14.796Z,NA,official_boundary
qc-prov-2017-2017-466,2017,2017,Fabre,TRUE,46.199026074320706,circonscriptions_electorales_2017_shapefile.zip,src_038f7589e400,src_038f7589e400_20261003140411715_98f8b968f5bd,2026-10-03T14:04:11.715Z,2026-10-03T14:04:14.796Z,NA,official_boundary
qc-prov-2017-2017-356,2017,2017,Rosemont,TRUE,9.734509008034356,circonscriptions_electorales_2017_shapefile.zip,src_038f7589e400,src_038f7589e400_20261003140411715_98f8b968f5bd,2026-10-03T14:04:11.715Z,2026-10-03T14:04:14.796Z,NA,official_boundary
qc-prov-2017-2017-344,2017,2017,Laurier-Dorion,TRUE,6.205958050709339,circonscriptions_electorales_2017_shapefile.zip,src_038f7589e400,src_038f7589e400_20261003140411715_98f8b968f5bd,2026-10-03T14:04:11.715Z,2026-10-03T14:04:14.796Z,NA,official_boundary
qc-prov-2017-2017-818,2017,2017,Lévis,TRUE,76.42547165178387,circonscriptions_electorales_2017_shapefile.zip,src_038f7589e400,src_038f7589e400_20261003140411715_98f8b968f5bd,2026-10-03T14:04:11.715Z,2026-10-03T14:04:14.796Z,NA,official_boundary
qc-prov-2017-2017-224,2017,2017,Vaudreuil,TRUE,189.29266277415684,circonscriptions_electorales_2017_shapefile.zip,src_038f7589e400,src_038f7589e400_20261003140411715_98f8b968f5bd,2026-10-03T14:04:11.715Z,2026-10-03T14:04:14.796Z,NA,official_boundary
qc-prov-2017-2017-346,2017,2017,Gouin,TRUE,5.765577465179882,circonscriptions_electorales_2017_shapefile.zip,src_038f7589e400,src_038f7589e400_20261003140411715_98f8b968f5bd,2026-10-03T14:04:11.715Z,2026-10-03T14:04:14.796Z,NA,official_boundary
qc-prov-2017-2017-358,2017,2017,Viau,TRUE,10.283083936224887,circonscriptions_electorales_2017_shapefile.zip,src_038f7589e400,src_038f7589e400_20261003140411715_98f8b968f5bd,2026-10-03T14:04:11.715Z,2026-10-03T14:04:14.796Z,NA,official_boundary
qc-prov-2017-2017-666,2017,2017,Maskinongé,TRUE,2778.992666853312,circonscriptions_electorales_2017_shapefile.zip,src_038f7589e400,src_038f7589e400_20261003140411715_98f8b968f5bd,2026-10-03T14:04:11.715Z,2026-10-03T14:04:14.796Z,NA,official_boundary
qc-prov-2017-2017-566,2017,2017,Berthier,TRUE,10381.831056777934,circonscriptions_electorales_2017_shapefile.zip,src_038f7589e400,src_038f7589e400_20261003140411715_98f8b968f5bd,2026-10-03T14:04:11.715Z,2026-10-03T14:04:14.796Z,NA,official_boundary
qc-prov-2017-2017-110,2017,2017,Saint-François,TRUE,1501.3251762773364,circonscriptions_electorales_2017_shapefile.zip,src_038f7589e400,src_038f7589e400_20261003140411715_98f8b968f5bd,2026-10-03T14:04:11.715Z,2026-10-03T14:04:14.796Z,NA,official_boundary
qc-prov-2017-2017-120,2017,2017,Orford,TRUE,1584.1939020803827,circonscriptions_electorales_2017_shapefile.zip,src_038f7589e400,src_038f7589e400_20261003140411715_98f8b968f5bd,2026-10-03T14:04:11.715Z,2026-10-03T14:04:14.796Z,NA,official_boundary
qc-prov-2017-2017-218,2017,2017,Beauharnois,TRUE,429.32980645313074,circonscriptions_electorales_2017_shapefile.zip,src_038f7589e400,src_038f7589e400_20261003140411715_98f8b968f5bd,2026-10-03T14:04:11.715Z,2026-10-03T14:04:14.796Z,NA,official_boundary
qc-prov-2017-2017-902,2017,2017,Duplessis,TRUE,323852.80792739167,circonscriptions_electorales_2017_shapefile.zip,src_038f7589e400,src_038f7589e400_20261003140411715_98f8b968f5bd,2026-10-03T14:04:11.715Z,2026-10-03T14:04:14.796Z,NA,official_boundary
qc-prov-2017-2017-708,2017,2017,Louis-Hébert,TRUE,172.90821988687665,circonscriptions_electorales_2017_shapefile.zip,src_038f7589e400,src_038f7589e400_20261003140411715_98f8b968f5bd,2026-10-03T14:04:11.715Z,2026-10-03T14:04:14.796Z,NA,official_boundary
qc-prov-2017-2017-670,2017,2017,Laviolette-Saint-Maurice,TRUE,35112.14155940703,circonscriptions_electorales_2017_shapefile.zip,src_038f7589e400,src_038f7589e400_20261003140411715_98f8b968f5bd,2026-10-03T14:04:11.715Z,2026-10-03T14:04:14.796Z,NA,official_boundary
qc-prov-2017-2017-126,2017,2017,Johnson,TRUE,1798.5799975583093,circonscriptions_electorales_2017_shapefile.zip,src_038f7589e400,src_038f7589e400_20261003140411715_98f8b968f5bd,2026-10-03T14:04:11.715Z,2026-10-03T14:04:14.796Z,NA,official_boundary
qc-prov-2017-2017-642,2017,2017,Abitibi-Ouest,TRUE,11563.652392248678,circonscriptions_electorales_2017_shapefile.zip,src_038f7589e400,src_038f7589e400_20261003140411715_98f8b968f5bd,2026-10-03T14:04:11.715Z,2026-10-03T14:04:14.796Z,NA,official_boundary
qc-prov-2017-2017-802,2017,2017,Beauce-Sud,TRUE,3010.563487231187,circonscriptions_electorales_2017_shapefile.zip,src_038f7589e400,src_038f7589e400_20261003140411715_98f8b968f5bd,2026-10-03T14:04:11.715Z,2026-10-03T14:04:14.796Z,NA,official_boundary
qc-prov-2017-2017-554,2017,2017,L'Assomption,TRUE,197.94710139390605,circonscriptions_electorales_2017_shapefile.zip,src_038f7589e400,src_038f7589e400_20261003140411715_98f8b968f5bd,2026-10-03T14:04:11.715Z,2026-10-03T14:04:14.796Z,NA,official_boundary
qc-prov-2017-2017-858,2017,2017,Îles-de-la-Madeleine,TRUE,34022.90774305388,circonscriptions_electorales_2017_shapefile.zip,src_038f7589e400,src_038f7589e400_20261003140411715_98f8b968f5bd,2026-10-03T14:04:11.715Z,2026-10-03T14:04:14.796Z,NA,official_boundary
qc-prov-2017-2017-476,2017,2017,Vimont,TRUE,45.00927543711138,circonscriptions_electorales_2017_shapefile.zip,src_038f7589e400,src_038f7589e400_20261003140411715_98f8b968f5bd,2026-10-03T14:04:11.715Z,2026-10-03T14:04:14.796Z,NA,official_boundary
qc-prov-2017-2017-132,2017,2017,Richmond,TRUE,1981.466711119878,circonscriptions_electorales_2017_shapefile.zip,src_038f7589e400,src_038f7589e400_20261003140411715_98f8b968f5bd,2026-10-03T14:04:11.715Z,2026-10-03T14:04:14.796Z,NA,official_boundary
qc-prov-2017-2017-660,2017,2017,Trois-Rivières,TRUE,69.31521326733585,circonscriptions_electorales_2017_shapefile.zip,src_038f7589e400,src_038f7589e400_20261003140411715_98f8b968f5bd,2026-10-03T14:04:11.715Z,2026-10-03T14:04:14.796Z,NA,official_boundary
qc-prov-2017-2017-608,2017,2017,Pontiac,TRUE,14721.423334042576,circonscriptions_electorales_2017_shapefile.zip,src_038f7589e400,src_038f7589e400_20261003140411715_98f8b968f5bd,2026-10-03T14:04:11.715Z,2026-10-03T14:04:14.796Z,NA,official_boundary
qc-prov-2017-2017-330,2017,2017,Sainte-Marie-Saint-Jacques,TRUE,15.296474147855342,circonscriptions_electorales_2017_shapefile.zip,src_038f7589e400,src_038f7589e400_20261003140411715_98f8b968f5bd,2026-10-03T14:04:11.715Z,2026-10-03T14:04:14.796Z,NA,official_boundary
qc-prov-2017-2017-318,2017,2017,Saint-Laurent,TRUE,44.69458931644141,circonscriptions_electorales_2017_shapefile.zip,src_038f7589e400,src_038f7589e400_20261003140411715_98f8b968f5bd,2026-10-03T14:04:11.715Z,2026-10-03T14:04:14.796Z,NA,official_boundary
qc-prov-2017-2017-726,2017,2017,Vanier-Les Rivières,TRUE,49.1329355084638,circonscriptions_electorales_2017_shapefile.zip,src_038f7589e400,src_038f7589e400_20261003140411715_98f8b968f5bd,2026-10-03T14:04:11.715Z,2026-10-03T14:04:14.796Z,NA,official_boundary
qc-prov-2017-2017-530,2017,2017,Les Plaines,TRUE,195.7281104587778,circonscriptions_electorales_2017_shapefile.zip,src_038f7589e400,src_038f7589e400_20261003140411715_98f8b968f5bd,2026-10-03T14:04:11.715Z,2026-10-03T14:04:14.796Z,NA,official_boundary
qc-prov-2017-2017-548,2017,2017,Masson,TRUE,137.21026394987146,circonscriptions_electorales_2017_shapefile.zip,src_038f7589e400,src_038f7589e400_20261003140411715_98f8b968f5bd,2026-10-03T14:04:11.715Z,2026-10-03T14:04:14.796Z,NA,official_boundary
qc-prov-2017-2017-116,2017,2017,Sherbrooke,TRUE,58.84551702896488,circonscriptions_electorales_2017_shapefile.zip,src_038f7589e400,src_038f7589e400_20261003140411715_98f8b968f5bd,2026-10-03T14:04:11.715Z,2026-10-03T14:04:14.796Z,NA,official_boundary
qc-prov-2017-2017-258,2017,2017,Borduas,TRUE,529.9059804133798,circonscriptions_electorales_2017_shapefile.zip,src_038f7589e400,src_038f7589e400_20261003140411715_98f8b968f5bd,2026-10-03T14:04:11.715Z,2026-10-03T14:04:14.796Z,NA,official_boundary
qc-prov-2017-2017-324,2017,2017,Notre-Dame-de-Grâce,TRUE,10.009438022648732,circonscriptions_electorales_2017_shapefile.zip,src_038f7589e400,src_038f7589e400_20261003140411715_98f8b968f5bd,2026-10-03T14:04:11.715Z,2026-10-03T14:04:14.796Z,NA,official_boundary
qc-prov-2017-2017-390,2017,2017,LaFontaine,TRUE,27.99863753576238,circonscriptions_electorales_2017_shapefile.zip,src_038f7589e400,src_038f7589e400_20261003140411715_98f8b968f5bd,2026-10-03T14:04:11.715Z,2026-10-03T14:04:14.796Z,NA,official_boundary
qc-prov-2017-2017-582,2017,2017,Prévost,TRUE,381.38892736090696,circonscriptions_electorales_2017_shapefile.zip,src_038f7589e400,src_038f7589e400_20261003140411715_98f8b968f5bd,2026-10-03T14:04:11.715Z,2026-10-03T14:04:14.796Z,NA,official_boundary
qc-prov-2017-2017-104,2017,2017,Mégantic,TRUE,5279.230682469776,circonscriptions_electorales_2017_shapefile.zip,src_038f7589e400,src_038f7589e400_20261003140411715_98f8b968f5bd,2026-10-03T14:04:11.715Z,2026-10-03T14:04:14.796Z,NA,official_boundary
qc-prov-2017-2017-312,2017,2017,Nelligan,TRUE,70.4112698747679,circonscriptions_electorales_2017_shapefile.zip,src_038f7589e400,src_038f7589e400_20261003140411715_98f8b968f5bd,2026-10-03T14:04:11.715Z,2026-10-03T14:04:14.796Z,NA,official_boundary
qc-prov-2017-2017-822,2017,2017,Bellechasse,TRUE,3213.9491160659695,circonscriptions_electorales_2017_shapefile.zip,src_038f7589e400,src_038f7589e400_20261003140411715_98f8b968f5bd,2026-10-03T14:04:11.715Z,2026-10-03T14:04:14.796Z,NA,official_boundary
qc-prov-2017-2017-138,2017,2017,Drummond-Bois-Francs,TRUE,1839.362976943406,circonscriptions_electorales_2017_shapefile.zip,src_038f7589e400,src_038f7589e400_20261003140411715_98f8b968f5bd,2026-10-03T14:04:11.715Z,2026-10-03T14:04:14.796Z,NA,official_boundary
qc-prov-2017-2017-310,2017,2017,Jacques-Cartier,TRUE,96.87940133706967,circonscriptions_electorales_2017_shapefile.zip,src_038f7589e400,src_038f7589e400_20261003140411715_98f8b968f5bd,2026-10-03T14:04:11.715Z,2026-10-03T14:04:14.796Z,NA,official_boundary
qc-prov-2017-2017-304,2017,2017,Marguerite-Bourgeoys,TRUE,25.175714767588207,circonscriptions_electorales_2017_shapefile.zip,src_038f7589e400,src_038f7589e400_20261003140411715_98f8b968f5bd,2026-10-03T14:04:11.715Z,2026-10-03T14:04:14.796Z,NA,official_boundary
qc-prov-2017-2017-210,2017,2017,Iberville,TRUE,1028.3980262088423,circonscriptions_electorales_2017_shapefile.zip,src_038f7589e400,src_038f7589e400_20261003140411715_98f8b968f5bd,2026-10-03T14:04:11.715Z,2026-10-03T14:04:14.796Z,NA,official_boundary
qc-prov-2017-2017-626,2017,2017,Papineau,TRUE,3655.835696986306,circonscriptions_electorales_2017_shapefile.zip,src_038f7589e400,src_038f7589e400_20261003140411715_98f8b968f5bd,2026-10-03T14:04:11.715Z,2026-10-03T14:04:14.796Z,NA,official_boundary
qc-prov-2017-2017-620,2017,2017,Chapleau,TRUE,39.79255054244154,circonscriptions_electorales_2017_shapefile.zip,src_038f7589e400,src_038f7589e400_20261003140411715_98f8b968f5bd,2026-10-03T14:04:11.715Z,2026-10-03T14:04:14.796Z,NA,official_boundary
qc-prov-2017-2017-570,2017,2017,Joliette,TRUE,424.4172888024024,circonscriptions_electorales_2017_shapefile.zip,src_038f7589e400,src_038f7589e400_20261003140411715_98f8b968f5bd,2026-10-03T14:04:11.715Z,2026-10-03T14:04:14.796Z,NA,official_boundary
qc-prov-2017-2017-754,2017,2017,Chauveau,TRUE,2647.570670104397,circonscriptions_electorales_2017_shapefile.zip,src_038f7589e400,src_038f7589e400_20261003140411715_98f8b968f5bd,2026-10-03T14:04:11.715Z,2026-10-03T14:04:14.796Z,NA,official_boundary
qc-prov-2017-2017-514,2017,2017,Mirabel,TRUE,648.944994002729,circonscriptions_electorales_2017_shapefile.zip,src_038f7589e400,src_038f7589e400_20261003140411715_98f8b968f5bd,2026-10-03T14:04:11.715Z,2026-10-03T14:04:14.796Z,NA,official_boundary
qc-prov-2017-2017-760,2017,2017,Charlevoix-Côte-de-Beaupré,TRUE,12884.566740209732,circonscriptions_electorales_2017_shapefile.zip,src_038f7589e400,src_038f7589e400_20261003140411715_98f8b968f5bd,2026-10-03T14:04:11.715Z,2026-10-03T14:04:14.796Z,NA,official_boundary
qc-prov-2017-2017-306,2017,2017,Marquette,TRUE,51.83731915357555,circonscriptions_electorales_2017_shapefile.zip,src_038f7589e400,src_038f7589e400_20261003140411715_98f8b968f5bd,2026-10-03T14:04:11.715Z,2026-10-03T14:04:14.796Z,NA,official_boundary
qc-prov-2017-2017-326,2017,2017,Saint-Henri-Sainte-Anne,TRUE,17.710487053972706,circonscriptions_electorales_2017_shapefile.zip,src_038f7589e400,src_038f7589e400_20261003140411715_98f8b968f5bd,2026-10-03T14:04:11.715Z,2026-10-03T14:04:14.796Z,NA,official_boundary
qc-prov-2017-2017-336,2017,2017,Mont-Royal-Outremont,TRUE,20.101095193190798,circonscriptions_electorales_2017_shapefile.zip,src_038f7589e400,src_038f7589e400_20261003140411715_98f8b968f5bd,2026-10-03T14:04:11.715Z,2026-10-03T14:04:14.796Z,NA,official_boundary
qc-prov-2017-2017-320,2017,2017,D'Arcy-McGee,TRUE,12.751703780617811,circonscriptions_electorales_2017_shapefile.zip,src_038f7589e400,src_038f7589e400_20261003140411715_98f8b968f5bd,2026-10-03T14:04:11.715Z,2026-10-03T14:04:14.796Z,NA,official_boundary
qc-prov-2017-2017-914,2017,2017,Dubuc,TRUE,44620.81232616218,circonscriptions_electorales_2017_shapefile.zip,src_038f7589e400,src_038f7589e400_20261003140411715_98f8b968f5bd,2026-10-03T14:04:11.715Z,2026-10-03T14:04:14.796Z,NA,official_boundary
qc-prov-2017-2017-150,2017,2017,Nicolet-Bécancour,TRUE,2803.3575814408377,circonscriptions_electorales_2017_shapefile.zip,src_038f7589e400,src_038f7589e400_20261003140411715_98f8b968f5bd,2026-10-03T14:04:11.715Z,2026-10-03T14:04:14.796Z,NA,official_boundary
qc-prov-2017-2017-236,2017,2017,La Pinière,TRUE,47.218141928427464,circonscriptions_electorales_2017_shapefile.zip,src_038f7589e400,src_038f7589e400_20261003140411715_98f8b968f5bd,2026-10-03T14:04:11.715Z,2026-10-03T14:04:14.796Z,NA,official_boundary
qc-prov-2017-2017-736,2017,2017,Jean-Lesage,TRUE,21.092011006675254,circonscriptions_electorales_2017_shapefile.zip,src_038f7589e400,src_038f7589e400_20261003140411715_98f8b968f5bd,2026-10-03T14:04:11.715Z,2026-10-03T14:04:14.796Z,NA,official_boundary
qc-prov-2017-2017-676,2017,2017,Champlain,TRUE,1968.1602180840914,circonscriptions_electorales_2017_shapefile.zip,src_038f7589e400,src_038f7589e400_20261003140411715_98f8b968f5bd,2026-10-03T14:04:11.715Z,2026-10-03T14:04:14.796Z,NA,official_boundary
qc-prov-2017-2017-594,2017,2017,Labelle,TRUE,18121.38524713145,circonscriptions_electorales_2017_shapefile.zip,src_038f7589e400,src_038f7589e400_20261003140411715_98f8b968f5bd,2026-10-03T14:04:11.715Z,2026-10-03T14:04:14.796Z,NA,official_boundary
qc-prov-2017-2017-926,2017,2017,Lac-Saint-Jean,TRUE,20253.000680946272,circonscriptions_electorales_2017_shapefile.zip,src_038f7589e400,src_038f7589e400_20261003140411715_98f8b968f5bd,2026-10-03T14:04:11.715Z,2026-10-03T14:04:14.796Z,NA,official_boundary
qc-prov-2017-2017-806,2017,2017,Beauce-Nord,TRUE,1760.4981804786987,circonscriptions_electorales_2017_shapefile.zip,src_038f7589e400,src_038f7589e400_20261003140411715_98f8b968f5bd,2026-10-03T14:04:11.715Z,2026-10-03T14:04:14.796Z,NA,official_boundary
qc-prov-2017-2017-454,2017,2017,Laval-des-Rapides,TRUE,25.623688057054874,circonscriptions_electorales_2017_shapefile.zip,src_038f7589e400,src_038f7589e400_20261003140411715_98f8b968f5bd,2026-10-03T14:04:11.715Z,2026-10-03T14:04:14.796Z,NA,official_boundary
qc-prov-2017-2017-922,2017,2017,Jonquière,TRUE,411.01841891814496,circonscriptions_electorales_2017_shapefile.zip,src_038f7589e400,src_038f7589e400_20261003140411715_98f8b968f5bd,2026-10-03T14:04:11.715Z,2026-10-03T14:04:14.796Z,NA,official_boundary
qc-prov-2017-2017-316,2017,2017,Robert-Baldwin,TRUE,24.61612189715871,circonscriptions_electorales_2017_shapefile.zip,src_038f7589e400,src_038f7589e400_20261003140411715_98f8b968f5bd,2026-10-03T14:04:11.715Z,2026-10-03T14:04:14.796Z,NA,official_boundary
qc-prov-2017-2017-216,2017,2017,Huntingdon,TRUE,2270.992229816185,circonscriptions_electorales_2017_shapefile.zip,src_038f7589e400,src_038f7589e400_20261003140411715_98f8b968f5bd,2026-10-03T14:04:11.715Z,2026-10-03T14:04:14.796Z,NA,official_boundary
qc-prov-2017-2017-226,2017,2017,Châteauguay,TRUE,244.75723051058657,circonscriptions_electorales_2017_shapefile.zip,src_038f7589e400,src_038f7589e400_20261003140411715_98f8b968f5bd,2026-10-03T14:04:11.715Z,2026-10-03T14:04:14.796Z,NA,official_boundary
qc-prov-2017-2017-244,2017,2017,Laporte,TRUE,25.14186711904058,circonscriptions_electorales_2017_shapefile.zip,src_038f7589e400,src_038f7589e400_20261003140411715_98f8b968f5bd,2026-10-03T14:04:11.715Z,2026-10-03T14:04:14.796Z,NA,official_boundary
qc-prov-2017-2017-204,2017,2017,Brome-Missisquoi,TRUE,1888.9408596345768,circonscriptions_electorales_2017_shapefile.zip,src_038f7589e400,src_038f7589e400_20261003140411715_98f8b968f5bd,2026-10-03T14:04:11.715Z,2026-10-03T14:04:14.796Z,NA,official_boundary
