event_code,event_date,event_label,local_start,local_end,legal_article_source,election_id,event_id,time_zone,source_document_version,source_page,source_id,snapshot_id,observed_at,retrieved_at,source_updated_at,data_status
decree,2026-08-27,Prise du décret,NA,NA,128;131,qc-prov-2026-10-05-general,qc-prov-2026-10-05-general-decree,America/Toronto,DGE-5 (26-07) EG-JVS,1,src_68ba8c08b190,src_68ba8c08b190_20261003140416903_da34630e9bbd,2026-10-03T14:04:16.903Z,2026-10-03T14:04:20.957Z,NA,official_calendar_transcribed
candidacy_open,2026-08-27,Premier jour de dépôt de candidature,NA,NA,237,qc-prov-2026-10-05-general,qc-prov-2026-10-05-general-candidacy_open,America/Toronto,DGE-5 (26-07) EG-JVS,1,src_68ba8c08b190,src_68ba8c08b190_20261003140416903_da34630e9bbd,2026-10-03T14:04:16.903Z,2026-10-03T14:04:20.957Z,NA,official_calendar_transcribed
electoral_expense_period_open,2026-08-28,Premier jour de contrôle des dépenses électorales,NA,NA,401,qc-prov-2026-10-05-general,qc-prov-2026-10-05-general-electoral_expense_period_open,America/Toronto,DGE-5 (26-07) EG-JVS,1,src_68ba8c08b190,src_68ba8c08b190_20261003140416903_da34630e9bbd,2026-10-03T14:04:16.903Z,2026-10-03T14:04:20.957Z,NA,official_calendar_transcribed
revision_open,2026-09-14,Début de révision ordinaire,NA,NA,180;193,qc-prov-2026-10-05-general,qc-prov-2026-10-05-general-revision_open,America/Toronto,DGE-5 (26-07) EG-JVS,1,src_68ba8c08b190,src_68ba8c08b190_20261003140416903_da34630e9bbd,2026-10-03T14:04:16.903Z,2026-10-03T14:04:20.957Z,NA,official_calendar_transcribed
outside_quebec_registration_close,2026-09-16,Dernier jour de demande de vote hors Québec,NA,NA,287,qc-prov-2026-10-05-general,qc-prov-2026-10-05-general-outside_quebec_registration_close,America/Toronto,DGE-5 (26-07) EG-JVS,1,src_68ba8c08b190,src_68ba8c08b190_20261003140416903_da34630e9bbd,2026-10-03T14:04:16.903Z,2026-10-03T14:04:20.957Z,NA,official_calendar_transcribed
candidacy_close,2026-09-17,Clôture des candidatures,NA,14:00,237,qc-prov-2026-10-05-general,qc-prov-2026-10-05-general-candidacy_close,America/Toronto,DGE-5 (26-07) EG-JVS,1,src_68ba8c08b190,src_68ba8c08b190_20261003140416903_da34630e9bbd,2026-10-03T14:04:16.903Z,2026-10-03T14:04:20.957Z,NA,official_calendar_transcribed
withdrawal_ballot_close,2026-09-20,Dernier jour de retrait sans apparition sur le bulletin,NA,NA,257,qc-prov-2026-10-05-general,qc-prov-2026-10-05-general-withdrawal_ballot_close,America/Toronto,DGE-5 (26-07) EG-JVS,1,src_68ba8c08b190,src_68ba8c08b190_20261003140416903_da34630e9bbd,2026-10-03T14:04:16.903Z,2026-10-03T14:04:20.957Z,NA,official_calendar_transcribed
advance_vote_1,2026-09-27,Vote par anticipation,09:30,20:00,300;301.2,qc-prov-2026-10-05-general,qc-prov-2026-10-05-general-advance_vote_1,America/Toronto,DGE-5 (26-07) EG-JVS,1,src_68ba8c08b190,src_68ba8c08b190_20261003140416903_da34630e9bbd,2026-10-03T14:04:16.903Z,2026-10-03T14:04:20.957Z,NA,official_calendar_transcribed
advance_vote_2,2026-09-28,Vote par anticipation,09:30,20:00,300;301.2,qc-prov-2026-10-05-general,qc-prov-2026-10-05-general-advance_vote_2,America/Toronto,DGE-5 (26-07) EG-JVS,1,src_68ba8c08b190,src_68ba8c08b190_20261003140416903_da34630e9bbd,2026-10-03T14:04:16.903Z,2026-10-03T14:04:20.957Z,NA,official_calendar_transcribed
returning_officer_vote_1,2026-09-25,Vote au bureau du directeur du scrutin,09:30,20:00,263;274,qc-prov-2026-10-05-general,qc-prov-2026-10-05-general-returning_officer_vote_1,America/Toronto,DGE-5 (26-07) EG-JVS,1,src_68ba8c08b190,src_68ba8c08b190_20261003140416903_da34630e9bbd,2026-10-03T14:04:16.903Z,2026-10-03T14:04:20.957Z,NA,official_calendar_transcribed
returning_officer_vote_2,2026-09-26,Vote au bureau du directeur du scrutin,09:30,16:00,263;274,qc-prov-2026-10-05-general,qc-prov-2026-10-05-general-returning_officer_vote_2,America/Toronto,DGE-5 (26-07) EG-JVS,1,src_68ba8c08b190,src_68ba8c08b190_20261003140416903_da34630e9bbd,2026-10-03T14:04:16.903Z,2026-10-03T14:04:20.957Z,NA,official_calendar_transcribed
returning_officer_vote_3,2026-09-29,Vote au bureau du directeur du scrutin,09:30,20:00,263;274,qc-prov-2026-10-05-general,qc-prov-2026-10-05-general-returning_officer_vote_3,America/Toronto,DGE-5 (26-07) EG-JVS,1,src_68ba8c08b190,src_68ba8c08b190_20261003140416903_da34630e9bbd,2026-10-03T14:04:16.903Z,2026-10-03T14:04:20.957Z,NA,official_calendar_transcribed
returning_officer_vote_4,2026-09-30,Vote au bureau du directeur du scrutin,09:30,20:00,263;274,qc-prov-2026-10-05-general,qc-prov-2026-10-05-general-returning_officer_vote_4,America/Toronto,DGE-5 (26-07) EG-JVS,1,src_68ba8c08b190,src_68ba8c08b190_20261003140416903_da34630e9bbd,2026-10-03T14:04:16.903Z,2026-10-03T14:04:20.957Z,NA,official_calendar_transcribed
returning_officer_vote_5,2026-10-01,Vote au bureau du directeur du scrutin,09:30,14:00,263;274,qc-prov-2026-10-05-general,qc-prov-2026-10-05-general-returning_officer_vote_5,America/Toronto,DGE-5 (26-07) EG-JVS,1,src_68ba8c08b190,src_68ba8c08b190_20261003140416903_da34630e9bbd,2026-10-03T14:04:16.903Z,2026-10-03T14:04:20.957Z,NA,official_calendar_transcribed
special_revision_close,2026-10-01,Dernier jour de demande à la révision spéciale,NA,14:00,222,qc-prov-2026-10-05-general,qc-prov-2026-10-05-general-special_revision_close,America/Toronto,DGE-5 (26-07) EG-JVS,1,src_68ba8c08b190,src_68ba8c08b190_20261003140416903_da34630e9bbd,2026-10-03T14:04:16.903Z,2026-10-03T14:04:20.957Z,NA,official_calendar_transcribed
polling_day,2026-10-05,Jour du scrutin,09:30,20:00,302;303;333,qc-prov-2026-10-05-general,qc-prov-2026-10-05-general-polling_day,America/Toronto,DGE-5 (26-07) EG-JVS,1,src_68ba8c08b190,src_68ba8c08b190_20261003140416903_da34630e9bbd,2026-10-03T14:04:16.903Z,2026-10-03T14:04:20.957Z,NA,official_calendar_transcribed
expense_period_close,2026-10-05,Fin de la période de dépenses électorales,NA,20:00,401,qc-prov-2026-10-05-general,qc-prov-2026-10-05-general-expense_period_close,America/Toronto,DGE-5 (26-07) EG-JVS,1,src_68ba8c08b190,src_68ba8c08b190_20261003140416903_da34630e9bbd,2026-10-03T14:04:16.903Z,2026-10-03T14:04:20.957Z,NA,official_calendar_transcribed
vote_tally,2026-10-06,Recensement des votes,NA,NA,371,qc-prov-2026-10-05-general,qc-prov-2026-10-05-general-vote_tally,America/Toronto,DGE-5 (26-07) EG-JVS,1,src_68ba8c08b190,src_68ba8c08b190_20261003140416903_da34630e9bbd,2026-10-03T14:04:16.903Z,2026-10-03T14:04:20.957Z,NA,official_calendar_transcribed
judicial_recount_application_close,2026-10-13,Dernier jour de demande de dépouillement judiciaire,NA,NA,384;385,qc-prov-2026-10-05-general,qc-prov-2026-10-05-general-judicial_recount_application_close,America/Toronto,DGE-5 (26-07) EG-JVS,1,src_68ba8c08b190,src_68ba8c08b190_20261003140416903_da34630e9bbd,2026-10-03T14:04:16.903Z,2026-10-03T14:04:20.957Z,NA,official_calendar_transcribed
