election_id,election_date,election_type,electoral_level,map_year,code_edition,district_count,registered,valid_ballots,rejected_ballots,votes_cast,polls_total,polls_counted,turnout_observed_pct,source_id,snapshot_id,observed_at,retrieved_at,source_updated_at,data_status,candidate_count,party_count
qc-prov-2014-10-20-partial,2014-10-20,partial,provincial,2011,2011,1,47006,21605,165,21770,159,159,46.31323660809258,src_04249426efff,src_04249426efff_20261003140348061_3e0558476091,2026-10-03T14:03:48.061Z,2026-10-03T14:03:49.166Z,2014-10-26T06:23:57.000Z,final,NA,NA
qc-prov-2026-02-23-partial,2026-02-23,partial,provincial,2017,2022,1,45778,15432,231,15663,142,142,34.2151251692953,src_23a95c0b8ace,src_23a95c0b8ace_20261003140142071_e93d20d5ee10,2026-10-03T14:01:42.071Z,2026-10-03T14:01:42.962Z,2026-02-25T07:12:06.000Z,final,NA,NA
qc-prov-2016-12-05-partial,2016-12-05,partial,provincial,2011,2011,4,216283,71899,785,72684,739,739,33.60596995602983,src_2d4e90d4e476,src_2d4e90d4e476_20261003140326153_cb135ba81452,2026-10-03T14:03:26.153Z,2026-10-03T14:03:27.324Z,2016-12-11T07:23:47.000Z,final,NA,NA
qc-prov-2023-10-02-partial,2023-10-02,partial,provincial,2017,2022,1,46941,25684,251,25935,163,163,55.25020770754777,src_335c9751e725,src_335c9751e725_20261003140151321_78e20bfa311a,2026-10-03T14:01:51.321Z,2026-10-03T14:01:51.793Z,2023-10-04T06:12:13.000Z,final,NA,NA
qc-prov-2022-10-03-general,2022-10-03,general,provincial,2017,2022,125,6302789,4112821,56316,4169137,21897,21897,66.14749438700868,src_3ee19c14cf6d,src_3ee19c14cf6d_20261003140156867_66a4410f46b2,2026-10-03T14:01:56.867Z,2026-10-03T14:02:00.305Z,2022-10-06T15:55:41.000Z,final,NA,NA
qc-prov-2015-11-09-partial,2015-11-09,partial,provincial,2011,2011,4,190840,57720,494,58214,641,641,30.50408719346049,src_46b2b80361d8,src_46b2b80361d8_20261003140334616_19b24c218d52,2026-10-03T14:03:34.616Z,2026-10-03T14:03:35.992Z,2015-11-15T07:23:38.000Z,final,NA,NA
qc-prov-2017-05-29-partial,2017-05-29,partial,provincial,2011,2011,1,44185,14245,243,14488,151,151,32.789408170193504,src_4e9171631c9b,src_4e9171631c9b_20261003140322454_1a6a53295089,2026-10-03T14:03:22.454Z,2026-10-03T14:03:23.293Z,2017-06-04T06:25:05.000Z,final,NA,NA
qc-prov-2022-04-11-partial,2022-04-11,partial,provincial,2017,2022,1,45636,16299,188,16487,146,146,36.12718029625734,src_53258148a5e9,src_53258148a5e9_20261003140204660_7805f46f3584,2026-10-03T14:02:04.660Z,2026-10-03T14:02:05.560Z,2022-04-13T06:11:59.000Z,final,NA,NA
qc-prov-2015-03-09-partial,2015-03-09,partial,provincial,2011,2011,1,44356,20266,318,20584,152,152,46.40634863378123,src_68477afa07d6,src_68477afa07d6_20261003140343358_34827d6504ac,2026-10-03T14:03:43.358Z,2026-10-03T14:03:44.878Z,2015-03-15T06:22:36.000Z,final,NA,NA
qc-prov-2018-10-01-general,2018-10-01,general,provincial,2017,2017,125,6169772,4033538,66085,4099623,20944,20944,66.44691246289166,src_6ce929ca1736,src_6ce929ca1736_20261003140216850_ff268ada6bee,2026-10-03T14:02:16.850Z,2026-10-03T14:02:19.940Z,2018-10-17T14:10:43.000Z,final,NA,NA
qc-prov-2019-12-02-partial,2019-12-02,partial,provincial,2017,2017,1,46857,22936,109,23045,158,158,49.18155238278165,src_81c5fe8d1b02,src_81c5fe8d1b02_20261003140208331_309c476a31aa,2026-10-03T14:02:08.331Z,2026-10-03T14:02:09.382Z,2019-12-08T07:25:03.000Z,final,NA,NA
qc-prov-2023-03-13-partial,2023-03-13,partial,provincial,2017,2022,1,57492,17747,133,17880,195,195,31.099979127530787,src_8f0698d69120,src_8f0698d69120_20261003140153734_b2f8081f3f95,2026-10-03T14:01:53.734Z,2026-10-03T14:01:54.281Z,2023-03-15T06:12:13.000Z,final,NA,NA
qc-prov-2016-04-11-partial,2016-04-11,partial,provincial,2011,2011,1,46630,18858,305,19163,158,158,41.09586103366931,src_9869ef080ebd,src_9869ef080ebd_20261003140330158_408f2e0b3e14,2026-10-03T14:03:30.158Z,2026-10-03T14:03:31.509Z,2016-04-17T06:22:08.000Z,final,NA,NA
qc-prov-2018-12-10-partial,2018-12-10,partial,provincial,2017,2017,1,44509,15354,85,15439,161,161,34.68736660001348,src_9ef2a7b66e04,src_9ef2a7b66e04_20261003140212095_54ba0694cf83,2026-10-03T14:02:12.095Z,2026-10-03T14:02:13.368Z,2018-12-11T16:44:41.000Z,final,NA,NA
qc-prov-2013-12-09-partial,2013-12-09,partial,provincial,2011,2011,2,79189,33770,379,34149,263,263,43.12341360542499,src_a0bedefcbbb2,src_a0bedefcbbb2_20261003140357004_8be30da11b10,2026-10-03T14:03:57.004Z,2026-10-03T14:03:58.582Z,NA,preliminary,NA,NA
qc-prov-2017-10-02-partial,2017-10-02,partial,provincial,2011,2011,1,45540,23690,190,23880,152,152,52.43741765480896,src_c0d45adf2a1b,src_c0d45adf2a1b_20261003140224477_5797901f93d9,2026-10-03T14:02:24.477Z,2026-10-03T14:02:26.450Z,2017-10-08T06:25:35.000Z,final,NA,NA
qc-prov-2015-06-08-partial,2015-06-08,partial,provincial,2011,2011,2,103976,44771,383,45154,339,339,43.427329383703935,src_d0efa9a1d2ca,src_d0efa9a1d2ca_20261003140339158_313bd91bc37f,2026-10-03T14:03:39.158Z,2026-10-03T14:03:40.726Z,2015-06-14T06:24:29.000Z,final,NA,NA
qc-prov-2025-08-11-partial,2025-08-11,partial,provincial,2017,2022,1,62960,37365,398,37763,187,187,59.97935196950445,src_d46eedaf6c55,src_d46eedaf6c55_20261003140146688_e9b35e080043,2026-10-03T14:01:46.688Z,2026-10-03T14:01:47.121Z,2025-08-13T06:12:20.000Z,final,NA,NA
qc-prov-2014-04-07-general,2014-04-07,general,provincial,2011,2011,125,6012440,4232262,62793,4295055,21617,21617,71.43613907165809,src_f5041537304c,src_f5041537304c_20261003140352022_c70ed25b0773,2026-10-03T14:03:52.022Z,2026-10-03T14:03:53.452Z,2014-04-15T06:24:38.000Z,final,NA,NA
qc-prov-2025-03-17-partial,2025-03-17,partial,provincial,2017,2022,1,61451,22622,293,22915,195,195,37.28987323233145,src_fc8fc11eea9d,src_fc8fc11eea9d_20261003140149086_e91543bd1947,2026-10-03T14:01:49.086Z,2026-10-03T14:01:49.425Z,2025-03-19T06:12:32.000Z,final,NA,NA
qc-prov-2026-10-05-general,2026-10-05,general,provincial,2026,2026,127,NA,NA,NA,NA,NA,NA,NA,src_22fefd6fc574,src_22fefd6fc574_20261003140116197_39e2bdb23cf8,2026-10-03T14:01:16.197Z,2026-10-03T14:01:17.338Z,NA,pre_election,908,20
qc-prov-2026-10-05-general,2026-10-05,general,provincial,2026,2026,127,NA,NA,NA,NA,NA,NA,NA,src_22fefd6fc574,src_22fefd6fc574_20261003165300820_39e2bdb23cf8,2026-10-03T16:53:00.820Z,2026-10-03T16:53:01.075Z,NA,pre_election,908,20
qc-prov-2026-10-05-general,2026-10-05,general,provincial,2026,2026,127,NA,NA,NA,NA,NA,NA,NA,src_22fefd6fc574,src_22fefd6fc574_20261004140736397_39e2bdb23cf8,2026-10-04T14:07:36.397Z,2026-10-04T14:07:36.420Z,NA,pre_election,908,20
qc-prov-2026-10-05-general,2026-10-05,general,provincial,2026,2026,127,NA,NA,NA,NA,NA,NA,NA,src_22fefd6fc574,src_22fefd6fc574_20261005171152955_39e2bdb23cf8,2026-10-05T17:11:52.955Z,2026-10-05T17:11:52.984Z,NA,pre_election,908,20
qc-prov-2026-10-05-general,2026-10-05,general,provincial,2026,2026,127,6495984,4282551,63303,4345854,20704,20704,66.90062660252858,src_3bbf709ff718,src_3bbf709ff718_20261006141046208_ab667d6040b8,2026-10-06T14:10:46.208Z,2026-10-06T14:10:47.285Z,2026-10-06T13:55:38.000Z,final,NA,NA
qc-prov-2026-10-05-general,2026-10-05,general,provincial,2026,2026,127,6495984,4281276,63289,4344565,20704,20700,66.88078357335856,src_3bbf709ff718,src_3bbf709ff718_20261006060145196_626649ba1833,2026-10-06T06:01:45.196Z,2026-10-06T06:01:45.273Z,2026-10-06T05:49:38.000Z,preliminary,NA,NA
qc-prov-2026-10-05-general,2026-10-05,general,provincial,2026,2026,127,6495984,4282551,63306,4345857,20704,20704,66.90067278490834,src_3bbf709ff718,src_3bbf709ff718_20261006132431492_0b9bc8ab9d4a,2026-10-06T13:24:31.492Z,2026-10-06T13:24:32.003Z,2026-10-06T13:10:08.000Z,final,NA,NA
qc-prov-2012-09-04-general,2012-09-04,general,provincial,2011,2011,125,5919758,4362688,53749,4416437,NA,NA,74.60502608383653,src_f428cc11d231,src_f428cc11d231_20261003140401352_79d2bc06db1e,2026-10-03T14:04:01.352Z,2026-10-03T14:04:04.715Z,NA,final,NA,NA
