party_registry_id,registry_code,former_code,party_name,former_name,name_changed_on,authorized_on,registry_status,source_id,snapshot_id,observed_at,retrieved_at,source_updated_at,data_status
qc-prov-repaq-00059,00059,2,Bloc pot,NA,NA,1998-03-18,listed_authorized,src_0adf08e78b00,src_0adf08e78b00_20261004140738069_786700a8415b,2026-10-04T14:07:38.069Z,2026-10-04T14:07:38.087Z,NA,observed
qc-prov-repaq-99237,99237,99237,Climat Québec - Équipe Martine Ouellet,NA,NA,2021-08-02,listed_authorized,src_0adf08e78b00,src_0adf08e78b00_20261004140738069_786700a8415b,2026-10-04T14:07:38.069Z,2026-10-04T14:07:38.087Z,NA,observed
qc-prov-repaq-99286,99286,99286,Démocratie directe,NA,NA,2022-05-15,listed_authorized,src_0adf08e78b00,src_0adf08e78b00_20261004140738069_786700a8415b,2026-10-04T14:07:38.069Z,2026-10-04T14:07:38.087Z,NA,observed
qc-prov-repaq-00087,00087,29,Équipe autonomiste,NA,NA,2012-03-21,listed_authorized,src_0adf08e78b00,src_0adf08e78b00_20261004140738069_786700a8415b,2026-10-04T14:07:38.069Z,2026-10-04T14:07:38.087Z,NA,observed
qc-prov-repaq-00085,00085,27,Équipe Christine Fréchette - Coalition avenir Québec,NA,NA,2012-02-14,listed_authorized,src_0adf08e78b00,src_0adf08e78b00_20261004140738069_786700a8415b,2026-10-04T14:07:38.069Z,2026-10-04T14:07:38.087Z,NA,observed
qc-prov-repaq-99375,99375,99375,Osons Québec,NA,NA,2026-09-02,listed_authorized,src_0adf08e78b00,src_0adf08e78b00_20261004140738069_786700a8415b,2026-10-04T14:07:38.069Z,2026-10-04T14:07:38.087Z,NA,observed
qc-prov-repaq-99341,99341,99341,Parti accès propriété et équité - Équipe Québec debout ,NA,NA,2025-01-22,listed_authorized,src_0adf08e78b00,src_0adf08e78b00_20261004140738069_786700a8415b,2026-10-04T14:07:38.069Z,2026-10-04T14:07:38.087Z,NA,observed
qc-prov-repaq-99263,99263,99263,Parti canadien du Québec / Canadian Party of Québec,NA,NA,2022-06-15,listed_authorized,src_0adf08e78b00,src_0adf08e78b00_20261004140738069_786700a8415b,2026-10-04T14:07:38.069Z,2026-10-04T14:07:38.087Z,NA,observed
qc-prov-repaq-99318,99318,99318,Parti communiste du Québec,NA,NA,2023-03-03,listed_authorized,src_0adf08e78b00,src_0adf08e78b00_20261004140738069_786700a8415b,2026-10-04T14:07:38.069Z,2026-10-04T14:07:38.087Z,NA,observed
qc-prov-repaq-00079,00079,22,Parti conservateur du Québec,NA,NA,2009-03-25,listed_authorized,src_0adf08e78b00,src_0adf08e78b00_20261004140738069_786700a8415b,2026-10-04T14:07:38.069Z,2026-10-04T14:07:38.087Z,NA,observed
qc-prov-repaq-00106,00106,42,Parti culinaire du Québec,NA,NA,2018-06-08,listed_authorized,src_0adf08e78b00,src_0adf08e78b00_20261004140738069_786700a8415b,2026-10-04T14:07:38.069Z,2026-10-04T14:07:38.087Z,NA,observed
qc-prov-repaq-00010,00010,6,Parti libéral du Québec/Quebec Liberal Party,NA,NA,1978-02-22,listed_authorized,src_0adf08e78b00,src_0adf08e78b00_20261004140738069_786700a8415b,2026-10-04T14:07:38.069Z,2026-10-04T14:07:38.087Z,NA,observed
qc-prov-repaq-99291,99291,99291,Parti libertarien du Québec,NA,NA,2022-07-25,listed_authorized,src_0adf08e78b00,src_0adf08e78b00_20261004140738069_786700a8415b,2026-10-04T14:07:38.069Z,2026-10-04T14:07:38.087Z,NA,observed
qc-prov-repaq-00034,00034,7,Parti marxiste-léniniste du Québec,NA,NA,1989-05-05,listed_authorized,src_0adf08e78b00,src_0adf08e78b00_20261004140738069_786700a8415b,2026-10-04T14:07:38.069Z,2026-10-04T14:07:38.087Z,NA,observed
qc-prov-repaq-00080,00080,23,Parti nul,NA,NA,2009-04-09,listed_authorized,src_0adf08e78b00,src_0adf08e78b00_20261004140738069_786700a8415b,2026-10-04T14:07:38.069Z,2026-10-04T14:07:38.087Z,NA,observed
qc-prov-repaq-00016,00016,8,Parti québécois,NA,NA,1978-02-22,listed_authorized,src_0adf08e78b00,src_0adf08e78b00_20261004140738069_786700a8415b,2026-10-04T14:07:38.069Z,2026-10-04T14:07:38.087Z,NA,observed
qc-prov-repaq-00061,00061,10,Parti vert du Québec/Green Party of Québec,NA,NA,2001-11-14,listed_authorized,src_0adf08e78b00,src_0adf08e78b00_20261004140738069_786700a8415b,2026-10-04T14:07:38.069Z,2026-10-04T14:07:38.087Z,NA,observed
qc-prov-repaq-99331,99331,99331,Présence Québec,NA,NA,2024-04-03,listed_authorized,src_0adf08e78b00,src_0adf08e78b00_20261004140738069_786700a8415b,2026-10-04T14:07:38.069Z,2026-10-04T14:07:38.087Z,NA,observed
qc-prov-repaq-99330,99330,99330,Québec innovant,NA,NA,2024-04-03,listed_authorized,src_0adf08e78b00,src_0adf08e78b00_20261004140738069_786700a8415b,2026-10-04T14:07:38.069Z,2026-10-04T14:07:38.087Z,NA,observed
qc-prov-repaq-00039,00039,40,Québec solidaire,NA,NA,2018-01-01,listed_authorized,src_0adf08e78b00,src_0adf08e78b00_20261004140738069_786700a8415b,2026-10-04T14:07:38.069Z,2026-10-04T14:07:38.087Z,NA,observed
qc-prov-repaq-00059,00059,2,Bloc pot,NA,NA,1998-03-18,listed_authorized,src_0adf08e78b00,src_0adf08e78b00_20261003140139368_786700a8415b,2026-10-03T14:01:39.368Z,2026-10-03T14:01:41.292Z,NA,observed
qc-prov-repaq-99237,99237,99237,Climat Québec - Équipe Martine Ouellet,NA,NA,2021-08-02,listed_authorized,src_0adf08e78b00,src_0adf08e78b00_20261003140139368_786700a8415b,2026-10-03T14:01:39.368Z,2026-10-03T14:01:41.292Z,NA,observed
qc-prov-repaq-99286,99286,99286,Démocratie directe,NA,NA,2022-05-15,listed_authorized,src_0adf08e78b00,src_0adf08e78b00_20261003140139368_786700a8415b,2026-10-03T14:01:39.368Z,2026-10-03T14:01:41.292Z,NA,observed
qc-prov-repaq-00087,00087,29,Équipe autonomiste,NA,NA,2012-03-21,listed_authorized,src_0adf08e78b00,src_0adf08e78b00_20261003140139368_786700a8415b,2026-10-03T14:01:39.368Z,2026-10-03T14:01:41.292Z,NA,observed
qc-prov-repaq-00085,00085,27,Équipe Christine Fréchette - Coalition avenir Québec,NA,NA,2012-02-14,listed_authorized,src_0adf08e78b00,src_0adf08e78b00_20261003140139368_786700a8415b,2026-10-03T14:01:39.368Z,2026-10-03T14:01:41.292Z,NA,observed
qc-prov-repaq-99375,99375,99375,Osons Québec,NA,NA,2026-09-02,listed_authorized,src_0adf08e78b00,src_0adf08e78b00_20261003140139368_786700a8415b,2026-10-03T14:01:39.368Z,2026-10-03T14:01:41.292Z,NA,observed
qc-prov-repaq-99341,99341,99341,Parti accès propriété et équité - Équipe Québec debout ,NA,NA,2025-01-22,listed_authorized,src_0adf08e78b00,src_0adf08e78b00_20261003140139368_786700a8415b,2026-10-03T14:01:39.368Z,2026-10-03T14:01:41.292Z,NA,observed
qc-prov-repaq-99263,99263,99263,Parti canadien du Québec / Canadian Party of Québec,NA,NA,2022-06-15,listed_authorized,src_0adf08e78b00,src_0adf08e78b00_20261003140139368_786700a8415b,2026-10-03T14:01:39.368Z,2026-10-03T14:01:41.292Z,NA,observed
qc-prov-repaq-99318,99318,99318,Parti communiste du Québec,NA,NA,2023-03-03,listed_authorized,src_0adf08e78b00,src_0adf08e78b00_20261003140139368_786700a8415b,2026-10-03T14:01:39.368Z,2026-10-03T14:01:41.292Z,NA,observed
qc-prov-repaq-00079,00079,22,Parti conservateur du Québec,NA,NA,2009-03-25,listed_authorized,src_0adf08e78b00,src_0adf08e78b00_20261003140139368_786700a8415b,2026-10-03T14:01:39.368Z,2026-10-03T14:01:41.292Z,NA,observed
qc-prov-repaq-00106,00106,42,Parti culinaire du Québec,NA,NA,2018-06-08,listed_authorized,src_0adf08e78b00,src_0adf08e78b00_20261003140139368_786700a8415b,2026-10-03T14:01:39.368Z,2026-10-03T14:01:41.292Z,NA,observed
qc-prov-repaq-00010,00010,6,Parti libéral du Québec/Quebec Liberal Party,NA,NA,1978-02-22,listed_authorized,src_0adf08e78b00,src_0adf08e78b00_20261003140139368_786700a8415b,2026-10-03T14:01:39.368Z,2026-10-03T14:01:41.292Z,NA,observed
qc-prov-repaq-99291,99291,99291,Parti libertarien du Québec,NA,NA,2022-07-25,listed_authorized,src_0adf08e78b00,src_0adf08e78b00_20261003140139368_786700a8415b,2026-10-03T14:01:39.368Z,2026-10-03T14:01:41.292Z,NA,observed
qc-prov-repaq-00034,00034,7,Parti marxiste-léniniste du Québec,NA,NA,1989-05-05,listed_authorized,src_0adf08e78b00,src_0adf08e78b00_20261003140139368_786700a8415b,2026-10-03T14:01:39.368Z,2026-10-03T14:01:41.292Z,NA,observed
qc-prov-repaq-00080,00080,23,Parti nul,NA,NA,2009-04-09,listed_authorized,src_0adf08e78b00,src_0adf08e78b00_20261003140139368_786700a8415b,2026-10-03T14:01:39.368Z,2026-10-03T14:01:41.292Z,NA,observed
qc-prov-repaq-00016,00016,8,Parti québécois,NA,NA,1978-02-22,listed_authorized,src_0adf08e78b00,src_0adf08e78b00_20261003140139368_786700a8415b,2026-10-03T14:01:39.368Z,2026-10-03T14:01:41.292Z,NA,observed
qc-prov-repaq-00061,00061,10,Parti vert du Québec/Green Party of Québec,NA,NA,2001-11-14,listed_authorized,src_0adf08e78b00,src_0adf08e78b00_20261003140139368_786700a8415b,2026-10-03T14:01:39.368Z,2026-10-03T14:01:41.292Z,NA,observed
qc-prov-repaq-99331,99331,99331,Présence Québec,NA,NA,2024-04-03,listed_authorized,src_0adf08e78b00,src_0adf08e78b00_20261003140139368_786700a8415b,2026-10-03T14:01:39.368Z,2026-10-03T14:01:41.292Z,NA,observed
qc-prov-repaq-99330,99330,99330,Québec innovant,NA,NA,2024-04-03,listed_authorized,src_0adf08e78b00,src_0adf08e78b00_20261003140139368_786700a8415b,2026-10-03T14:01:39.368Z,2026-10-03T14:01:41.292Z,NA,observed
qc-prov-repaq-00039,00039,40,Québec solidaire,NA,NA,2018-01-01,listed_authorized,src_0adf08e78b00,src_0adf08e78b00_20261003140139368_786700a8415b,2026-10-03T14:01:39.368Z,2026-10-03T14:01:41.292Z,NA,observed
qc-prov-repaq-00059,00059,2,Bloc pot,NA,NA,1998-03-18,listed_authorized,src_0adf08e78b00,src_0adf08e78b00_20261003165302725_786700a8415b,2026-10-03T16:53:02.725Z,2026-10-03T16:53:02.968Z,NA,observed
qc-prov-repaq-99237,99237,99237,Climat Québec - Équipe Martine Ouellet,NA,NA,2021-08-02,listed_authorized,src_0adf08e78b00,src_0adf08e78b00_20261003165302725_786700a8415b,2026-10-03T16:53:02.725Z,2026-10-03T16:53:02.968Z,NA,observed
qc-prov-repaq-99286,99286,99286,Démocratie directe,NA,NA,2022-05-15,listed_authorized,src_0adf08e78b00,src_0adf08e78b00_20261003165302725_786700a8415b,2026-10-03T16:53:02.725Z,2026-10-03T16:53:02.968Z,NA,observed
qc-prov-repaq-00087,00087,29,Équipe autonomiste,NA,NA,2012-03-21,listed_authorized,src_0adf08e78b00,src_0adf08e78b00_20261003165302725_786700a8415b,2026-10-03T16:53:02.725Z,2026-10-03T16:53:02.968Z,NA,observed
qc-prov-repaq-00085,00085,27,Équipe Christine Fréchette - Coalition avenir Québec,NA,NA,2012-02-14,listed_authorized,src_0adf08e78b00,src_0adf08e78b00_20261003165302725_786700a8415b,2026-10-03T16:53:02.725Z,2026-10-03T16:53:02.968Z,NA,observed
qc-prov-repaq-99375,99375,99375,Osons Québec,NA,NA,2026-09-02,listed_authorized,src_0adf08e78b00,src_0adf08e78b00_20261003165302725_786700a8415b,2026-10-03T16:53:02.725Z,2026-10-03T16:53:02.968Z,NA,observed
qc-prov-repaq-99341,99341,99341,Parti accès propriété et équité - Équipe Québec debout ,NA,NA,2025-01-22,listed_authorized,src_0adf08e78b00,src_0adf08e78b00_20261003165302725_786700a8415b,2026-10-03T16:53:02.725Z,2026-10-03T16:53:02.968Z,NA,observed
qc-prov-repaq-99263,99263,99263,Parti canadien du Québec / Canadian Party of Québec,NA,NA,2022-06-15,listed_authorized,src_0adf08e78b00,src_0adf08e78b00_20261003165302725_786700a8415b,2026-10-03T16:53:02.725Z,2026-10-03T16:53:02.968Z,NA,observed
qc-prov-repaq-99318,99318,99318,Parti communiste du Québec,NA,NA,2023-03-03,listed_authorized,src_0adf08e78b00,src_0adf08e78b00_20261003165302725_786700a8415b,2026-10-03T16:53:02.725Z,2026-10-03T16:53:02.968Z,NA,observed
qc-prov-repaq-00079,00079,22,Parti conservateur du Québec,NA,NA,2009-03-25,listed_authorized,src_0adf08e78b00,src_0adf08e78b00_20261003165302725_786700a8415b,2026-10-03T16:53:02.725Z,2026-10-03T16:53:02.968Z,NA,observed
qc-prov-repaq-00106,00106,42,Parti culinaire du Québec,NA,NA,2018-06-08,listed_authorized,src_0adf08e78b00,src_0adf08e78b00_20261003165302725_786700a8415b,2026-10-03T16:53:02.725Z,2026-10-03T16:53:02.968Z,NA,observed
qc-prov-repaq-00010,00010,6,Parti libéral du Québec/Quebec Liberal Party,NA,NA,1978-02-22,listed_authorized,src_0adf08e78b00,src_0adf08e78b00_20261003165302725_786700a8415b,2026-10-03T16:53:02.725Z,2026-10-03T16:53:02.968Z,NA,observed
qc-prov-repaq-99291,99291,99291,Parti libertarien du Québec,NA,NA,2022-07-25,listed_authorized,src_0adf08e78b00,src_0adf08e78b00_20261003165302725_786700a8415b,2026-10-03T16:53:02.725Z,2026-10-03T16:53:02.968Z,NA,observed
qc-prov-repaq-00034,00034,7,Parti marxiste-léniniste du Québec,NA,NA,1989-05-05,listed_authorized,src_0adf08e78b00,src_0adf08e78b00_20261003165302725_786700a8415b,2026-10-03T16:53:02.725Z,2026-10-03T16:53:02.968Z,NA,observed
qc-prov-repaq-00080,00080,23,Parti nul,NA,NA,2009-04-09,listed_authorized,src_0adf08e78b00,src_0adf08e78b00_20261003165302725_786700a8415b,2026-10-03T16:53:02.725Z,2026-10-03T16:53:02.968Z,NA,observed
qc-prov-repaq-00016,00016,8,Parti québécois,NA,NA,1978-02-22,listed_authorized,src_0adf08e78b00,src_0adf08e78b00_20261003165302725_786700a8415b,2026-10-03T16:53:02.725Z,2026-10-03T16:53:02.968Z,NA,observed
qc-prov-repaq-00061,00061,10,Parti vert du Québec/Green Party of Québec,NA,NA,2001-11-14,listed_authorized,src_0adf08e78b00,src_0adf08e78b00_20261003165302725_786700a8415b,2026-10-03T16:53:02.725Z,2026-10-03T16:53:02.968Z,NA,observed
qc-prov-repaq-99331,99331,99331,Présence Québec,NA,NA,2024-04-03,listed_authorized,src_0adf08e78b00,src_0adf08e78b00_20261003165302725_786700a8415b,2026-10-03T16:53:02.725Z,2026-10-03T16:53:02.968Z,NA,observed
qc-prov-repaq-99330,99330,99330,Québec innovant,NA,NA,2024-04-03,listed_authorized,src_0adf08e78b00,src_0adf08e78b00_20261003165302725_786700a8415b,2026-10-03T16:53:02.725Z,2026-10-03T16:53:02.968Z,NA,observed
qc-prov-repaq-00039,00039,40,Québec solidaire,NA,NA,2018-01-01,listed_authorized,src_0adf08e78b00,src_0adf08e78b00_20261003165302725_786700a8415b,2026-10-03T16:53:02.725Z,2026-10-03T16:53:02.968Z,NA,observed
