party_registry_id,authorized_on,source_id,snapshot_id,observed_at,retrieved_at,source_updated_at,data_status
qc-prov-repaq-00059,1998-03-18,src_0adf08e78b00,src_0adf08e78b00_20261005171154643_786700a8415b,2026-10-05T17:11:54.643Z,2026-10-05T17:11:54.661Z,NA,observed
qc-prov-repaq-99237,2021-08-02,src_0adf08e78b00,src_0adf08e78b00_20261005171154643_786700a8415b,2026-10-05T17:11:54.643Z,2026-10-05T17:11:54.661Z,NA,observed
qc-prov-repaq-99286,2022-05-15,src_0adf08e78b00,src_0adf08e78b00_20261005171154643_786700a8415b,2026-10-05T17:11:54.643Z,2026-10-05T17:11:54.661Z,NA,observed
qc-prov-repaq-00087,2012-03-21,src_0adf08e78b00,src_0adf08e78b00_20261005171154643_786700a8415b,2026-10-05T17:11:54.643Z,2026-10-05T17:11:54.661Z,NA,observed
qc-prov-repaq-00085,2012-02-14,src_0adf08e78b00,src_0adf08e78b00_20261005171154643_786700a8415b,2026-10-05T17:11:54.643Z,2026-10-05T17:11:54.661Z,NA,observed
qc-prov-repaq-99375,2026-09-02,src_0adf08e78b00,src_0adf08e78b00_20261005171154643_786700a8415b,2026-10-05T17:11:54.643Z,2026-10-05T17:11:54.661Z,NA,observed
qc-prov-repaq-99341,2025-01-22,src_0adf08e78b00,src_0adf08e78b00_20261005171154643_786700a8415b,2026-10-05T17:11:54.643Z,2026-10-05T17:11:54.661Z,NA,observed
qc-prov-repaq-99263,2022-06-15,src_0adf08e78b00,src_0adf08e78b00_20261005171154643_786700a8415b,2026-10-05T17:11:54.643Z,2026-10-05T17:11:54.661Z,NA,observed
qc-prov-repaq-99318,2023-03-03,src_0adf08e78b00,src_0adf08e78b00_20261005171154643_786700a8415b,2026-10-05T17:11:54.643Z,2026-10-05T17:11:54.661Z,NA,observed
qc-prov-repaq-00079,2009-03-25,src_0adf08e78b00,src_0adf08e78b00_20261005171154643_786700a8415b,2026-10-05T17:11:54.643Z,2026-10-05T17:11:54.661Z,NA,observed
qc-prov-repaq-00106,2018-06-08,src_0adf08e78b00,src_0adf08e78b00_20261005171154643_786700a8415b,2026-10-05T17:11:54.643Z,2026-10-05T17:11:54.661Z,NA,observed
qc-prov-repaq-00010,1978-02-22,src_0adf08e78b00,src_0adf08e78b00_20261005171154643_786700a8415b,2026-10-05T17:11:54.643Z,2026-10-05T17:11:54.661Z,NA,observed
qc-prov-repaq-99291,2022-07-25,src_0adf08e78b00,src_0adf08e78b00_20261005171154643_786700a8415b,2026-10-05T17:11:54.643Z,2026-10-05T17:11:54.661Z,NA,observed
qc-prov-repaq-00034,1989-05-05,src_0adf08e78b00,src_0adf08e78b00_20261005171154643_786700a8415b,2026-10-05T17:11:54.643Z,2026-10-05T17:11:54.661Z,NA,observed
qc-prov-repaq-00080,2009-04-09,src_0adf08e78b00,src_0adf08e78b00_20261005171154643_786700a8415b,2026-10-05T17:11:54.643Z,2026-10-05T17:11:54.661Z,NA,observed
qc-prov-repaq-00016,1978-02-22,src_0adf08e78b00,src_0adf08e78b00_20261005171154643_786700a8415b,2026-10-05T17:11:54.643Z,2026-10-05T17:11:54.661Z,NA,observed
qc-prov-repaq-00061,2001-11-14,src_0adf08e78b00,src_0adf08e78b00_20261005171154643_786700a8415b,2026-10-05T17:11:54.643Z,2026-10-05T17:11:54.661Z,NA,observed
qc-prov-repaq-99331,2024-04-03,src_0adf08e78b00,src_0adf08e78b00_20261005171154643_786700a8415b,2026-10-05T17:11:54.643Z,2026-10-05T17:11:54.661Z,NA,observed
qc-prov-repaq-99330,2024-04-03,src_0adf08e78b00,src_0adf08e78b00_20261005171154643_786700a8415b,2026-10-05T17:11:54.643Z,2026-10-05T17:11:54.661Z,NA,observed
qc-prov-repaq-00039,2018-01-01,src_0adf08e78b00,src_0adf08e78b00_20261005171154643_786700a8415b,2026-10-05T17:11:54.643Z,2026-10-05T17:11:54.661Z,NA,observed
qc-prov-repaq-00059,1998-03-18,src_0adf08e78b00,src_0adf08e78b00_20261003140139368_786700a8415b,2026-10-03T14:01:39.368Z,2026-10-03T14:01:41.292Z,NA,observed
qc-prov-repaq-99237,2021-08-02,src_0adf08e78b00,src_0adf08e78b00_20261003140139368_786700a8415b,2026-10-03T14:01:39.368Z,2026-10-03T14:01:41.292Z,NA,observed
qc-prov-repaq-99286,2022-05-15,src_0adf08e78b00,src_0adf08e78b00_20261003140139368_786700a8415b,2026-10-03T14:01:39.368Z,2026-10-03T14:01:41.292Z,NA,observed
qc-prov-repaq-00087,2012-03-21,src_0adf08e78b00,src_0adf08e78b00_20261003140139368_786700a8415b,2026-10-03T14:01:39.368Z,2026-10-03T14:01:41.292Z,NA,observed
qc-prov-repaq-00085,2012-02-14,src_0adf08e78b00,src_0adf08e78b00_20261003140139368_786700a8415b,2026-10-03T14:01:39.368Z,2026-10-03T14:01:41.292Z,NA,observed
qc-prov-repaq-99375,2026-09-02,src_0adf08e78b00,src_0adf08e78b00_20261003140139368_786700a8415b,2026-10-03T14:01:39.368Z,2026-10-03T14:01:41.292Z,NA,observed
qc-prov-repaq-99341,2025-01-22,src_0adf08e78b00,src_0adf08e78b00_20261003140139368_786700a8415b,2026-10-03T14:01:39.368Z,2026-10-03T14:01:41.292Z,NA,observed
qc-prov-repaq-99263,2022-06-15,src_0adf08e78b00,src_0adf08e78b00_20261003140139368_786700a8415b,2026-10-03T14:01:39.368Z,2026-10-03T14:01:41.292Z,NA,observed
qc-prov-repaq-99318,2023-03-03,src_0adf08e78b00,src_0adf08e78b00_20261003140139368_786700a8415b,2026-10-03T14:01:39.368Z,2026-10-03T14:01:41.292Z,NA,observed
qc-prov-repaq-00079,2009-03-25,src_0adf08e78b00,src_0adf08e78b00_20261003140139368_786700a8415b,2026-10-03T14:01:39.368Z,2026-10-03T14:01:41.292Z,NA,observed
qc-prov-repaq-00106,2018-06-08,src_0adf08e78b00,src_0adf08e78b00_20261003140139368_786700a8415b,2026-10-03T14:01:39.368Z,2026-10-03T14:01:41.292Z,NA,observed
qc-prov-repaq-00010,1978-02-22,src_0adf08e78b00,src_0adf08e78b00_20261003140139368_786700a8415b,2026-10-03T14:01:39.368Z,2026-10-03T14:01:41.292Z,NA,observed
qc-prov-repaq-99291,2022-07-25,src_0adf08e78b00,src_0adf08e78b00_20261003140139368_786700a8415b,2026-10-03T14:01:39.368Z,2026-10-03T14:01:41.292Z,NA,observed
qc-prov-repaq-00034,1989-05-05,src_0adf08e78b00,src_0adf08e78b00_20261003140139368_786700a8415b,2026-10-03T14:01:39.368Z,2026-10-03T14:01:41.292Z,NA,observed
qc-prov-repaq-00080,2009-04-09,src_0adf08e78b00,src_0adf08e78b00_20261003140139368_786700a8415b,2026-10-03T14:01:39.368Z,2026-10-03T14:01:41.292Z,NA,observed
qc-prov-repaq-00016,1978-02-22,src_0adf08e78b00,src_0adf08e78b00_20261003140139368_786700a8415b,2026-10-03T14:01:39.368Z,2026-10-03T14:01:41.292Z,NA,observed
qc-prov-repaq-00061,2001-11-14,src_0adf08e78b00,src_0adf08e78b00_20261003140139368_786700a8415b,2026-10-03T14:01:39.368Z,2026-10-03T14:01:41.292Z,NA,observed
qc-prov-repaq-99331,2024-04-03,src_0adf08e78b00,src_0adf08e78b00_20261003140139368_786700a8415b,2026-10-03T14:01:39.368Z,2026-10-03T14:01:41.292Z,NA,observed
qc-prov-repaq-99330,2024-04-03,src_0adf08e78b00,src_0adf08e78b00_20261003140139368_786700a8415b,2026-10-03T14:01:39.368Z,2026-10-03T14:01:41.292Z,NA,observed
qc-prov-repaq-00039,2018-01-01,src_0adf08e78b00,src_0adf08e78b00_20261003140139368_786700a8415b,2026-10-03T14:01:39.368Z,2026-10-03T14:01:41.292Z,NA,observed
qc-prov-repaq-00059,1998-03-18,src_0adf08e78b00,src_0adf08e78b00_20261003165302725_786700a8415b,2026-10-03T16:53:02.725Z,2026-10-03T16:53:02.968Z,NA,observed
qc-prov-repaq-99237,2021-08-02,src_0adf08e78b00,src_0adf08e78b00_20261003165302725_786700a8415b,2026-10-03T16:53:02.725Z,2026-10-03T16:53:02.968Z,NA,observed
qc-prov-repaq-99286,2022-05-15,src_0adf08e78b00,src_0adf08e78b00_20261003165302725_786700a8415b,2026-10-03T16:53:02.725Z,2026-10-03T16:53:02.968Z,NA,observed
qc-prov-repaq-00087,2012-03-21,src_0adf08e78b00,src_0adf08e78b00_20261003165302725_786700a8415b,2026-10-03T16:53:02.725Z,2026-10-03T16:53:02.968Z,NA,observed
qc-prov-repaq-00085,2012-02-14,src_0adf08e78b00,src_0adf08e78b00_20261003165302725_786700a8415b,2026-10-03T16:53:02.725Z,2026-10-03T16:53:02.968Z,NA,observed
qc-prov-repaq-99375,2026-09-02,src_0adf08e78b00,src_0adf08e78b00_20261003165302725_786700a8415b,2026-10-03T16:53:02.725Z,2026-10-03T16:53:02.968Z,NA,observed
qc-prov-repaq-99341,2025-01-22,src_0adf08e78b00,src_0adf08e78b00_20261003165302725_786700a8415b,2026-10-03T16:53:02.725Z,2026-10-03T16:53:02.968Z,NA,observed
qc-prov-repaq-99263,2022-06-15,src_0adf08e78b00,src_0adf08e78b00_20261003165302725_786700a8415b,2026-10-03T16:53:02.725Z,2026-10-03T16:53:02.968Z,NA,observed
qc-prov-repaq-99318,2023-03-03,src_0adf08e78b00,src_0adf08e78b00_20261003165302725_786700a8415b,2026-10-03T16:53:02.725Z,2026-10-03T16:53:02.968Z,NA,observed
qc-prov-repaq-00079,2009-03-25,src_0adf08e78b00,src_0adf08e78b00_20261003165302725_786700a8415b,2026-10-03T16:53:02.725Z,2026-10-03T16:53:02.968Z,NA,observed
qc-prov-repaq-00106,2018-06-08,src_0adf08e78b00,src_0adf08e78b00_20261003165302725_786700a8415b,2026-10-03T16:53:02.725Z,2026-10-03T16:53:02.968Z,NA,observed
qc-prov-repaq-00010,1978-02-22,src_0adf08e78b00,src_0adf08e78b00_20261003165302725_786700a8415b,2026-10-03T16:53:02.725Z,2026-10-03T16:53:02.968Z,NA,observed
qc-prov-repaq-99291,2022-07-25,src_0adf08e78b00,src_0adf08e78b00_20261003165302725_786700a8415b,2026-10-03T16:53:02.725Z,2026-10-03T16:53:02.968Z,NA,observed
qc-prov-repaq-00034,1989-05-05,src_0adf08e78b00,src_0adf08e78b00_20261003165302725_786700a8415b,2026-10-03T16:53:02.725Z,2026-10-03T16:53:02.968Z,NA,observed
qc-prov-repaq-00080,2009-04-09,src_0adf08e78b00,src_0adf08e78b00_20261003165302725_786700a8415b,2026-10-03T16:53:02.725Z,2026-10-03T16:53:02.968Z,NA,observed
qc-prov-repaq-00016,1978-02-22,src_0adf08e78b00,src_0adf08e78b00_20261003165302725_786700a8415b,2026-10-03T16:53:02.725Z,2026-10-03T16:53:02.968Z,NA,observed
qc-prov-repaq-00061,2001-11-14,src_0adf08e78b00,src_0adf08e78b00_20261003165302725_786700a8415b,2026-10-03T16:53:02.725Z,2026-10-03T16:53:02.968Z,NA,observed
qc-prov-repaq-99331,2024-04-03,src_0adf08e78b00,src_0adf08e78b00_20261003165302725_786700a8415b,2026-10-03T16:53:02.725Z,2026-10-03T16:53:02.968Z,NA,observed
qc-prov-repaq-99330,2024-04-03,src_0adf08e78b00,src_0adf08e78b00_20261003165302725_786700a8415b,2026-10-03T16:53:02.725Z,2026-10-03T16:53:02.968Z,NA,observed
qc-prov-repaq-00039,2018-01-01,src_0adf08e78b00,src_0adf08e78b00_20261003165302725_786700a8415b,2026-10-03T16:53:02.725Z,2026-10-03T16:53:02.968Z,NA,observed
qc-prov-repaq-00059,1998-03-18,src_0adf08e78b00,src_0adf08e78b00_20261004140738069_786700a8415b,2026-10-04T14:07:38.069Z,2026-10-04T14:07:38.087Z,NA,observed
qc-prov-repaq-99237,2021-08-02,src_0adf08e78b00,src_0adf08e78b00_20261004140738069_786700a8415b,2026-10-04T14:07:38.069Z,2026-10-04T14:07:38.087Z,NA,observed
qc-prov-repaq-99286,2022-05-15,src_0adf08e78b00,src_0adf08e78b00_20261004140738069_786700a8415b,2026-10-04T14:07:38.069Z,2026-10-04T14:07:38.087Z,NA,observed
qc-prov-repaq-00087,2012-03-21,src_0adf08e78b00,src_0adf08e78b00_20261004140738069_786700a8415b,2026-10-04T14:07:38.069Z,2026-10-04T14:07:38.087Z,NA,observed
qc-prov-repaq-00085,2012-02-14,src_0adf08e78b00,src_0adf08e78b00_20261004140738069_786700a8415b,2026-10-04T14:07:38.069Z,2026-10-04T14:07:38.087Z,NA,observed
qc-prov-repaq-99375,2026-09-02,src_0adf08e78b00,src_0adf08e78b00_20261004140738069_786700a8415b,2026-10-04T14:07:38.069Z,2026-10-04T14:07:38.087Z,NA,observed
qc-prov-repaq-99341,2025-01-22,src_0adf08e78b00,src_0adf08e78b00_20261004140738069_786700a8415b,2026-10-04T14:07:38.069Z,2026-10-04T14:07:38.087Z,NA,observed
qc-prov-repaq-99263,2022-06-15,src_0adf08e78b00,src_0adf08e78b00_20261004140738069_786700a8415b,2026-10-04T14:07:38.069Z,2026-10-04T14:07:38.087Z,NA,observed
qc-prov-repaq-99318,2023-03-03,src_0adf08e78b00,src_0adf08e78b00_20261004140738069_786700a8415b,2026-10-04T14:07:38.069Z,2026-10-04T14:07:38.087Z,NA,observed
qc-prov-repaq-00079,2009-03-25,src_0adf08e78b00,src_0adf08e78b00_20261004140738069_786700a8415b,2026-10-04T14:07:38.069Z,2026-10-04T14:07:38.087Z,NA,observed
qc-prov-repaq-00106,2018-06-08,src_0adf08e78b00,src_0adf08e78b00_20261004140738069_786700a8415b,2026-10-04T14:07:38.069Z,2026-10-04T14:07:38.087Z,NA,observed
qc-prov-repaq-00010,1978-02-22,src_0adf08e78b00,src_0adf08e78b00_20261004140738069_786700a8415b,2026-10-04T14:07:38.069Z,2026-10-04T14:07:38.087Z,NA,observed
qc-prov-repaq-99291,2022-07-25,src_0adf08e78b00,src_0adf08e78b00_20261004140738069_786700a8415b,2026-10-04T14:07:38.069Z,2026-10-04T14:07:38.087Z,NA,observed
qc-prov-repaq-00034,1989-05-05,src_0adf08e78b00,src_0adf08e78b00_20261004140738069_786700a8415b,2026-10-04T14:07:38.069Z,2026-10-04T14:07:38.087Z,NA,observed
qc-prov-repaq-00080,2009-04-09,src_0adf08e78b00,src_0adf08e78b00_20261004140738069_786700a8415b,2026-10-04T14:07:38.069Z,2026-10-04T14:07:38.087Z,NA,observed
qc-prov-repaq-00016,1978-02-22,src_0adf08e78b00,src_0adf08e78b00_20261004140738069_786700a8415b,2026-10-04T14:07:38.069Z,2026-10-04T14:07:38.087Z,NA,observed
qc-prov-repaq-00061,2001-11-14,src_0adf08e78b00,src_0adf08e78b00_20261004140738069_786700a8415b,2026-10-04T14:07:38.069Z,2026-10-04T14:07:38.087Z,NA,observed
qc-prov-repaq-99331,2024-04-03,src_0adf08e78b00,src_0adf08e78b00_20261004140738069_786700a8415b,2026-10-04T14:07:38.069Z,2026-10-04T14:07:38.087Z,NA,observed
qc-prov-repaq-99330,2024-04-03,src_0adf08e78b00,src_0adf08e78b00_20261004140738069_786700a8415b,2026-10-04T14:07:38.069Z,2026-10-04T14:07:38.087Z,NA,observed
qc-prov-repaq-00039,2018-01-01,src_0adf08e78b00,src_0adf08e78b00_20261004140738069_786700a8415b,2026-10-04T14:07:38.069Z,2026-10-04T14:07:38.087Z,NA,observed
qc-prov-repaq-00059,1998-03-18,src_0adf08e78b00,src_0adf08e78b00_20261006151624817_dba5fb5b3f10,2026-10-06T15:16:24.817Z,2026-10-06T15:16:24.842Z,NA,observed
qc-prov-repaq-99237,2021-08-02,src_0adf08e78b00,src_0adf08e78b00_20261006151624817_dba5fb5b3f10,2026-10-06T15:16:24.817Z,2026-10-06T15:16:24.842Z,NA,observed
qc-prov-repaq-99286,2022-05-15,src_0adf08e78b00,src_0adf08e78b00_20261006151624817_dba5fb5b3f10,2026-10-06T15:16:24.817Z,2026-10-06T15:16:24.842Z,NA,observed
qc-prov-repaq-00087,2012-03-21,src_0adf08e78b00,src_0adf08e78b00_20261006151624817_dba5fb5b3f10,2026-10-06T15:16:24.817Z,2026-10-06T15:16:24.842Z,NA,observed
qc-prov-repaq-00085,2012-02-14,src_0adf08e78b00,src_0adf08e78b00_20261006151624817_dba5fb5b3f10,2026-10-06T15:16:24.817Z,2026-10-06T15:16:24.842Z,NA,observed
qc-prov-repaq-99375,2026-09-02,src_0adf08e78b00,src_0adf08e78b00_20261006151624817_dba5fb5b3f10,2026-10-06T15:16:24.817Z,2026-10-06T15:16:24.842Z,NA,observed
qc-prov-repaq-99341,2025-01-22,src_0adf08e78b00,src_0adf08e78b00_20261006151624817_dba5fb5b3f10,2026-10-06T15:16:24.817Z,2026-10-06T15:16:24.842Z,NA,observed
qc-prov-repaq-99263,2022-06-15,src_0adf08e78b00,src_0adf08e78b00_20261006151624817_dba5fb5b3f10,2026-10-06T15:16:24.817Z,2026-10-06T15:16:24.842Z,NA,observed
qc-prov-repaq-99318,2023-03-03,src_0adf08e78b00,src_0adf08e78b00_20261006151624817_dba5fb5b3f10,2026-10-06T15:16:24.817Z,2026-10-06T15:16:24.842Z,NA,observed
qc-prov-repaq-00079,2009-03-25,src_0adf08e78b00,src_0adf08e78b00_20261006151624817_dba5fb5b3f10,2026-10-06T15:16:24.817Z,2026-10-06T15:16:24.842Z,NA,observed
qc-prov-repaq-00106,2018-06-08,src_0adf08e78b00,src_0adf08e78b00_20261006151624817_dba5fb5b3f10,2026-10-06T15:16:24.817Z,2026-10-06T15:16:24.842Z,NA,observed
qc-prov-repaq-00010,1978-02-22,src_0adf08e78b00,src_0adf08e78b00_20261006151624817_dba5fb5b3f10,2026-10-06T15:16:24.817Z,2026-10-06T15:16:24.842Z,NA,observed
qc-prov-repaq-99291,2022-07-25,src_0adf08e78b00,src_0adf08e78b00_20261006151624817_dba5fb5b3f10,2026-10-06T15:16:24.817Z,2026-10-06T15:16:24.842Z,NA,observed
qc-prov-repaq-00034,1989-05-05,src_0adf08e78b00,src_0adf08e78b00_20261006151624817_dba5fb5b3f10,2026-10-06T15:16:24.817Z,2026-10-06T15:16:24.842Z,NA,observed
qc-prov-repaq-00080,2009-04-09,src_0adf08e78b00,src_0adf08e78b00_20261006151624817_dba5fb5b3f10,2026-10-06T15:16:24.817Z,2026-10-06T15:16:24.842Z,NA,observed
qc-prov-repaq-00016,1978-02-22,src_0adf08e78b00,src_0adf08e78b00_20261006151624817_dba5fb5b3f10,2026-10-06T15:16:24.817Z,2026-10-06T15:16:24.842Z,NA,observed
qc-prov-repaq-00061,2001-11-14,src_0adf08e78b00,src_0adf08e78b00_20261006151624817_dba5fb5b3f10,2026-10-06T15:16:24.817Z,2026-10-06T15:16:24.842Z,NA,observed
qc-prov-repaq-99331,2024-04-03,src_0adf08e78b00,src_0adf08e78b00_20261006151624817_dba5fb5b3f10,2026-10-06T15:16:24.817Z,2026-10-06T15:16:24.842Z,NA,observed
qc-prov-repaq-99330,2024-04-03,src_0adf08e78b00,src_0adf08e78b00_20261006151624817_dba5fb5b3f10,2026-10-06T15:16:24.817Z,2026-10-06T15:16:24.842Z,NA,observed
qc-prov-repaq-00039,2018-01-01,src_0adf08e78b00,src_0adf08e78b00_20261006151624817_dba5fb5b3f10,2026-10-06T15:16:24.817Z,2026-10-06T15:16:24.842Z,NA,observed
