party_registry_id,role_source,official_name,appointed_on,resigned_on,source_id,snapshot_id,observed_at,retrieved_at,source_updated_at,data_status
qc-prov-repaq-00059,AO,Benjamin Vachon,2025-02-27,NA,src_0adf08e78b00,src_0adf08e78b00_20261005171154643_786700a8415b,2026-10-05T17:11:54.643Z,2026-10-05T17:11:54.661Z,NA,observed
qc-prov-repaq-00059,CHEF,Jean-Patrick Berthiaume,2025-12-12,NA,src_0adf08e78b00,src_0adf08e78b00_20261005171154643_786700a8415b,2026-10-05T17:11:54.643Z,2026-10-05T17:11:54.661Z,NA,observed
qc-prov-repaq-00059,REPOFF,Benjamin Vachon,2025-02-27,NA,src_0adf08e78b00,src_0adf08e78b00_20261005171154643_786700a8415b,2026-10-05T17:11:54.643Z,2026-10-05T17:11:54.661Z,NA,observed
qc-prov-repaq-99237,AO,Patrick Ney,2022-08-25,NA,src_0adf08e78b00,src_0adf08e78b00_20261005171154643_786700a8415b,2026-10-05T17:11:54.643Z,2026-10-05T17:11:54.661Z,NA,observed
qc-prov-repaq-99237,CHEF,Martine Ouellet,2021-08-02,NA,src_0adf08e78b00,src_0adf08e78b00_20261005171154643_786700a8415b,2026-10-05T17:11:54.643Z,2026-10-05T17:11:54.661Z,NA,observed
qc-prov-repaq-99237,REPOFF,Patrick Ney,2021-08-02,NA,src_0adf08e78b00,src_0adf08e78b00_20261005171154643_786700a8415b,2026-10-05T17:11:54.643Z,2026-10-05T17:11:54.661Z,NA,observed
qc-prov-repaq-99286,AO,Adam Ménard,2023-10-31,NA,src_0adf08e78b00,src_0adf08e78b00_20261005171154643_786700a8415b,2026-10-05T17:11:54.643Z,2026-10-05T17:11:54.661Z,NA,observed
qc-prov-repaq-99286,CHEF,Jean Charles Cléroux,2022-05-15,NA,src_0adf08e78b00,src_0adf08e78b00_20261005171154643_786700a8415b,2026-10-05T17:11:54.643Z,2026-10-05T17:11:54.661Z,NA,observed
qc-prov-repaq-99286,REPOFF,Adam Ménard,2023-10-31,NA,src_0adf08e78b00,src_0adf08e78b00_20261005171154643_786700a8415b,2026-10-05T17:11:54.643Z,2026-10-05T17:11:54.661Z,NA,observed
qc-prov-repaq-00087,AO,Carol Nadeau,2012-03-21,NA,src_0adf08e78b00,src_0adf08e78b00_20261005171154643_786700a8415b,2026-10-05T17:11:54.643Z,2026-10-05T17:11:54.661Z,NA,observed
qc-prov-repaq-00087,CHEF,Louis Chandonnet,2025-01-01,NA,src_0adf08e78b00,src_0adf08e78b00_20261005171154643_786700a8415b,2026-10-05T17:11:54.643Z,2026-10-05T17:11:54.661Z,NA,observed
qc-prov-repaq-00087,REPOFF,Carol Nadeau,2012-03-21,NA,src_0adf08e78b00,src_0adf08e78b00_20261005171154643_786700a8415b,2026-10-05T17:11:54.643Z,2026-10-05T17:11:54.661Z,NA,observed
qc-prov-repaq-00085,AO,Nathalie Normand,2026-02-18,NA,src_0adf08e78b00,src_0adf08e78b00_20261005171154643_786700a8415b,2026-10-05T17:11:54.643Z,2026-10-05T17:11:54.661Z,NA,observed
qc-prov-repaq-00085,CHEF,Christine Fréchette,2026-04-12,NA,src_0adf08e78b00,src_0adf08e78b00_20261005171154643_786700a8415b,2026-10-05T17:11:54.643Z,2026-10-05T17:11:54.661Z,NA,observed
qc-prov-repaq-00085,REPOFF,Martin Labrie,2012-10-22,NA,src_0adf08e78b00,src_0adf08e78b00_20261005171154643_786700a8415b,2026-10-05T17:11:54.643Z,2026-10-05T17:11:54.661Z,NA,observed
qc-prov-repaq-99375,AO,Joyce Mbany,2026-09-02,NA,src_0adf08e78b00,src_0adf08e78b00_20261005171154643_786700a8415b,2026-10-05T17:11:54.643Z,2026-10-05T17:11:54.661Z,NA,observed
qc-prov-repaq-99375,CHEF,Ludovic Mbany,2026-09-02,NA,src_0adf08e78b00,src_0adf08e78b00_20261005171154643_786700a8415b,2026-10-05T17:11:54.643Z,2026-10-05T17:11:54.661Z,NA,observed
qc-prov-repaq-99375,REPOFF,Joyce Mbany,2026-09-02,NA,src_0adf08e78b00,src_0adf08e78b00_20261005171154643_786700a8415b,2026-10-05T17:11:54.643Z,2026-10-05T17:11:54.661Z,NA,observed
qc-prov-repaq-99341,AO,Lise Lalande,2025-01-22,NA,src_0adf08e78b00,src_0adf08e78b00_20261005171154643_786700a8415b,2026-10-05T17:11:54.643Z,2026-10-05T17:11:54.661Z,NA,observed
qc-prov-repaq-99341,CHEF,Shawn  Lalande McLean,2025-01-22,NA,src_0adf08e78b00,src_0adf08e78b00_20261005171154643_786700a8415b,2026-10-05T17:11:54.643Z,2026-10-05T17:11:54.661Z,NA,observed
qc-prov-repaq-99341,REPOFF,Lise Lalande,2025-01-22,NA,src_0adf08e78b00,src_0adf08e78b00_20261005171154643_786700a8415b,2026-10-05T17:11:54.643Z,2026-10-05T17:11:54.661Z,NA,observed
qc-prov-repaq-99263,AO,Christopher Cioffi,2025-11-30,NA,src_0adf08e78b00,src_0adf08e78b00_20261005171154643_786700a8415b,2026-10-05T17:11:54.643Z,2026-10-05T17:11:54.661Z,NA,observed
qc-prov-repaq-99263,CHEF,Joseph Cianflone,2025-02-01,NA,src_0adf08e78b00,src_0adf08e78b00_20261005171154643_786700a8415b,2026-10-05T17:11:54.643Z,2026-10-05T17:11:54.661Z,NA,observed
qc-prov-repaq-99263,REPOFF,Christopher Cioffi,2026-07-29,NA,src_0adf08e78b00,src_0adf08e78b00_20261005171154643_786700a8415b,2026-10-05T17:11:54.643Z,2026-10-05T17:11:54.661Z,NA,observed
qc-prov-repaq-99318,AO,Jean-Philippe Fortin,2023-06-12,NA,src_0adf08e78b00,src_0adf08e78b00_20261005171154643_786700a8415b,2026-10-05T17:11:54.643Z,2026-10-05T17:11:54.661Z,NA,observed
qc-prov-repaq-99318,CHEF,Adrien Welsh,2023-03-03,NA,src_0adf08e78b00,src_0adf08e78b00_20261005171154643_786700a8415b,2026-10-05T17:11:54.643Z,2026-10-05T17:11:54.661Z,NA,observed
qc-prov-repaq-99318,REPOFF,Jean-Philippe Fortin,2023-06-12,NA,src_0adf08e78b00,src_0adf08e78b00_20261005171154643_786700a8415b,2026-10-05T17:11:54.643Z,2026-10-05T17:11:54.661Z,NA,observed
qc-prov-repaq-00079,AO,Patrice Raza,2016-02-22,NA,src_0adf08e78b00,src_0adf08e78b00_20261005171154643_786700a8415b,2026-10-05T17:11:54.643Z,2026-10-05T17:11:54.661Z,NA,observed
qc-prov-repaq-00079,CHEF,Éric Duhaime,2021-04-17,NA,src_0adf08e78b00,src_0adf08e78b00_20261005171154643_786700a8415b,2026-10-05T17:11:54.643Z,2026-10-05T17:11:54.661Z,NA,observed
qc-prov-repaq-00079,REPOFF,Patrice Raza,2016-02-22,NA,src_0adf08e78b00,src_0adf08e78b00_20261005171154643_786700a8415b,2026-10-05T17:11:54.643Z,2026-10-05T17:11:54.661Z,NA,observed
qc-prov-repaq-00106,AO,Clément Côté-Jacob,2026-07-08,NA,src_0adf08e78b00,src_0adf08e78b00_20261005171154643_786700a8415b,2026-10-05T17:11:54.643Z,2026-10-05T17:11:54.661Z,NA,observed
qc-prov-repaq-00106,CHEF,Jean-Louis Thémistocle,2018-06-08,NA,src_0adf08e78b00,src_0adf08e78b00_20261005171154643_786700a8415b,2026-10-05T17:11:54.643Z,2026-10-05T17:11:54.661Z,NA,observed
qc-prov-repaq-00106,REPOFF,Clément Côté-Jacob,2026-09-05,NA,src_0adf08e78b00,src_0adf08e78b00_20261005171154643_786700a8415b,2026-10-05T17:11:54.643Z,2026-10-05T17:11:54.661Z,NA,observed
qc-prov-repaq-00010,AO,Vanessa Hernande,2022-08-22,NA,src_0adf08e78b00,src_0adf08e78b00_20261005171154643_786700a8415b,2026-10-05T17:11:54.643Z,2026-10-05T17:11:54.661Z,NA,observed
qc-prov-repaq-00010,CHEF,Charles Milliard,2026-02-13,NA,src_0adf08e78b00,src_0adf08e78b00_20261005171154643_786700a8415b,2026-10-05T17:11:54.643Z,2026-10-05T17:11:54.661Z,NA,observed
qc-prov-repaq-00010,REPOFF,Sylvain Langis,2025-12-22,NA,src_0adf08e78b00,src_0adf08e78b00_20261005171154643_786700a8415b,2026-10-05T17:11:54.643Z,2026-10-05T17:11:54.661Z,NA,observed
qc-prov-repaq-99291,AO,Christophe Boivin,2026-06-30,NA,src_0adf08e78b00,src_0adf08e78b00_20261005171154643_786700a8415b,2026-10-05T17:11:54.643Z,2026-10-05T17:11:54.661Z,NA,observed
qc-prov-repaq-99291,CHEF,Charles Olivier,2026-05-22,NA,src_0adf08e78b00,src_0adf08e78b00_20261005171154643_786700a8415b,2026-10-05T17:11:54.643Z,2026-10-05T17:11:54.661Z,NA,observed
qc-prov-repaq-99291,REPOFF,Christophe Boivin,2026-06-30,NA,src_0adf08e78b00,src_0adf08e78b00_20261005171154643_786700a8415b,2026-10-05T17:11:54.643Z,2026-10-05T17:11:54.661Z,NA,observed
qc-prov-repaq-00034,AO,Christian Legeais,1998-10-23,NA,src_0adf08e78b00,src_0adf08e78b00_20261005171154643_786700a8415b,2026-10-05T17:11:54.643Z,2026-10-05T17:11:54.661Z,NA,observed
qc-prov-repaq-00034,CHEF,Christine Dandenault,2023-06-11,NA,src_0adf08e78b00,src_0adf08e78b00_20261005171154643_786700a8415b,2026-10-05T17:11:54.643Z,2026-10-05T17:11:54.661Z,NA,observed
qc-prov-repaq-00034,REPOFF,Christian Legeais,1998-10-23,NA,src_0adf08e78b00,src_0adf08e78b00_20261005171154643_786700a8415b,2026-10-05T17:11:54.643Z,2026-10-05T17:11:54.661Z,NA,observed
qc-prov-repaq-00080,AO,Cindy Rousseau,2016-01-01,NA,src_0adf08e78b00,src_0adf08e78b00_20261005171154643_786700a8415b,2026-10-05T17:11:54.643Z,2026-10-05T17:11:54.661Z,NA,observed
qc-prov-repaq-00080,CHEF,Renaud Blais,2009-04-09,NA,src_0adf08e78b00,src_0adf08e78b00_20261005171154643_786700a8415b,2026-10-05T17:11:54.643Z,2026-10-05T17:11:54.661Z,NA,observed
qc-prov-repaq-00080,REPOFF,Cindy Rousseau,2016-01-01,NA,src_0adf08e78b00,src_0adf08e78b00_20261005171154643_786700a8415b,2026-10-05T17:11:54.643Z,2026-10-05T17:11:54.661Z,NA,observed
qc-prov-repaq-00016,AO,Sylvain Gauthier,2025-02-14,NA,src_0adf08e78b00,src_0adf08e78b00_20261005171154643_786700a8415b,2026-10-05T17:11:54.643Z,2026-10-05T17:11:54.661Z,NA,observed
qc-prov-repaq-00016,CHEF,Paul St-Pierre Plamondon,2020-10-14,NA,src_0adf08e78b00,src_0adf08e78b00_20261005171154643_786700a8415b,2026-10-05T17:11:54.643Z,2026-10-05T17:11:54.661Z,NA,observed
qc-prov-repaq-00016,REPOFF,Sylvain Gauthier,2025-02-14,NA,src_0adf08e78b00,src_0adf08e78b00_20261005171154643_786700a8415b,2026-10-05T17:11:54.643Z,2026-10-05T17:11:54.661Z,NA,observed
qc-prov-repaq-00061,AO,Nicholas Lescarbeau,2023-01-09,NA,src_0adf08e78b00,src_0adf08e78b00_20261005171154643_786700a8415b,2026-10-05T17:11:54.643Z,2026-10-05T17:11:54.661Z,NA,observed
qc-prov-repaq-00061,CHEF,Alex Tyrrell,2013-09-21,NA,src_0adf08e78b00,src_0adf08e78b00_20261005171154643_786700a8415b,2026-10-05T17:11:54.643Z,2026-10-05T17:11:54.661Z,NA,observed
qc-prov-repaq-00061,REPOFF,Nicholas Lescarbeau,2023-01-09,NA,src_0adf08e78b00,src_0adf08e78b00_20261005171154643_786700a8415b,2026-10-05T17:11:54.643Z,2026-10-05T17:11:54.661Z,NA,observed
qc-prov-repaq-99331,AO,Véronique Imbeault,2026-07-09,NA,src_0adf08e78b00,src_0adf08e78b00_20261005171154643_786700a8415b,2026-10-05T17:11:54.643Z,2026-10-05T17:11:54.661Z,NA,observed
qc-prov-repaq-99331,CHEF,Guillaume Tremblay,2024-04-03,NA,src_0adf08e78b00,src_0adf08e78b00_20261005171154643_786700a8415b,2026-10-05T17:11:54.643Z,2026-10-05T17:11:54.661Z,NA,observed
qc-prov-repaq-99331,REPOFF,Véronique Imbeault,2026-07-09,NA,src_0adf08e78b00,src_0adf08e78b00_20261005171154643_786700a8415b,2026-10-05T17:11:54.643Z,2026-10-05T17:11:54.661Z,NA,observed
qc-prov-repaq-99330,AO,Jean-François Laporte,2026-07-21,NA,src_0adf08e78b00,src_0adf08e78b00_20261005171154643_786700a8415b,2026-10-05T17:11:54.643Z,2026-10-05T17:11:54.661Z,NA,observed
qc-prov-repaq-99330,CHEF,Alexandre St-Pierre,2024-04-03,NA,src_0adf08e78b00,src_0adf08e78b00_20261005171154643_786700a8415b,2026-10-05T17:11:54.643Z,2026-10-05T17:11:54.661Z,NA,observed
qc-prov-repaq-99330,REPOFF,Jean-François Laporte,2026-07-21,NA,src_0adf08e78b00,src_0adf08e78b00_20261005171154643_786700a8415b,2026-10-05T17:11:54.643Z,2026-10-05T17:11:54.661Z,NA,observed
qc-prov-repaq-00039,AO,Marie-Noelle Mondoux-Lemoine,2024-08-30,NA,src_0adf08e78b00,src_0adf08e78b00_20261005171154643_786700a8415b,2026-10-05T17:11:54.643Z,2026-10-05T17:11:54.661Z,NA,observed
qc-prov-repaq-00039,CHEF,Carmen Palardy,2024-11-17,NA,src_0adf08e78b00,src_0adf08e78b00_20261005171154643_786700a8415b,2026-10-05T17:11:54.643Z,2026-10-05T17:11:54.661Z,NA,observed
qc-prov-repaq-00039,REPOFF,Angèle McClure,2024-05-26,NA,src_0adf08e78b00,src_0adf08e78b00_20261005171154643_786700a8415b,2026-10-05T17:11:54.643Z,2026-10-05T17:11:54.661Z,NA,observed
qc-prov-repaq-00059,AO,Benjamin Vachon,2025-02-27,NA,src_0adf08e78b00,src_0adf08e78b00_20261003140139368_786700a8415b,2026-10-03T14:01:39.368Z,2026-10-03T14:01:41.292Z,NA,observed
qc-prov-repaq-00059,CHEF,Jean-Patrick Berthiaume,2025-12-12,NA,src_0adf08e78b00,src_0adf08e78b00_20261003140139368_786700a8415b,2026-10-03T14:01:39.368Z,2026-10-03T14:01:41.292Z,NA,observed
qc-prov-repaq-00059,REPOFF,Benjamin Vachon,2025-02-27,NA,src_0adf08e78b00,src_0adf08e78b00_20261003140139368_786700a8415b,2026-10-03T14:01:39.368Z,2026-10-03T14:01:41.292Z,NA,observed
qc-prov-repaq-99237,AO,Patrick Ney,2022-08-25,NA,src_0adf08e78b00,src_0adf08e78b00_20261003140139368_786700a8415b,2026-10-03T14:01:39.368Z,2026-10-03T14:01:41.292Z,NA,observed
qc-prov-repaq-99237,CHEF,Martine Ouellet,2021-08-02,NA,src_0adf08e78b00,src_0adf08e78b00_20261003140139368_786700a8415b,2026-10-03T14:01:39.368Z,2026-10-03T14:01:41.292Z,NA,observed
qc-prov-repaq-99237,REPOFF,Patrick Ney,2021-08-02,NA,src_0adf08e78b00,src_0adf08e78b00_20261003140139368_786700a8415b,2026-10-03T14:01:39.368Z,2026-10-03T14:01:41.292Z,NA,observed
qc-prov-repaq-99286,AO,Adam Ménard,2023-10-31,NA,src_0adf08e78b00,src_0adf08e78b00_20261003140139368_786700a8415b,2026-10-03T14:01:39.368Z,2026-10-03T14:01:41.292Z,NA,observed
qc-prov-repaq-99286,CHEF,Jean Charles Cléroux,2022-05-15,NA,src_0adf08e78b00,src_0adf08e78b00_20261003140139368_786700a8415b,2026-10-03T14:01:39.368Z,2026-10-03T14:01:41.292Z,NA,observed
qc-prov-repaq-99286,REPOFF,Adam Ménard,2023-10-31,NA,src_0adf08e78b00,src_0adf08e78b00_20261003140139368_786700a8415b,2026-10-03T14:01:39.368Z,2026-10-03T14:01:41.292Z,NA,observed
qc-prov-repaq-00087,AO,Carol Nadeau,2012-03-21,NA,src_0adf08e78b00,src_0adf08e78b00_20261003140139368_786700a8415b,2026-10-03T14:01:39.368Z,2026-10-03T14:01:41.292Z,NA,observed
qc-prov-repaq-00087,CHEF,Louis Chandonnet,2025-01-01,NA,src_0adf08e78b00,src_0adf08e78b00_20261003140139368_786700a8415b,2026-10-03T14:01:39.368Z,2026-10-03T14:01:41.292Z,NA,observed
qc-prov-repaq-00087,REPOFF,Carol Nadeau,2012-03-21,NA,src_0adf08e78b00,src_0adf08e78b00_20261003140139368_786700a8415b,2026-10-03T14:01:39.368Z,2026-10-03T14:01:41.292Z,NA,observed
qc-prov-repaq-00085,AO,Nathalie Normand,2026-02-18,NA,src_0adf08e78b00,src_0adf08e78b00_20261003140139368_786700a8415b,2026-10-03T14:01:39.368Z,2026-10-03T14:01:41.292Z,NA,observed
qc-prov-repaq-00085,CHEF,Christine Fréchette,2026-04-12,NA,src_0adf08e78b00,src_0adf08e78b00_20261003140139368_786700a8415b,2026-10-03T14:01:39.368Z,2026-10-03T14:01:41.292Z,NA,observed
qc-prov-repaq-00085,REPOFF,Martin Labrie,2012-10-22,NA,src_0adf08e78b00,src_0adf08e78b00_20261003140139368_786700a8415b,2026-10-03T14:01:39.368Z,2026-10-03T14:01:41.292Z,NA,observed
qc-prov-repaq-99375,AO,Joyce Mbany,2026-09-02,NA,src_0adf08e78b00,src_0adf08e78b00_20261003140139368_786700a8415b,2026-10-03T14:01:39.368Z,2026-10-03T14:01:41.292Z,NA,observed
qc-prov-repaq-99375,CHEF,Ludovic Mbany,2026-09-02,NA,src_0adf08e78b00,src_0adf08e78b00_20261003140139368_786700a8415b,2026-10-03T14:01:39.368Z,2026-10-03T14:01:41.292Z,NA,observed
qc-prov-repaq-99375,REPOFF,Joyce Mbany,2026-09-02,NA,src_0adf08e78b00,src_0adf08e78b00_20261003140139368_786700a8415b,2026-10-03T14:01:39.368Z,2026-10-03T14:01:41.292Z,NA,observed
qc-prov-repaq-99341,AO,Lise Lalande,2025-01-22,NA,src_0adf08e78b00,src_0adf08e78b00_20261003140139368_786700a8415b,2026-10-03T14:01:39.368Z,2026-10-03T14:01:41.292Z,NA,observed
qc-prov-repaq-99341,CHEF,Shawn  Lalande McLean,2025-01-22,NA,src_0adf08e78b00,src_0adf08e78b00_20261003140139368_786700a8415b,2026-10-03T14:01:39.368Z,2026-10-03T14:01:41.292Z,NA,observed
qc-prov-repaq-99341,REPOFF,Lise Lalande,2025-01-22,NA,src_0adf08e78b00,src_0adf08e78b00_20261003140139368_786700a8415b,2026-10-03T14:01:39.368Z,2026-10-03T14:01:41.292Z,NA,observed
qc-prov-repaq-99263,AO,Christopher Cioffi,2025-11-30,NA,src_0adf08e78b00,src_0adf08e78b00_20261003140139368_786700a8415b,2026-10-03T14:01:39.368Z,2026-10-03T14:01:41.292Z,NA,observed
qc-prov-repaq-99263,CHEF,Joseph Cianflone,2025-02-01,NA,src_0adf08e78b00,src_0adf08e78b00_20261003140139368_786700a8415b,2026-10-03T14:01:39.368Z,2026-10-03T14:01:41.292Z,NA,observed
qc-prov-repaq-99263,REPOFF,Christopher Cioffi,2026-07-29,NA,src_0adf08e78b00,src_0adf08e78b00_20261003140139368_786700a8415b,2026-10-03T14:01:39.368Z,2026-10-03T14:01:41.292Z,NA,observed
qc-prov-repaq-99318,AO,Jean-Philippe Fortin,2023-06-12,NA,src_0adf08e78b00,src_0adf08e78b00_20261003140139368_786700a8415b,2026-10-03T14:01:39.368Z,2026-10-03T14:01:41.292Z,NA,observed
qc-prov-repaq-99318,CHEF,Adrien Welsh,2023-03-03,NA,src_0adf08e78b00,src_0adf08e78b00_20261003140139368_786700a8415b,2026-10-03T14:01:39.368Z,2026-10-03T14:01:41.292Z,NA,observed
qc-prov-repaq-99318,REPOFF,Jean-Philippe Fortin,2023-06-12,NA,src_0adf08e78b00,src_0adf08e78b00_20261003140139368_786700a8415b,2026-10-03T14:01:39.368Z,2026-10-03T14:01:41.292Z,NA,observed
qc-prov-repaq-00079,AO,Patrice Raza,2016-02-22,NA,src_0adf08e78b00,src_0adf08e78b00_20261003140139368_786700a8415b,2026-10-03T14:01:39.368Z,2026-10-03T14:01:41.292Z,NA,observed
qc-prov-repaq-00079,CHEF,Éric Duhaime,2021-04-17,NA,src_0adf08e78b00,src_0adf08e78b00_20261003140139368_786700a8415b,2026-10-03T14:01:39.368Z,2026-10-03T14:01:41.292Z,NA,observed
qc-prov-repaq-00079,REPOFF,Patrice Raza,2016-02-22,NA,src_0adf08e78b00,src_0adf08e78b00_20261003140139368_786700a8415b,2026-10-03T14:01:39.368Z,2026-10-03T14:01:41.292Z,NA,observed
qc-prov-repaq-00106,AO,Clément Côté-Jacob,2026-07-08,NA,src_0adf08e78b00,src_0adf08e78b00_20261003140139368_786700a8415b,2026-10-03T14:01:39.368Z,2026-10-03T14:01:41.292Z,NA,observed
qc-prov-repaq-00106,CHEF,Jean-Louis Thémistocle,2018-06-08,NA,src_0adf08e78b00,src_0adf08e78b00_20261003140139368_786700a8415b,2026-10-03T14:01:39.368Z,2026-10-03T14:01:41.292Z,NA,observed
qc-prov-repaq-00106,REPOFF,Clément Côté-Jacob,2026-09-05,NA,src_0adf08e78b00,src_0adf08e78b00_20261003140139368_786700a8415b,2026-10-03T14:01:39.368Z,2026-10-03T14:01:41.292Z,NA,observed
qc-prov-repaq-00010,AO,Vanessa Hernande,2022-08-22,NA,src_0adf08e78b00,src_0adf08e78b00_20261003140139368_786700a8415b,2026-10-03T14:01:39.368Z,2026-10-03T14:01:41.292Z,NA,observed
qc-prov-repaq-00010,CHEF,Charles Milliard,2026-02-13,NA,src_0adf08e78b00,src_0adf08e78b00_20261003140139368_786700a8415b,2026-10-03T14:01:39.368Z,2026-10-03T14:01:41.292Z,NA,observed
qc-prov-repaq-00010,REPOFF,Sylvain Langis,2025-12-22,NA,src_0adf08e78b00,src_0adf08e78b00_20261003140139368_786700a8415b,2026-10-03T14:01:39.368Z,2026-10-03T14:01:41.292Z,NA,observed
qc-prov-repaq-99291,AO,Christophe Boivin,2026-06-30,NA,src_0adf08e78b00,src_0adf08e78b00_20261003140139368_786700a8415b,2026-10-03T14:01:39.368Z,2026-10-03T14:01:41.292Z,NA,observed
qc-prov-repaq-99291,CHEF,Charles Olivier,2026-05-22,NA,src_0adf08e78b00,src_0adf08e78b00_20261003140139368_786700a8415b,2026-10-03T14:01:39.368Z,2026-10-03T14:01:41.292Z,NA,observed
qc-prov-repaq-99291,REPOFF,Christophe Boivin,2026-06-30,NA,src_0adf08e78b00,src_0adf08e78b00_20261003140139368_786700a8415b,2026-10-03T14:01:39.368Z,2026-10-03T14:01:41.292Z,NA,observed
qc-prov-repaq-00034,AO,Christian Legeais,1998-10-23,NA,src_0adf08e78b00,src_0adf08e78b00_20261003140139368_786700a8415b,2026-10-03T14:01:39.368Z,2026-10-03T14:01:41.292Z,NA,observed
qc-prov-repaq-00034,CHEF,Christine Dandenault,2023-06-11,NA,src_0adf08e78b00,src_0adf08e78b00_20261003140139368_786700a8415b,2026-10-03T14:01:39.368Z,2026-10-03T14:01:41.292Z,NA,observed
qc-prov-repaq-00034,REPOFF,Christian Legeais,1998-10-23,NA,src_0adf08e78b00,src_0adf08e78b00_20261003140139368_786700a8415b,2026-10-03T14:01:39.368Z,2026-10-03T14:01:41.292Z,NA,observed
qc-prov-repaq-00080,AO,Cindy Rousseau,2016-01-01,NA,src_0adf08e78b00,src_0adf08e78b00_20261003140139368_786700a8415b,2026-10-03T14:01:39.368Z,2026-10-03T14:01:41.292Z,NA,observed
qc-prov-repaq-00080,CHEF,Renaud Blais,2009-04-09,NA,src_0adf08e78b00,src_0adf08e78b00_20261003140139368_786700a8415b,2026-10-03T14:01:39.368Z,2026-10-03T14:01:41.292Z,NA,observed
qc-prov-repaq-00080,REPOFF,Cindy Rousseau,2016-01-01,NA,src_0adf08e78b00,src_0adf08e78b00_20261003140139368_786700a8415b,2026-10-03T14:01:39.368Z,2026-10-03T14:01:41.292Z,NA,observed
qc-prov-repaq-00016,AO,Sylvain Gauthier,2025-02-14,NA,src_0adf08e78b00,src_0adf08e78b00_20261003140139368_786700a8415b,2026-10-03T14:01:39.368Z,2026-10-03T14:01:41.292Z,NA,observed
qc-prov-repaq-00016,CHEF,Paul St-Pierre Plamondon,2020-10-14,NA,src_0adf08e78b00,src_0adf08e78b00_20261003140139368_786700a8415b,2026-10-03T14:01:39.368Z,2026-10-03T14:01:41.292Z,NA,observed
qc-prov-repaq-00016,REPOFF,Sylvain Gauthier,2025-02-14,NA,src_0adf08e78b00,src_0adf08e78b00_20261003140139368_786700a8415b,2026-10-03T14:01:39.368Z,2026-10-03T14:01:41.292Z,NA,observed
qc-prov-repaq-00061,AO,Nicholas Lescarbeau,2023-01-09,NA,src_0adf08e78b00,src_0adf08e78b00_20261003140139368_786700a8415b,2026-10-03T14:01:39.368Z,2026-10-03T14:01:41.292Z,NA,observed
qc-prov-repaq-00061,CHEF,Alex Tyrrell,2013-09-21,NA,src_0adf08e78b00,src_0adf08e78b00_20261003140139368_786700a8415b,2026-10-03T14:01:39.368Z,2026-10-03T14:01:41.292Z,NA,observed
qc-prov-repaq-00061,REPOFF,Nicholas Lescarbeau,2023-01-09,NA,src_0adf08e78b00,src_0adf08e78b00_20261003140139368_786700a8415b,2026-10-03T14:01:39.368Z,2026-10-03T14:01:41.292Z,NA,observed
qc-prov-repaq-99331,AO,Véronique Imbeault,2026-07-09,NA,src_0adf08e78b00,src_0adf08e78b00_20261003140139368_786700a8415b,2026-10-03T14:01:39.368Z,2026-10-03T14:01:41.292Z,NA,observed
qc-prov-repaq-99331,CHEF,Guillaume Tremblay,2024-04-03,NA,src_0adf08e78b00,src_0adf08e78b00_20261003140139368_786700a8415b,2026-10-03T14:01:39.368Z,2026-10-03T14:01:41.292Z,NA,observed
qc-prov-repaq-99331,REPOFF,Véronique Imbeault,2026-07-09,NA,src_0adf08e78b00,src_0adf08e78b00_20261003140139368_786700a8415b,2026-10-03T14:01:39.368Z,2026-10-03T14:01:41.292Z,NA,observed
qc-prov-repaq-99330,AO,Jean-François Laporte,2026-07-21,NA,src_0adf08e78b00,src_0adf08e78b00_20261003140139368_786700a8415b,2026-10-03T14:01:39.368Z,2026-10-03T14:01:41.292Z,NA,observed
qc-prov-repaq-99330,CHEF,Alexandre St-Pierre,2024-04-03,NA,src_0adf08e78b00,src_0adf08e78b00_20261003140139368_786700a8415b,2026-10-03T14:01:39.368Z,2026-10-03T14:01:41.292Z,NA,observed
qc-prov-repaq-99330,REPOFF,Jean-François Laporte,2026-07-21,NA,src_0adf08e78b00,src_0adf08e78b00_20261003140139368_786700a8415b,2026-10-03T14:01:39.368Z,2026-10-03T14:01:41.292Z,NA,observed
qc-prov-repaq-00039,AO,Marie-Noelle Mondoux-Lemoine,2024-08-30,NA,src_0adf08e78b00,src_0adf08e78b00_20261003140139368_786700a8415b,2026-10-03T14:01:39.368Z,2026-10-03T14:01:41.292Z,NA,observed
qc-prov-repaq-00039,CHEF,Carmen Palardy,2024-11-17,NA,src_0adf08e78b00,src_0adf08e78b00_20261003140139368_786700a8415b,2026-10-03T14:01:39.368Z,2026-10-03T14:01:41.292Z,NA,observed
qc-prov-repaq-00039,REPOFF,Angèle McClure,2024-05-26,NA,src_0adf08e78b00,src_0adf08e78b00_20261003140139368_786700a8415b,2026-10-03T14:01:39.368Z,2026-10-03T14:01:41.292Z,NA,observed
qc-prov-repaq-00059,AO,Benjamin Vachon,2025-02-27,NA,src_0adf08e78b00,src_0adf08e78b00_20261003165302725_786700a8415b,2026-10-03T16:53:02.725Z,2026-10-03T16:53:02.968Z,NA,observed
qc-prov-repaq-00059,CHEF,Jean-Patrick Berthiaume,2025-12-12,NA,src_0adf08e78b00,src_0adf08e78b00_20261003165302725_786700a8415b,2026-10-03T16:53:02.725Z,2026-10-03T16:53:02.968Z,NA,observed
qc-prov-repaq-00059,REPOFF,Benjamin Vachon,2025-02-27,NA,src_0adf08e78b00,src_0adf08e78b00_20261003165302725_786700a8415b,2026-10-03T16:53:02.725Z,2026-10-03T16:53:02.968Z,NA,observed
qc-prov-repaq-99237,AO,Patrick Ney,2022-08-25,NA,src_0adf08e78b00,src_0adf08e78b00_20261003165302725_786700a8415b,2026-10-03T16:53:02.725Z,2026-10-03T16:53:02.968Z,NA,observed
qc-prov-repaq-99237,CHEF,Martine Ouellet,2021-08-02,NA,src_0adf08e78b00,src_0adf08e78b00_20261003165302725_786700a8415b,2026-10-03T16:53:02.725Z,2026-10-03T16:53:02.968Z,NA,observed
qc-prov-repaq-99237,REPOFF,Patrick Ney,2021-08-02,NA,src_0adf08e78b00,src_0adf08e78b00_20261003165302725_786700a8415b,2026-10-03T16:53:02.725Z,2026-10-03T16:53:02.968Z,NA,observed
qc-prov-repaq-99286,AO,Adam Ménard,2023-10-31,NA,src_0adf08e78b00,src_0adf08e78b00_20261003165302725_786700a8415b,2026-10-03T16:53:02.725Z,2026-10-03T16:53:02.968Z,NA,observed
qc-prov-repaq-99286,CHEF,Jean Charles Cléroux,2022-05-15,NA,src_0adf08e78b00,src_0adf08e78b00_20261003165302725_786700a8415b,2026-10-03T16:53:02.725Z,2026-10-03T16:53:02.968Z,NA,observed
qc-prov-repaq-99286,REPOFF,Adam Ménard,2023-10-31,NA,src_0adf08e78b00,src_0adf08e78b00_20261003165302725_786700a8415b,2026-10-03T16:53:02.725Z,2026-10-03T16:53:02.968Z,NA,observed
qc-prov-repaq-00087,AO,Carol Nadeau,2012-03-21,NA,src_0adf08e78b00,src_0adf08e78b00_20261003165302725_786700a8415b,2026-10-03T16:53:02.725Z,2026-10-03T16:53:02.968Z,NA,observed
qc-prov-repaq-00087,CHEF,Louis Chandonnet,2025-01-01,NA,src_0adf08e78b00,src_0adf08e78b00_20261003165302725_786700a8415b,2026-10-03T16:53:02.725Z,2026-10-03T16:53:02.968Z,NA,observed
qc-prov-repaq-00087,REPOFF,Carol Nadeau,2012-03-21,NA,src_0adf08e78b00,src_0adf08e78b00_20261003165302725_786700a8415b,2026-10-03T16:53:02.725Z,2026-10-03T16:53:02.968Z,NA,observed
qc-prov-repaq-00085,AO,Nathalie Normand,2026-02-18,NA,src_0adf08e78b00,src_0adf08e78b00_20261003165302725_786700a8415b,2026-10-03T16:53:02.725Z,2026-10-03T16:53:02.968Z,NA,observed
qc-prov-repaq-00085,CHEF,Christine Fréchette,2026-04-12,NA,src_0adf08e78b00,src_0adf08e78b00_20261003165302725_786700a8415b,2026-10-03T16:53:02.725Z,2026-10-03T16:53:02.968Z,NA,observed
qc-prov-repaq-00085,REPOFF,Martin Labrie,2012-10-22,NA,src_0adf08e78b00,src_0adf08e78b00_20261003165302725_786700a8415b,2026-10-03T16:53:02.725Z,2026-10-03T16:53:02.968Z,NA,observed
qc-prov-repaq-99375,AO,Joyce Mbany,2026-09-02,NA,src_0adf08e78b00,src_0adf08e78b00_20261003165302725_786700a8415b,2026-10-03T16:53:02.725Z,2026-10-03T16:53:02.968Z,NA,observed
qc-prov-repaq-99375,CHEF,Ludovic Mbany,2026-09-02,NA,src_0adf08e78b00,src_0adf08e78b00_20261003165302725_786700a8415b,2026-10-03T16:53:02.725Z,2026-10-03T16:53:02.968Z,NA,observed
qc-prov-repaq-99375,REPOFF,Joyce Mbany,2026-09-02,NA,src_0adf08e78b00,src_0adf08e78b00_20261003165302725_786700a8415b,2026-10-03T16:53:02.725Z,2026-10-03T16:53:02.968Z,NA,observed
qc-prov-repaq-99341,AO,Lise Lalande,2025-01-22,NA,src_0adf08e78b00,src_0adf08e78b00_20261003165302725_786700a8415b,2026-10-03T16:53:02.725Z,2026-10-03T16:53:02.968Z,NA,observed
qc-prov-repaq-99341,CHEF,Shawn  Lalande McLean,2025-01-22,NA,src_0adf08e78b00,src_0adf08e78b00_20261003165302725_786700a8415b,2026-10-03T16:53:02.725Z,2026-10-03T16:53:02.968Z,NA,observed
qc-prov-repaq-99341,REPOFF,Lise Lalande,2025-01-22,NA,src_0adf08e78b00,src_0adf08e78b00_20261003165302725_786700a8415b,2026-10-03T16:53:02.725Z,2026-10-03T16:53:02.968Z,NA,observed
qc-prov-repaq-99263,AO,Christopher Cioffi,2025-11-30,NA,src_0adf08e78b00,src_0adf08e78b00_20261003165302725_786700a8415b,2026-10-03T16:53:02.725Z,2026-10-03T16:53:02.968Z,NA,observed
qc-prov-repaq-99263,CHEF,Joseph Cianflone,2025-02-01,NA,src_0adf08e78b00,src_0adf08e78b00_20261003165302725_786700a8415b,2026-10-03T16:53:02.725Z,2026-10-03T16:53:02.968Z,NA,observed
qc-prov-repaq-99263,REPOFF,Christopher Cioffi,2026-07-29,NA,src_0adf08e78b00,src_0adf08e78b00_20261003165302725_786700a8415b,2026-10-03T16:53:02.725Z,2026-10-03T16:53:02.968Z,NA,observed
qc-prov-repaq-99318,AO,Jean-Philippe Fortin,2023-06-12,NA,src_0adf08e78b00,src_0adf08e78b00_20261003165302725_786700a8415b,2026-10-03T16:53:02.725Z,2026-10-03T16:53:02.968Z,NA,observed
qc-prov-repaq-99318,CHEF,Adrien Welsh,2023-03-03,NA,src_0adf08e78b00,src_0adf08e78b00_20261003165302725_786700a8415b,2026-10-03T16:53:02.725Z,2026-10-03T16:53:02.968Z,NA,observed
qc-prov-repaq-99318,REPOFF,Jean-Philippe Fortin,2023-06-12,NA,src_0adf08e78b00,src_0adf08e78b00_20261003165302725_786700a8415b,2026-10-03T16:53:02.725Z,2026-10-03T16:53:02.968Z,NA,observed
qc-prov-repaq-00079,AO,Patrice Raza,2016-02-22,NA,src_0adf08e78b00,src_0adf08e78b00_20261003165302725_786700a8415b,2026-10-03T16:53:02.725Z,2026-10-03T16:53:02.968Z,NA,observed
qc-prov-repaq-00079,CHEF,Éric Duhaime,2021-04-17,NA,src_0adf08e78b00,src_0adf08e78b00_20261003165302725_786700a8415b,2026-10-03T16:53:02.725Z,2026-10-03T16:53:02.968Z,NA,observed
qc-prov-repaq-00079,REPOFF,Patrice Raza,2016-02-22,NA,src_0adf08e78b00,src_0adf08e78b00_20261003165302725_786700a8415b,2026-10-03T16:53:02.725Z,2026-10-03T16:53:02.968Z,NA,observed
qc-prov-repaq-00106,AO,Clément Côté-Jacob,2026-07-08,NA,src_0adf08e78b00,src_0adf08e78b00_20261003165302725_786700a8415b,2026-10-03T16:53:02.725Z,2026-10-03T16:53:02.968Z,NA,observed
qc-prov-repaq-00106,CHEF,Jean-Louis Thémistocle,2018-06-08,NA,src_0adf08e78b00,src_0adf08e78b00_20261003165302725_786700a8415b,2026-10-03T16:53:02.725Z,2026-10-03T16:53:02.968Z,NA,observed
qc-prov-repaq-00106,REPOFF,Clément Côté-Jacob,2026-09-05,NA,src_0adf08e78b00,src_0adf08e78b00_20261003165302725_786700a8415b,2026-10-03T16:53:02.725Z,2026-10-03T16:53:02.968Z,NA,observed
qc-prov-repaq-00010,AO,Vanessa Hernande,2022-08-22,NA,src_0adf08e78b00,src_0adf08e78b00_20261003165302725_786700a8415b,2026-10-03T16:53:02.725Z,2026-10-03T16:53:02.968Z,NA,observed
qc-prov-repaq-00010,CHEF,Charles Milliard,2026-02-13,NA,src_0adf08e78b00,src_0adf08e78b00_20261003165302725_786700a8415b,2026-10-03T16:53:02.725Z,2026-10-03T16:53:02.968Z,NA,observed
qc-prov-repaq-00010,REPOFF,Sylvain Langis,2025-12-22,NA,src_0adf08e78b00,src_0adf08e78b00_20261003165302725_786700a8415b,2026-10-03T16:53:02.725Z,2026-10-03T16:53:02.968Z,NA,observed
qc-prov-repaq-99291,AO,Christophe Boivin,2026-06-30,NA,src_0adf08e78b00,src_0adf08e78b00_20261003165302725_786700a8415b,2026-10-03T16:53:02.725Z,2026-10-03T16:53:02.968Z,NA,observed
qc-prov-repaq-99291,CHEF,Charles Olivier,2026-05-22,NA,src_0adf08e78b00,src_0adf08e78b00_20261003165302725_786700a8415b,2026-10-03T16:53:02.725Z,2026-10-03T16:53:02.968Z,NA,observed
qc-prov-repaq-99291,REPOFF,Christophe Boivin,2026-06-30,NA,src_0adf08e78b00,src_0adf08e78b00_20261003165302725_786700a8415b,2026-10-03T16:53:02.725Z,2026-10-03T16:53:02.968Z,NA,observed
qc-prov-repaq-00034,AO,Christian Legeais,1998-10-23,NA,src_0adf08e78b00,src_0adf08e78b00_20261003165302725_786700a8415b,2026-10-03T16:53:02.725Z,2026-10-03T16:53:02.968Z,NA,observed
qc-prov-repaq-00034,CHEF,Christine Dandenault,2023-06-11,NA,src_0adf08e78b00,src_0adf08e78b00_20261003165302725_786700a8415b,2026-10-03T16:53:02.725Z,2026-10-03T16:53:02.968Z,NA,observed
qc-prov-repaq-00034,REPOFF,Christian Legeais,1998-10-23,NA,src_0adf08e78b00,src_0adf08e78b00_20261003165302725_786700a8415b,2026-10-03T16:53:02.725Z,2026-10-03T16:53:02.968Z,NA,observed
qc-prov-repaq-00080,AO,Cindy Rousseau,2016-01-01,NA,src_0adf08e78b00,src_0adf08e78b00_20261003165302725_786700a8415b,2026-10-03T16:53:02.725Z,2026-10-03T16:53:02.968Z,NA,observed
qc-prov-repaq-00080,CHEF,Renaud Blais,2009-04-09,NA,src_0adf08e78b00,src_0adf08e78b00_20261003165302725_786700a8415b,2026-10-03T16:53:02.725Z,2026-10-03T16:53:02.968Z,NA,observed
qc-prov-repaq-00080,REPOFF,Cindy Rousseau,2016-01-01,NA,src_0adf08e78b00,src_0adf08e78b00_20261003165302725_786700a8415b,2026-10-03T16:53:02.725Z,2026-10-03T16:53:02.968Z,NA,observed
qc-prov-repaq-00016,AO,Sylvain Gauthier,2025-02-14,NA,src_0adf08e78b00,src_0adf08e78b00_20261003165302725_786700a8415b,2026-10-03T16:53:02.725Z,2026-10-03T16:53:02.968Z,NA,observed
qc-prov-repaq-00016,CHEF,Paul St-Pierre Plamondon,2020-10-14,NA,src_0adf08e78b00,src_0adf08e78b00_20261003165302725_786700a8415b,2026-10-03T16:53:02.725Z,2026-10-03T16:53:02.968Z,NA,observed
qc-prov-repaq-00016,REPOFF,Sylvain Gauthier,2025-02-14,NA,src_0adf08e78b00,src_0adf08e78b00_20261003165302725_786700a8415b,2026-10-03T16:53:02.725Z,2026-10-03T16:53:02.968Z,NA,observed
qc-prov-repaq-00061,AO,Nicholas Lescarbeau,2023-01-09,NA,src_0adf08e78b00,src_0adf08e78b00_20261003165302725_786700a8415b,2026-10-03T16:53:02.725Z,2026-10-03T16:53:02.968Z,NA,observed
qc-prov-repaq-00061,CHEF,Alex Tyrrell,2013-09-21,NA,src_0adf08e78b00,src_0adf08e78b00_20261003165302725_786700a8415b,2026-10-03T16:53:02.725Z,2026-10-03T16:53:02.968Z,NA,observed
qc-prov-repaq-00061,REPOFF,Nicholas Lescarbeau,2023-01-09,NA,src_0adf08e78b00,src_0adf08e78b00_20261003165302725_786700a8415b,2026-10-03T16:53:02.725Z,2026-10-03T16:53:02.968Z,NA,observed
qc-prov-repaq-99331,AO,Véronique Imbeault,2026-07-09,NA,src_0adf08e78b00,src_0adf08e78b00_20261003165302725_786700a8415b,2026-10-03T16:53:02.725Z,2026-10-03T16:53:02.968Z,NA,observed
qc-prov-repaq-99331,CHEF,Guillaume Tremblay,2024-04-03,NA,src_0adf08e78b00,src_0adf08e78b00_20261003165302725_786700a8415b,2026-10-03T16:53:02.725Z,2026-10-03T16:53:02.968Z,NA,observed
qc-prov-repaq-99331,REPOFF,Véronique Imbeault,2026-07-09,NA,src_0adf08e78b00,src_0adf08e78b00_20261003165302725_786700a8415b,2026-10-03T16:53:02.725Z,2026-10-03T16:53:02.968Z,NA,observed
qc-prov-repaq-99330,AO,Jean-François Laporte,2026-07-21,NA,src_0adf08e78b00,src_0adf08e78b00_20261003165302725_786700a8415b,2026-10-03T16:53:02.725Z,2026-10-03T16:53:02.968Z,NA,observed
qc-prov-repaq-99330,CHEF,Alexandre St-Pierre,2024-04-03,NA,src_0adf08e78b00,src_0adf08e78b00_20261003165302725_786700a8415b,2026-10-03T16:53:02.725Z,2026-10-03T16:53:02.968Z,NA,observed
qc-prov-repaq-99330,REPOFF,Jean-François Laporte,2026-07-21,NA,src_0adf08e78b00,src_0adf08e78b00_20261003165302725_786700a8415b,2026-10-03T16:53:02.725Z,2026-10-03T16:53:02.968Z,NA,observed
qc-prov-repaq-00039,AO,Marie-Noelle Mondoux-Lemoine,2024-08-30,NA,src_0adf08e78b00,src_0adf08e78b00_20261003165302725_786700a8415b,2026-10-03T16:53:02.725Z,2026-10-03T16:53:02.968Z,NA,observed
qc-prov-repaq-00039,CHEF,Carmen Palardy,2024-11-17,NA,src_0adf08e78b00,src_0adf08e78b00_20261003165302725_786700a8415b,2026-10-03T16:53:02.725Z,2026-10-03T16:53:02.968Z,NA,observed
qc-prov-repaq-00039,REPOFF,Angèle McClure,2024-05-26,NA,src_0adf08e78b00,src_0adf08e78b00_20261003165302725_786700a8415b,2026-10-03T16:53:02.725Z,2026-10-03T16:53:02.968Z,NA,observed
qc-prov-repaq-00059,AO,Benjamin Vachon,2025-02-27,NA,src_0adf08e78b00,src_0adf08e78b00_20261004140738069_786700a8415b,2026-10-04T14:07:38.069Z,2026-10-04T14:07:38.087Z,NA,observed
qc-prov-repaq-00059,CHEF,Jean-Patrick Berthiaume,2025-12-12,NA,src_0adf08e78b00,src_0adf08e78b00_20261004140738069_786700a8415b,2026-10-04T14:07:38.069Z,2026-10-04T14:07:38.087Z,NA,observed
qc-prov-repaq-00059,REPOFF,Benjamin Vachon,2025-02-27,NA,src_0adf08e78b00,src_0adf08e78b00_20261004140738069_786700a8415b,2026-10-04T14:07:38.069Z,2026-10-04T14:07:38.087Z,NA,observed
qc-prov-repaq-99237,AO,Patrick Ney,2022-08-25,NA,src_0adf08e78b00,src_0adf08e78b00_20261004140738069_786700a8415b,2026-10-04T14:07:38.069Z,2026-10-04T14:07:38.087Z,NA,observed
qc-prov-repaq-99237,CHEF,Martine Ouellet,2021-08-02,NA,src_0adf08e78b00,src_0adf08e78b00_20261004140738069_786700a8415b,2026-10-04T14:07:38.069Z,2026-10-04T14:07:38.087Z,NA,observed
qc-prov-repaq-99237,REPOFF,Patrick Ney,2021-08-02,NA,src_0adf08e78b00,src_0adf08e78b00_20261004140738069_786700a8415b,2026-10-04T14:07:38.069Z,2026-10-04T14:07:38.087Z,NA,observed
qc-prov-repaq-99286,AO,Adam Ménard,2023-10-31,NA,src_0adf08e78b00,src_0adf08e78b00_20261004140738069_786700a8415b,2026-10-04T14:07:38.069Z,2026-10-04T14:07:38.087Z,NA,observed
qc-prov-repaq-99286,CHEF,Jean Charles Cléroux,2022-05-15,NA,src_0adf08e78b00,src_0adf08e78b00_20261004140738069_786700a8415b,2026-10-04T14:07:38.069Z,2026-10-04T14:07:38.087Z,NA,observed
qc-prov-repaq-99286,REPOFF,Adam Ménard,2023-10-31,NA,src_0adf08e78b00,src_0adf08e78b00_20261004140738069_786700a8415b,2026-10-04T14:07:38.069Z,2026-10-04T14:07:38.087Z,NA,observed
qc-prov-repaq-00087,AO,Carol Nadeau,2012-03-21,NA,src_0adf08e78b00,src_0adf08e78b00_20261004140738069_786700a8415b,2026-10-04T14:07:38.069Z,2026-10-04T14:07:38.087Z,NA,observed
qc-prov-repaq-00087,CHEF,Louis Chandonnet,2025-01-01,NA,src_0adf08e78b00,src_0adf08e78b00_20261004140738069_786700a8415b,2026-10-04T14:07:38.069Z,2026-10-04T14:07:38.087Z,NA,observed
qc-prov-repaq-00087,REPOFF,Carol Nadeau,2012-03-21,NA,src_0adf08e78b00,src_0adf08e78b00_20261004140738069_786700a8415b,2026-10-04T14:07:38.069Z,2026-10-04T14:07:38.087Z,NA,observed
qc-prov-repaq-00085,AO,Nathalie Normand,2026-02-18,NA,src_0adf08e78b00,src_0adf08e78b00_20261004140738069_786700a8415b,2026-10-04T14:07:38.069Z,2026-10-04T14:07:38.087Z,NA,observed
qc-prov-repaq-00085,CHEF,Christine Fréchette,2026-04-12,NA,src_0adf08e78b00,src_0adf08e78b00_20261004140738069_786700a8415b,2026-10-04T14:07:38.069Z,2026-10-04T14:07:38.087Z,NA,observed
qc-prov-repaq-00085,REPOFF,Martin Labrie,2012-10-22,NA,src_0adf08e78b00,src_0adf08e78b00_20261004140738069_786700a8415b,2026-10-04T14:07:38.069Z,2026-10-04T14:07:38.087Z,NA,observed
qc-prov-repaq-99375,AO,Joyce Mbany,2026-09-02,NA,src_0adf08e78b00,src_0adf08e78b00_20261004140738069_786700a8415b,2026-10-04T14:07:38.069Z,2026-10-04T14:07:38.087Z,NA,observed
qc-prov-repaq-99375,CHEF,Ludovic Mbany,2026-09-02,NA,src_0adf08e78b00,src_0adf08e78b00_20261004140738069_786700a8415b,2026-10-04T14:07:38.069Z,2026-10-04T14:07:38.087Z,NA,observed
qc-prov-repaq-99375,REPOFF,Joyce Mbany,2026-09-02,NA,src_0adf08e78b00,src_0adf08e78b00_20261004140738069_786700a8415b,2026-10-04T14:07:38.069Z,2026-10-04T14:07:38.087Z,NA,observed
qc-prov-repaq-99341,AO,Lise Lalande,2025-01-22,NA,src_0adf08e78b00,src_0adf08e78b00_20261004140738069_786700a8415b,2026-10-04T14:07:38.069Z,2026-10-04T14:07:38.087Z,NA,observed
qc-prov-repaq-99341,CHEF,Shawn  Lalande McLean,2025-01-22,NA,src_0adf08e78b00,src_0adf08e78b00_20261004140738069_786700a8415b,2026-10-04T14:07:38.069Z,2026-10-04T14:07:38.087Z,NA,observed
qc-prov-repaq-99341,REPOFF,Lise Lalande,2025-01-22,NA,src_0adf08e78b00,src_0adf08e78b00_20261004140738069_786700a8415b,2026-10-04T14:07:38.069Z,2026-10-04T14:07:38.087Z,NA,observed
qc-prov-repaq-99263,AO,Christopher Cioffi,2025-11-30,NA,src_0adf08e78b00,src_0adf08e78b00_20261004140738069_786700a8415b,2026-10-04T14:07:38.069Z,2026-10-04T14:07:38.087Z,NA,observed
qc-prov-repaq-99263,CHEF,Joseph Cianflone,2025-02-01,NA,src_0adf08e78b00,src_0adf08e78b00_20261004140738069_786700a8415b,2026-10-04T14:07:38.069Z,2026-10-04T14:07:38.087Z,NA,observed
qc-prov-repaq-99263,REPOFF,Christopher Cioffi,2026-07-29,NA,src_0adf08e78b00,src_0adf08e78b00_20261004140738069_786700a8415b,2026-10-04T14:07:38.069Z,2026-10-04T14:07:38.087Z,NA,observed
qc-prov-repaq-99318,AO,Jean-Philippe Fortin,2023-06-12,NA,src_0adf08e78b00,src_0adf08e78b00_20261004140738069_786700a8415b,2026-10-04T14:07:38.069Z,2026-10-04T14:07:38.087Z,NA,observed
qc-prov-repaq-99318,CHEF,Adrien Welsh,2023-03-03,NA,src_0adf08e78b00,src_0adf08e78b00_20261004140738069_786700a8415b,2026-10-04T14:07:38.069Z,2026-10-04T14:07:38.087Z,NA,observed
qc-prov-repaq-99318,REPOFF,Jean-Philippe Fortin,2023-06-12,NA,src_0adf08e78b00,src_0adf08e78b00_20261004140738069_786700a8415b,2026-10-04T14:07:38.069Z,2026-10-04T14:07:38.087Z,NA,observed
qc-prov-repaq-00079,AO,Patrice Raza,2016-02-22,NA,src_0adf08e78b00,src_0adf08e78b00_20261004140738069_786700a8415b,2026-10-04T14:07:38.069Z,2026-10-04T14:07:38.087Z,NA,observed
qc-prov-repaq-00079,CHEF,Éric Duhaime,2021-04-17,NA,src_0adf08e78b00,src_0adf08e78b00_20261004140738069_786700a8415b,2026-10-04T14:07:38.069Z,2026-10-04T14:07:38.087Z,NA,observed
qc-prov-repaq-00079,REPOFF,Patrice Raza,2016-02-22,NA,src_0adf08e78b00,src_0adf08e78b00_20261004140738069_786700a8415b,2026-10-04T14:07:38.069Z,2026-10-04T14:07:38.087Z,NA,observed
qc-prov-repaq-00106,AO,Clément Côté-Jacob,2026-07-08,NA,src_0adf08e78b00,src_0adf08e78b00_20261004140738069_786700a8415b,2026-10-04T14:07:38.069Z,2026-10-04T14:07:38.087Z,NA,observed
qc-prov-repaq-00106,CHEF,Jean-Louis Thémistocle,2018-06-08,NA,src_0adf08e78b00,src_0adf08e78b00_20261004140738069_786700a8415b,2026-10-04T14:07:38.069Z,2026-10-04T14:07:38.087Z,NA,observed
qc-prov-repaq-00106,REPOFF,Clément Côté-Jacob,2026-09-05,NA,src_0adf08e78b00,src_0adf08e78b00_20261004140738069_786700a8415b,2026-10-04T14:07:38.069Z,2026-10-04T14:07:38.087Z,NA,observed
qc-prov-repaq-00010,AO,Vanessa Hernande,2022-08-22,NA,src_0adf08e78b00,src_0adf08e78b00_20261004140738069_786700a8415b,2026-10-04T14:07:38.069Z,2026-10-04T14:07:38.087Z,NA,observed
qc-prov-repaq-00010,CHEF,Charles Milliard,2026-02-13,NA,src_0adf08e78b00,src_0adf08e78b00_20261004140738069_786700a8415b,2026-10-04T14:07:38.069Z,2026-10-04T14:07:38.087Z,NA,observed
qc-prov-repaq-00010,REPOFF,Sylvain Langis,2025-12-22,NA,src_0adf08e78b00,src_0adf08e78b00_20261004140738069_786700a8415b,2026-10-04T14:07:38.069Z,2026-10-04T14:07:38.087Z,NA,observed
qc-prov-repaq-99291,AO,Christophe Boivin,2026-06-30,NA,src_0adf08e78b00,src_0adf08e78b00_20261004140738069_786700a8415b,2026-10-04T14:07:38.069Z,2026-10-04T14:07:38.087Z,NA,observed
qc-prov-repaq-99291,CHEF,Charles Olivier,2026-05-22,NA,src_0adf08e78b00,src_0adf08e78b00_20261004140738069_786700a8415b,2026-10-04T14:07:38.069Z,2026-10-04T14:07:38.087Z,NA,observed
qc-prov-repaq-99291,REPOFF,Christophe Boivin,2026-06-30,NA,src_0adf08e78b00,src_0adf08e78b00_20261004140738069_786700a8415b,2026-10-04T14:07:38.069Z,2026-10-04T14:07:38.087Z,NA,observed
qc-prov-repaq-00034,AO,Christian Legeais,1998-10-23,NA,src_0adf08e78b00,src_0adf08e78b00_20261004140738069_786700a8415b,2026-10-04T14:07:38.069Z,2026-10-04T14:07:38.087Z,NA,observed
qc-prov-repaq-00034,CHEF,Christine Dandenault,2023-06-11,NA,src_0adf08e78b00,src_0adf08e78b00_20261004140738069_786700a8415b,2026-10-04T14:07:38.069Z,2026-10-04T14:07:38.087Z,NA,observed
qc-prov-repaq-00034,REPOFF,Christian Legeais,1998-10-23,NA,src_0adf08e78b00,src_0adf08e78b00_20261004140738069_786700a8415b,2026-10-04T14:07:38.069Z,2026-10-04T14:07:38.087Z,NA,observed
qc-prov-repaq-00080,AO,Cindy Rousseau,2016-01-01,NA,src_0adf08e78b00,src_0adf08e78b00_20261004140738069_786700a8415b,2026-10-04T14:07:38.069Z,2026-10-04T14:07:38.087Z,NA,observed
qc-prov-repaq-00080,CHEF,Renaud Blais,2009-04-09,NA,src_0adf08e78b00,src_0adf08e78b00_20261004140738069_786700a8415b,2026-10-04T14:07:38.069Z,2026-10-04T14:07:38.087Z,NA,observed
qc-prov-repaq-00080,REPOFF,Cindy Rousseau,2016-01-01,NA,src_0adf08e78b00,src_0adf08e78b00_20261004140738069_786700a8415b,2026-10-04T14:07:38.069Z,2026-10-04T14:07:38.087Z,NA,observed
qc-prov-repaq-00016,AO,Sylvain Gauthier,2025-02-14,NA,src_0adf08e78b00,src_0adf08e78b00_20261004140738069_786700a8415b,2026-10-04T14:07:38.069Z,2026-10-04T14:07:38.087Z,NA,observed
qc-prov-repaq-00016,CHEF,Paul St-Pierre Plamondon,2020-10-14,NA,src_0adf08e78b00,src_0adf08e78b00_20261004140738069_786700a8415b,2026-10-04T14:07:38.069Z,2026-10-04T14:07:38.087Z,NA,observed
qc-prov-repaq-00016,REPOFF,Sylvain Gauthier,2025-02-14,NA,src_0adf08e78b00,src_0adf08e78b00_20261004140738069_786700a8415b,2026-10-04T14:07:38.069Z,2026-10-04T14:07:38.087Z,NA,observed
qc-prov-repaq-00061,AO,Nicholas Lescarbeau,2023-01-09,NA,src_0adf08e78b00,src_0adf08e78b00_20261004140738069_786700a8415b,2026-10-04T14:07:38.069Z,2026-10-04T14:07:38.087Z,NA,observed
qc-prov-repaq-00061,CHEF,Alex Tyrrell,2013-09-21,NA,src_0adf08e78b00,src_0adf08e78b00_20261004140738069_786700a8415b,2026-10-04T14:07:38.069Z,2026-10-04T14:07:38.087Z,NA,observed
qc-prov-repaq-00061,REPOFF,Nicholas Lescarbeau,2023-01-09,NA,src_0adf08e78b00,src_0adf08e78b00_20261004140738069_786700a8415b,2026-10-04T14:07:38.069Z,2026-10-04T14:07:38.087Z,NA,observed
qc-prov-repaq-99331,AO,Véronique Imbeault,2026-07-09,NA,src_0adf08e78b00,src_0adf08e78b00_20261004140738069_786700a8415b,2026-10-04T14:07:38.069Z,2026-10-04T14:07:38.087Z,NA,observed
qc-prov-repaq-99331,CHEF,Guillaume Tremblay,2024-04-03,NA,src_0adf08e78b00,src_0adf08e78b00_20261004140738069_786700a8415b,2026-10-04T14:07:38.069Z,2026-10-04T14:07:38.087Z,NA,observed
qc-prov-repaq-99331,REPOFF,Véronique Imbeault,2026-07-09,NA,src_0adf08e78b00,src_0adf08e78b00_20261004140738069_786700a8415b,2026-10-04T14:07:38.069Z,2026-10-04T14:07:38.087Z,NA,observed
qc-prov-repaq-99330,AO,Jean-François Laporte,2026-07-21,NA,src_0adf08e78b00,src_0adf08e78b00_20261004140738069_786700a8415b,2026-10-04T14:07:38.069Z,2026-10-04T14:07:38.087Z,NA,observed
qc-prov-repaq-99330,CHEF,Alexandre St-Pierre,2024-04-03,NA,src_0adf08e78b00,src_0adf08e78b00_20261004140738069_786700a8415b,2026-10-04T14:07:38.069Z,2026-10-04T14:07:38.087Z,NA,observed
qc-prov-repaq-99330,REPOFF,Jean-François Laporte,2026-07-21,NA,src_0adf08e78b00,src_0adf08e78b00_20261004140738069_786700a8415b,2026-10-04T14:07:38.069Z,2026-10-04T14:07:38.087Z,NA,observed
qc-prov-repaq-00039,AO,Marie-Noelle Mondoux-Lemoine,2024-08-30,NA,src_0adf08e78b00,src_0adf08e78b00_20261004140738069_786700a8415b,2026-10-04T14:07:38.069Z,2026-10-04T14:07:38.087Z,NA,observed
qc-prov-repaq-00039,CHEF,Carmen Palardy,2024-11-17,NA,src_0adf08e78b00,src_0adf08e78b00_20261004140738069_786700a8415b,2026-10-04T14:07:38.069Z,2026-10-04T14:07:38.087Z,NA,observed
qc-prov-repaq-00039,REPOFF,Angèle McClure,2024-05-26,NA,src_0adf08e78b00,src_0adf08e78b00_20261004140738069_786700a8415b,2026-10-04T14:07:38.069Z,2026-10-04T14:07:38.087Z,NA,observed
qc-prov-repaq-00059,AO,Benjamin Vachon,2025-02-27,NA,src_0adf08e78b00,src_0adf08e78b00_20261006151624817_dba5fb5b3f10,2026-10-06T15:16:24.817Z,2026-10-06T15:16:24.842Z,NA,observed
qc-prov-repaq-00059,CHEF,Jean-Patrick Berthiaume,2025-12-12,NA,src_0adf08e78b00,src_0adf08e78b00_20261006151624817_dba5fb5b3f10,2026-10-06T15:16:24.817Z,2026-10-06T15:16:24.842Z,NA,observed
qc-prov-repaq-00059,REPOFF,Benjamin Vachon,2025-02-27,NA,src_0adf08e78b00,src_0adf08e78b00_20261006151624817_dba5fb5b3f10,2026-10-06T15:16:24.817Z,2026-10-06T15:16:24.842Z,NA,observed
qc-prov-repaq-99237,AO,Patrick Ney,2022-08-25,NA,src_0adf08e78b00,src_0adf08e78b00_20261006151624817_dba5fb5b3f10,2026-10-06T15:16:24.817Z,2026-10-06T15:16:24.842Z,NA,observed
qc-prov-repaq-99237,CHEF,Martine Ouellet,2021-08-02,NA,src_0adf08e78b00,src_0adf08e78b00_20261006151624817_dba5fb5b3f10,2026-10-06T15:16:24.817Z,2026-10-06T15:16:24.842Z,NA,observed
qc-prov-repaq-99237,REPOFF,Patrick Ney,2021-08-02,NA,src_0adf08e78b00,src_0adf08e78b00_20261006151624817_dba5fb5b3f10,2026-10-06T15:16:24.817Z,2026-10-06T15:16:24.842Z,NA,observed
qc-prov-repaq-99286,AO,Adam Ménard,2023-10-31,NA,src_0adf08e78b00,src_0adf08e78b00_20261006151624817_dba5fb5b3f10,2026-10-06T15:16:24.817Z,2026-10-06T15:16:24.842Z,NA,observed
qc-prov-repaq-99286,CHEF,Jean Charles Cléroux,2022-05-15,NA,src_0adf08e78b00,src_0adf08e78b00_20261006151624817_dba5fb5b3f10,2026-10-06T15:16:24.817Z,2026-10-06T15:16:24.842Z,NA,observed
qc-prov-repaq-99286,REPOFF,Adam Ménard,2023-10-31,NA,src_0adf08e78b00,src_0adf08e78b00_20261006151624817_dba5fb5b3f10,2026-10-06T15:16:24.817Z,2026-10-06T15:16:24.842Z,NA,observed
qc-prov-repaq-00087,AO,Carol Nadeau,2012-03-21,NA,src_0adf08e78b00,src_0adf08e78b00_20261006151624817_dba5fb5b3f10,2026-10-06T15:16:24.817Z,2026-10-06T15:16:24.842Z,NA,observed
qc-prov-repaq-00087,CHEF,Louis Chandonnet,2025-01-01,NA,src_0adf08e78b00,src_0adf08e78b00_20261006151624817_dba5fb5b3f10,2026-10-06T15:16:24.817Z,2026-10-06T15:16:24.842Z,NA,observed
qc-prov-repaq-00087,REPOFF,Carol Nadeau,2012-03-21,NA,src_0adf08e78b00,src_0adf08e78b00_20261006151624817_dba5fb5b3f10,2026-10-06T15:16:24.817Z,2026-10-06T15:16:24.842Z,NA,observed
qc-prov-repaq-00085,AO,Nathalie Normand,2026-02-18,NA,src_0adf08e78b00,src_0adf08e78b00_20261006151624817_dba5fb5b3f10,2026-10-06T15:16:24.817Z,2026-10-06T15:16:24.842Z,NA,observed
qc-prov-repaq-00085,CHEF,Christine Fréchette,2026-04-12,NA,src_0adf08e78b00,src_0adf08e78b00_20261006151624817_dba5fb5b3f10,2026-10-06T15:16:24.817Z,2026-10-06T15:16:24.842Z,NA,observed
qc-prov-repaq-00085,REPOFF,Martin Labrie,2012-10-22,NA,src_0adf08e78b00,src_0adf08e78b00_20261006151624817_dba5fb5b3f10,2026-10-06T15:16:24.817Z,2026-10-06T15:16:24.842Z,NA,observed
qc-prov-repaq-99375,AO,Joyce Mbany,2026-09-02,NA,src_0adf08e78b00,src_0adf08e78b00_20261006151624817_dba5fb5b3f10,2026-10-06T15:16:24.817Z,2026-10-06T15:16:24.842Z,NA,observed
qc-prov-repaq-99375,CHEF,Ludovic Mbany,2026-09-02,NA,src_0adf08e78b00,src_0adf08e78b00_20261006151624817_dba5fb5b3f10,2026-10-06T15:16:24.817Z,2026-10-06T15:16:24.842Z,NA,observed
qc-prov-repaq-99375,REPOFF,Joyce Mbany,2026-09-02,NA,src_0adf08e78b00,src_0adf08e78b00_20261006151624817_dba5fb5b3f10,2026-10-06T15:16:24.817Z,2026-10-06T15:16:24.842Z,NA,observed
qc-prov-repaq-99341,AO,Lise Lalande,2025-01-22,NA,src_0adf08e78b00,src_0adf08e78b00_20261006151624817_dba5fb5b3f10,2026-10-06T15:16:24.817Z,2026-10-06T15:16:24.842Z,NA,observed
qc-prov-repaq-99341,CHEF,Shawn  Lalande McLean,2025-01-22,NA,src_0adf08e78b00,src_0adf08e78b00_20261006151624817_dba5fb5b3f10,2026-10-06T15:16:24.817Z,2026-10-06T15:16:24.842Z,NA,observed
qc-prov-repaq-99341,REPOFF,Lise Lalande,2025-01-22,NA,src_0adf08e78b00,src_0adf08e78b00_20261006151624817_dba5fb5b3f10,2026-10-06T15:16:24.817Z,2026-10-06T15:16:24.842Z,NA,observed
qc-prov-repaq-99263,AO,Christopher Cioffi,2025-11-30,NA,src_0adf08e78b00,src_0adf08e78b00_20261006151624817_dba5fb5b3f10,2026-10-06T15:16:24.817Z,2026-10-06T15:16:24.842Z,NA,observed
qc-prov-repaq-99263,CHEF,Joseph Cianflone,2025-02-01,NA,src_0adf08e78b00,src_0adf08e78b00_20261006151624817_dba5fb5b3f10,2026-10-06T15:16:24.817Z,2026-10-06T15:16:24.842Z,NA,observed
qc-prov-repaq-99263,REPOFF,Christopher Cioffi,2026-07-29,NA,src_0adf08e78b00,src_0adf08e78b00_20261006151624817_dba5fb5b3f10,2026-10-06T15:16:24.817Z,2026-10-06T15:16:24.842Z,NA,observed
qc-prov-repaq-99318,AO,Jean-Philippe Fortin,2023-06-12,NA,src_0adf08e78b00,src_0adf08e78b00_20261006151624817_dba5fb5b3f10,2026-10-06T15:16:24.817Z,2026-10-06T15:16:24.842Z,NA,observed
qc-prov-repaq-99318,CHEF,Adrien Welsh,2023-03-03,NA,src_0adf08e78b00,src_0adf08e78b00_20261006151624817_dba5fb5b3f10,2026-10-06T15:16:24.817Z,2026-10-06T15:16:24.842Z,NA,observed
qc-prov-repaq-99318,REPOFF,Jean-Philippe Fortin,2023-06-12,NA,src_0adf08e78b00,src_0adf08e78b00_20261006151624817_dba5fb5b3f10,2026-10-06T15:16:24.817Z,2026-10-06T15:16:24.842Z,NA,observed
qc-prov-repaq-00079,AO,Patrice Raza,2016-02-22,NA,src_0adf08e78b00,src_0adf08e78b00_20261006151624817_dba5fb5b3f10,2026-10-06T15:16:24.817Z,2026-10-06T15:16:24.842Z,NA,observed
qc-prov-repaq-00079,CHEF,Éric Duhaime,2021-04-17,NA,src_0adf08e78b00,src_0adf08e78b00_20261006151624817_dba5fb5b3f10,2026-10-06T15:16:24.817Z,2026-10-06T15:16:24.842Z,NA,observed
qc-prov-repaq-00079,REPOFF,Patrice Raza,2016-02-22,NA,src_0adf08e78b00,src_0adf08e78b00_20261006151624817_dba5fb5b3f10,2026-10-06T15:16:24.817Z,2026-10-06T15:16:24.842Z,NA,observed
qc-prov-repaq-00106,AO,Clément Côté-Jacob,2026-07-08,NA,src_0adf08e78b00,src_0adf08e78b00_20261006151624817_dba5fb5b3f10,2026-10-06T15:16:24.817Z,2026-10-06T15:16:24.842Z,NA,observed
qc-prov-repaq-00106,CHEF,Jean-Louis Thémistocle,2018-06-08,NA,src_0adf08e78b00,src_0adf08e78b00_20261006151624817_dba5fb5b3f10,2026-10-06T15:16:24.817Z,2026-10-06T15:16:24.842Z,NA,observed
qc-prov-repaq-00106,REPOFF,Clément Côté-Jacob,2026-09-05,NA,src_0adf08e78b00,src_0adf08e78b00_20261006151624817_dba5fb5b3f10,2026-10-06T15:16:24.817Z,2026-10-06T15:16:24.842Z,NA,observed
qc-prov-repaq-00010,AO,Vanessa Hernande,2022-08-22,NA,src_0adf08e78b00,src_0adf08e78b00_20261006151624817_dba5fb5b3f10,2026-10-06T15:16:24.817Z,2026-10-06T15:16:24.842Z,NA,observed
qc-prov-repaq-00010,CHEF,Charles Milliard,2026-02-13,NA,src_0adf08e78b00,src_0adf08e78b00_20261006151624817_dba5fb5b3f10,2026-10-06T15:16:24.817Z,2026-10-06T15:16:24.842Z,NA,observed
qc-prov-repaq-00010,REPOFF,Sylvain Langis,2025-12-22,NA,src_0adf08e78b00,src_0adf08e78b00_20261006151624817_dba5fb5b3f10,2026-10-06T15:16:24.817Z,2026-10-06T15:16:24.842Z,NA,observed
qc-prov-repaq-99291,AO,Christophe Boivin,2026-06-30,NA,src_0adf08e78b00,src_0adf08e78b00_20261006151624817_dba5fb5b3f10,2026-10-06T15:16:24.817Z,2026-10-06T15:16:24.842Z,NA,observed
qc-prov-repaq-99291,CHEF,Charles Olivier,2026-05-22,NA,src_0adf08e78b00,src_0adf08e78b00_20261006151624817_dba5fb5b3f10,2026-10-06T15:16:24.817Z,2026-10-06T15:16:24.842Z,NA,observed
qc-prov-repaq-99291,REPOFF,Christophe Boivin,2026-06-30,NA,src_0adf08e78b00,src_0adf08e78b00_20261006151624817_dba5fb5b3f10,2026-10-06T15:16:24.817Z,2026-10-06T15:16:24.842Z,NA,observed
qc-prov-repaq-00034,AO,Christian Legeais,1998-10-23,NA,src_0adf08e78b00,src_0adf08e78b00_20261006151624817_dba5fb5b3f10,2026-10-06T15:16:24.817Z,2026-10-06T15:16:24.842Z,NA,observed
qc-prov-repaq-00034,CHEF,Christine Dandenault,2023-06-11,NA,src_0adf08e78b00,src_0adf08e78b00_20261006151624817_dba5fb5b3f10,2026-10-06T15:16:24.817Z,2026-10-06T15:16:24.842Z,NA,observed
qc-prov-repaq-00034,REPOFF,Christian Legeais,1998-10-23,NA,src_0adf08e78b00,src_0adf08e78b00_20261006151624817_dba5fb5b3f10,2026-10-06T15:16:24.817Z,2026-10-06T15:16:24.842Z,NA,observed
qc-prov-repaq-00080,AO,Cindy Rousseau,2016-01-01,NA,src_0adf08e78b00,src_0adf08e78b00_20261006151624817_dba5fb5b3f10,2026-10-06T15:16:24.817Z,2026-10-06T15:16:24.842Z,NA,observed
qc-prov-repaq-00080,CHEF,Renaud Blais,2009-04-09,NA,src_0adf08e78b00,src_0adf08e78b00_20261006151624817_dba5fb5b3f10,2026-10-06T15:16:24.817Z,2026-10-06T15:16:24.842Z,NA,observed
qc-prov-repaq-00080,REPOFF,Cindy Rousseau,2016-01-01,NA,src_0adf08e78b00,src_0adf08e78b00_20261006151624817_dba5fb5b3f10,2026-10-06T15:16:24.817Z,2026-10-06T15:16:24.842Z,NA,observed
qc-prov-repaq-00016,AO,Sylvain Gauthier,2025-02-14,NA,src_0adf08e78b00,src_0adf08e78b00_20261006151624817_dba5fb5b3f10,2026-10-06T15:16:24.817Z,2026-10-06T15:16:24.842Z,NA,observed
qc-prov-repaq-00016,CHEF,Paul St-Pierre Plamondon,2020-10-14,NA,src_0adf08e78b00,src_0adf08e78b00_20261006151624817_dba5fb5b3f10,2026-10-06T15:16:24.817Z,2026-10-06T15:16:24.842Z,NA,observed
qc-prov-repaq-00016,REPOFF,Sylvain Gauthier,2025-02-14,NA,src_0adf08e78b00,src_0adf08e78b00_20261006151624817_dba5fb5b3f10,2026-10-06T15:16:24.817Z,2026-10-06T15:16:24.842Z,NA,observed
qc-prov-repaq-00061,AO,Nicholas Lescarbeau,2023-01-09,NA,src_0adf08e78b00,src_0adf08e78b00_20261006151624817_dba5fb5b3f10,2026-10-06T15:16:24.817Z,2026-10-06T15:16:24.842Z,NA,observed
qc-prov-repaq-00061,CHEF,Alex Tyrrell,2013-09-21,NA,src_0adf08e78b00,src_0adf08e78b00_20261006151624817_dba5fb5b3f10,2026-10-06T15:16:24.817Z,2026-10-06T15:16:24.842Z,NA,observed
qc-prov-repaq-00061,REPOFF,Nicholas Lescarbeau,2023-01-09,NA,src_0adf08e78b00,src_0adf08e78b00_20261006151624817_dba5fb5b3f10,2026-10-06T15:16:24.817Z,2026-10-06T15:16:24.842Z,NA,observed
qc-prov-repaq-99331,AO,Véronique Imbeault,2026-07-09,NA,src_0adf08e78b00,src_0adf08e78b00_20261006151624817_dba5fb5b3f10,2026-10-06T15:16:24.817Z,2026-10-06T15:16:24.842Z,NA,observed
qc-prov-repaq-99331,CHEF,Guillaume Tremblay,2024-04-03,NA,src_0adf08e78b00,src_0adf08e78b00_20261006151624817_dba5fb5b3f10,2026-10-06T15:16:24.817Z,2026-10-06T15:16:24.842Z,NA,observed
qc-prov-repaq-99331,REPOFF,Véronique Imbeault,2026-07-09,NA,src_0adf08e78b00,src_0adf08e78b00_20261006151624817_dba5fb5b3f10,2026-10-06T15:16:24.817Z,2026-10-06T15:16:24.842Z,NA,observed
qc-prov-repaq-99330,AO,Jean-François Laporte,2026-07-21,NA,src_0adf08e78b00,src_0adf08e78b00_20261006151624817_dba5fb5b3f10,2026-10-06T15:16:24.817Z,2026-10-06T15:16:24.842Z,NA,observed
qc-prov-repaq-99330,CHEF,Alexandre St-Pierre,2024-04-03,NA,src_0adf08e78b00,src_0adf08e78b00_20261006151624817_dba5fb5b3f10,2026-10-06T15:16:24.817Z,2026-10-06T15:16:24.842Z,NA,observed
qc-prov-repaq-99330,REPOFF,Jean-François Laporte,2026-07-21,NA,src_0adf08e78b00,src_0adf08e78b00_20261006151624817_dba5fb5b3f10,2026-10-06T15:16:24.817Z,2026-10-06T15:16:24.842Z,NA,observed
qc-prov-repaq-00039,AO,Marie-Noelle Mondoux-Lemoine,2024-08-30,NA,src_0adf08e78b00,src_0adf08e78b00_20261006151624817_dba5fb5b3f10,2026-10-06T15:16:24.817Z,2026-10-06T15:16:24.842Z,NA,observed
qc-prov-repaq-00039,CHEF,Carmen Palardy,2024-11-17,NA,src_0adf08e78b00,src_0adf08e78b00_20261006151624817_dba5fb5b3f10,2026-10-06T15:16:24.817Z,2026-10-06T15:16:24.842Z,NA,observed
qc-prov-repaq-00039,REPOFF,Angèle McClure,2024-05-26,NA,src_0adf08e78b00,src_0adf08e78b00_20261006151624817_dba5fb5b3f10,2026-10-06T15:16:24.817Z,2026-10-06T15:16:24.842Z,NA,observed
