election_id,party_id,party_code,party_name,party_abbreviation,votes,vote_share_source_pct,candidates_count_source,districts_leading_source,vote_share_pct,seats_final_from_source,source_id,snapshot_id,observed_at,retrieved_at,source_updated_at,data_status
qc-prov-2014-10-20-partial,qc-prov-2014-10-20-partial-party-27,27,Coalition avenir Québec - L'équipe François Legault,C.A.Q.-É.F.L.,10110,46.7947,NA,1,46.79472344364731,1,src_04249426efff,src_04249426efff_20261003140348061_3e0558476091,2026-10-03T14:03:48.061Z,2026-10-03T14:03:49.166Z,2014-10-26T06:23:57.000Z,final
qc-prov-2014-10-20-partial,qc-prov-2014-10-20-partial-party-6,6,Parti libéral du Québec/Quebec Liberal Party,P.L.Q./Q.L.P.,7014,32.4647,NA,0,32.46470724369359,0,src_04249426efff,src_04249426efff_20261003140348061_3e0558476091,2026-10-03T14:03:48.061Z,2026-10-03T14:03:49.166Z,2014-10-26T06:23:57.000Z,final
qc-prov-2014-10-20-partial,qc-prov-2014-10-20-partial-party-8,8,Parti québécois,P.Q.,1788,8.2759,NA,0,8.275862068965518,0,src_04249426efff,src_04249426efff_20261003140348061_3e0558476091,2026-10-03T14:03:48.061Z,2026-10-03T14:03:49.166Z,2014-10-26T06:23:57.000Z,final
qc-prov-2014-10-20-partial,qc-prov-2014-10-20-partial-party-11,11,Québec solidaire,Q.S.,1654,7.6556,NA,0,7.655635269613516,0,src_04249426efff,src_04249426efff_20261003140348061_3e0558476091,2026-10-03T14:03:48.061Z,2026-10-03T14:03:49.166Z,2014-10-26T06:23:57.000Z,final
qc-prov-2014-10-20-partial,qc-prov-2014-10-20-partial-party-22,22,Équipe Adrien Pouliot - Parti conservateur du Québec,É.A.P. - P.C.Q.,503,2.3282,NA,0,2.328164776672067,0,src_04249426efff,src_04249426efff_20261003140348061_3e0558476091,2026-10-03T14:03:48.061Z,2026-10-03T14:03:49.166Z,2014-10-26T06:23:57.000Z,final
qc-prov-2014-10-20-partial,qc-prov-2014-10-20-partial-party-10,10,Parti vert du Québec/Green Party of Québec,P.V.Q./G.P.Q.,238,1.1016,NA,0,1.1015968525804212,0,src_04249426efff,src_04249426efff_20261003140348061_3e0558476091,2026-10-03T14:03:48.061Z,2026-10-03T14:03:49.166Z,2014-10-26T06:23:57.000Z,final
qc-prov-2014-10-20-partial,qc-prov-2014-10-20-partial-party-26,26,Option nationale - Pour l'indépendance du Québec,O.N. - P.I.Q.,168,0.7776,NA,0,0.777597778292062,0,src_04249426efff,src_04249426efff_20261003140348061_3e0558476091,2026-10-03T14:03:48.061Z,2026-10-03T14:03:49.166Z,2014-10-26T06:23:57.000Z,final
qc-prov-2014-10-20-partial,qc-prov-2014-10-20-partial-party-0,0,Candidats indépendants/Independent candidates,Ind.,60,0.2777,NA,0,0.277713492247165,0,src_04249426efff,src_04249426efff_20261003140348061_3e0558476091,2026-10-03T14:03:48.061Z,2026-10-03T14:03:49.166Z,2014-10-26T06:23:57.000Z,final
qc-prov-2014-10-20-partial,qc-prov-2014-10-20-partial-party-4,4,Parti unité nationale,P.U.N.,30,0.1389,NA,0,0.1388567461235825,0,src_04249426efff,src_04249426efff_20261003140348061_3e0558476091,2026-10-03T14:03:48.061Z,2026-10-03T14:03:49.166Z,2014-10-26T06:23:57.000Z,final
qc-prov-2014-10-20-partial,qc-prov-2014-10-20-partial-party-16,16,Parti indépendantiste,P.I.,27,0.125,NA,0,0.12497107151122426,0,src_04249426efff,src_04249426efff_20261003140348061_3e0558476091,2026-10-03T14:03:48.061Z,2026-10-03T14:03:49.166Z,2014-10-26T06:23:57.000Z,final
qc-prov-2014-10-20-partial,qc-prov-2014-10-20-partial-party-29,29,Équipe autonomiste,É.A.,13,0.0602,NA,0,0.06017125665355242,0,src_04249426efff,src_04249426efff_20261003140348061_3e0558476091,2026-10-03T14:03:48.061Z,2026-10-03T14:03:49.166Z,2014-10-26T06:23:57.000Z,final
qc-prov-2026-02-23-partial,qc-prov-2026-02-23-partial-party-8,8,Parti québécois,PQ,6999,45.3538,NA,1,45.35381026438569,1,src_23a95c0b8ace,src_23a95c0b8ace_20261003140142071_e93d20d5ee10,2026-10-03T14:01:42.071Z,2026-10-03T14:01:42.962Z,2026-02-25T07:12:06.000Z,final
qc-prov-2026-02-23-partial,qc-prov-2026-02-23-partial-party-22,22,Parti conservateur du Québec,PCOQ,4023,26.0692,NA,0,26.069206842923794,0,src_23a95c0b8ace,src_23a95c0b8ace_20261003140142071_e93d20d5ee10,2026-10-03T14:01:42.071Z,2026-10-03T14:01:42.962Z,2026-02-25T07:12:06.000Z,final
qc-prov-2026-02-23-partial,qc-prov-2026-02-23-partial-party-27,27,Coalition avenir Québec - L'équipe François Legault,CAQ-EFL,1848,11.9751,NA,0,11.975116640746501,0,src_23a95c0b8ace,src_23a95c0b8ace_20261003140142071_e93d20d5ee10,2026-10-03T14:01:42.071Z,2026-10-03T14:01:42.962Z,2026-02-25T07:12:06.000Z,final
qc-prov-2026-02-23-partial,qc-prov-2026-02-23-partial-party-6,6,Parti libéral du Québec/Quebec Liberal Party,PLQ/QLP,1409,9.1304,NA,0,9.13037843442198,0,src_23a95c0b8ace,src_23a95c0b8ace_20261003140142071_e93d20d5ee10,2026-10-03T14:01:42.071Z,2026-10-03T14:01:42.962Z,2026-02-25T07:12:06.000Z,final
qc-prov-2026-02-23-partial,qc-prov-2026-02-23-partial-party-40,40,Québec solidaire,QS,861,5.5793,NA,0,5.579315707620529,0,src_23a95c0b8ace,src_23a95c0b8ace_20261003140142071_e93d20d5ee10,2026-10-03T14:01:42.071Z,2026-10-03T14:01:42.962Z,2026-02-25T07:12:06.000Z,final
qc-prov-2026-02-23-partial,qc-prov-2026-02-23-partial-party-99237,99237,Climat Québec,CQ,223,1.445,NA,0,1.4450492483151893,0,src_23a95c0b8ace,src_23a95c0b8ace_20261003140142071_e93d20d5ee10,2026-10-03T14:01:42.071Z,2026-10-03T14:01:42.962Z,2026-02-25T07:12:06.000Z,final
qc-prov-2026-02-23-partial,qc-prov-2026-02-23-partial-party-99352,99352,Parti populaire du Québec,PPQ,69,0.4471,NA,0,0.44712286158631415,0,src_23a95c0b8ace,src_23a95c0b8ace_20261003140142071_e93d20d5ee10,2026-10-03T14:01:42.071Z,2026-10-03T14:01:42.962Z,2026-02-25T07:12:06.000Z,final
qc-prov-2016-12-05-partial,qc-prov-2016-12-05-partial-party-8,8,Parti québécois,P.Q.,23671,32.9226,NA,2,32.92257194119529,2,src_2d4e90d4e476,src_2d4e90d4e476_20261003140326153_cb135ba81452,2026-10-03T14:03:26.153Z,2026-10-03T14:03:27.324Z,2016-12-11T07:23:47.000Z,final
qc-prov-2016-12-05-partial,qc-prov-2016-12-05-partial-party-27,27,Coalition avenir Québec - L'équipe François Legault,C.A.Q.-É.F.L.,21860,30.4038,NA,1,30.40376083116594,1,src_2d4e90d4e476,src_2d4e90d4e476_20261003140326153_cb135ba81452,2026-10-03T14:03:26.153Z,2026-10-03T14:03:27.324Z,2016-12-11T07:23:47.000Z,final
qc-prov-2016-12-05-partial,qc-prov-2016-12-05-partial-party-6,6,Parti libéral du Québec/Quebec Liberal Party,P.L.Q./Q.L.P.,15916,22.1366,NA,1,22.13660829775101,1,src_2d4e90d4e476,src_2d4e90d4e476_20261003140326153_cb135ba81452,2026-10-03T14:03:26.153Z,2026-10-03T14:03:27.324Z,2016-12-11T07:23:47.000Z,final
qc-prov-2016-12-05-partial,qc-prov-2016-12-05-partial-party-11,11,Québec solidaire,Q.S.,6168,8.5787,NA,0,8.578700677339045,0,src_2d4e90d4e476,src_2d4e90d4e476_20261003140326153_cb135ba81452,2026-10-03T14:03:26.153Z,2026-10-03T14:03:27.324Z,2016-12-11T07:23:47.000Z,final
qc-prov-2016-12-05-partial,qc-prov-2016-12-05-partial-party-10,10,Parti vert du Québec/Green Party of Québec,P.V.Q./G.P.Q.,1880,2.6148,NA,0,2.6147790650774003,0,src_2d4e90d4e476,src_2d4e90d4e476_20261003140326153_cb135ba81452,2026-10-03T14:03:26.153Z,2026-10-03T14:03:27.324Z,2016-12-11T07:23:47.000Z,final
qc-prov-2016-12-05-partial,qc-prov-2016-12-05-partial-party-22,22,Équipe Adrien Pouliot - Parti conservateur du Québec,É.A.P. - P.C.Q.,1461,2.032,NA,0,2.0320171351479157,0,src_2d4e90d4e476,src_2d4e90d4e476_20261003140326153_cb135ba81452,2026-10-03T14:03:26.153Z,2026-10-03T14:03:27.324Z,2016-12-11T07:23:47.000Z,final
qc-prov-2016-12-05-partial,qc-prov-2016-12-05-partial-party-26,26,Option nationale - Pour l'indépendance du Québec,O.N. - P.I.Q.,472,0.6565,NA,0,0.6564764461258153,0,src_2d4e90d4e476,src_2d4e90d4e476_20261003140326153_cb135ba81452,2026-10-03T14:03:26.153Z,2026-10-03T14:03:27.324Z,2016-12-11T07:23:47.000Z,final
qc-prov-2016-12-05-partial,qc-prov-2016-12-05-partial-party-16,16,Parti indépendantiste,P.I.,176,0.2448,NA,0,0.2447878273689481,0,src_2d4e90d4e476,src_2d4e90d4e476_20261003140326153_cb135ba81452,2026-10-03T14:03:26.153Z,2026-10-03T14:03:27.324Z,2016-12-11T07:23:47.000Z,final
qc-prov-2016-12-05-partial,qc-prov-2016-12-05-partial-party-29,29,Équipe autonomiste,É.A.,130,0.1808,NA,0,0.18080919067024576,0,src_2d4e90d4e476,src_2d4e90d4e476_20261003140326153_cb135ba81452,2026-10-03T14:03:26.153Z,2026-10-03T14:03:27.324Z,2016-12-11T07:23:47.000Z,final
qc-prov-2016-12-05-partial,qc-prov-2016-12-05-partial-party-35,35,Parti travailliste du Québec,P.T.Q.,101,0.1405,NA,0,0.14047483275149864,0,src_2d4e90d4e476,src_2d4e90d4e476_20261003140326153_cb135ba81452,2026-10-03T14:03:26.153Z,2026-10-03T14:03:27.324Z,2016-12-11T07:23:47.000Z,final
qc-prov-2016-12-05-partial,qc-prov-2016-12-05-partial-party-36,36,Changement intégrité pour notre Québec,C.I.N.Q.,64,0.089,NA,0,0.08901375540689022,0,src_2d4e90d4e476,src_2d4e90d4e476_20261003140326153_cb135ba81452,2026-10-03T14:03:26.153Z,2026-10-03T14:03:27.324Z,2016-12-11T07:23:47.000Z,final
qc-prov-2023-10-02-partial,qc-prov-2023-10-02-partial-party-8,8,Parti québécois,P.Q.,11327,44.1014,NA,1,44.10138607693506,1,src_335c9751e725,src_335c9751e725_20261003140151321_78e20bfa311a,2026-10-03T14:01:51.321Z,2026-10-03T14:01:51.793Z,2023-10-04T06:12:13.000Z,final
qc-prov-2023-10-02-partial,qc-prov-2023-10-02-partial-party-27,27,Coalition avenir Québec - L'équipe François Legault,C.A.Q.-E.F.L.,5474,21.3129,NA,0,21.312879613767326,0,src_335c9751e725,src_335c9751e725_20261003140151321_78e20bfa311a,2026-10-03T14:01:51.321Z,2026-10-03T14:01:51.793Z,2023-10-04T06:12:13.000Z,final
qc-prov-2023-10-02-partial,qc-prov-2023-10-02-partial-party-40,40,Québec solidaire,Q.S.,4491,17.4856,NA,0,17.485594144214296,0,src_335c9751e725,src_335c9751e725_20261003140151321_78e20bfa311a,2026-10-03T14:01:51.321Z,2026-10-03T14:01:51.793Z,2023-10-04T06:12:13.000Z,final
qc-prov-2023-10-02-partial,qc-prov-2023-10-02-partial-party-6,6,Parti libéral du Québec/Quebec Liberal Party,P.L.Q./Q.L.P.,2270,8.8382,NA,0,8.838187198255723,0,src_335c9751e725,src_335c9751e725_20261003140151321_78e20bfa311a,2026-10-03T14:01:51.321Z,2026-10-03T14:01:51.793Z,2023-10-04T06:12:13.000Z,final
qc-prov-2023-10-02-partial,qc-prov-2023-10-02-partial-party-22,22,Parti conservateur du Québec - Équipe Éric Duhaime,P.C.Q-E.E.D.,1558,6.066,NA,0,6.0660333281420336,0,src_335c9751e725,src_335c9751e725_20261003140151321_78e20bfa311a,2026-10-03T14:01:51.321Z,2026-10-03T14:01:51.793Z,2023-10-04T06:12:13.000Z,final
qc-prov-2023-10-02-partial,qc-prov-2023-10-02-partial-party-99237,99237,Climat Québec,C.Q.,308,1.1992,NA,0,1.1991901572963712,0,src_335c9751e725,src_335c9751e725_20261003140151321_78e20bfa311a,2026-10-03T14:01:51.321Z,2026-10-03T14:01:51.793Z,2023-10-04T06:12:13.000Z,final
qc-prov-2023-10-02-partial,qc-prov-2023-10-02-partial-party-10,10,Parti vert du Québec/Green Party of Québec,P.V.Q./G.P.Q.,152,0.5918,NA,0,0.5918081295748325,0,src_335c9751e725,src_335c9751e725_20261003140151321_78e20bfa311a,2026-10-03T14:01:51.321Z,2026-10-03T14:01:51.793Z,2023-10-04T06:12:13.000Z,final
qc-prov-2023-10-02-partial,qc-prov-2023-10-02-partial-party-99286,99286,Démocratie directe,D.D.,41,0.1596,NA,0,0.15963245600373774,0,src_335c9751e725,src_335c9751e725_20261003140151321_78e20bfa311a,2026-10-03T14:01:51.321Z,2026-10-03T14:01:51.793Z,2023-10-04T06:12:13.000Z,final
qc-prov-2023-10-02-partial,qc-prov-2023-10-02-partial-party-0,0,Candidats indépendants/Independent candidates,Ind.,35,0.1363,NA,0,0.13627160878367856,0,src_335c9751e725,src_335c9751e725_20261003140151321_78e20bfa311a,2026-10-03T14:01:51.321Z,2026-10-03T14:01:51.793Z,2023-10-04T06:12:13.000Z,final
qc-prov-2023-10-02-partial,qc-prov-2023-10-02-partial-party-29,29,Équipe autonomiste,E.A.,28,0.109,NA,0,0.10901728702694284,0,src_335c9751e725,src_335c9751e725_20261003140151321_78e20bfa311a,2026-10-03T14:01:51.321Z,2026-10-03T14:01:51.793Z,2023-10-04T06:12:13.000Z,final
qc-prov-2022-10-03-general,qc-prov-2022-10-03-general-party-27,27,Coalition avenir Québec - L'équipe François Legault,C.A.Q.-E.F.L.,1685573,40.9834,125,90,40.98337856181925,90,src_3ee19c14cf6d,src_3ee19c14cf6d_20261003140156867_66a4410f46b2,2026-10-03T14:01:56.867Z,2026-10-03T14:02:00.305Z,2022-10-06T15:55:41.000Z,final
qc-prov-2022-10-03-general,qc-prov-2022-10-03-general-party-6,6,Parti libéral du Québec/Quebec Liberal Party,P.L.Q./Q.L.P.,591077,14.3716,125,21,14.371571240275227,21,src_3ee19c14cf6d,src_3ee19c14cf6d_20261003140156867_66a4410f46b2,2026-10-03T14:01:56.867Z,2026-10-03T14:02:00.305Z,2022-10-06T15:55:41.000Z,final
qc-prov-2022-10-03-general,qc-prov-2022-10-03-general-party-40,40,Québec solidaire,Q.S.,634535,15.4282,124,11,15.428218247280881,11,src_3ee19c14cf6d,src_3ee19c14cf6d_20261003140156867_66a4410f46b2,2026-10-03T14:01:56.867Z,2026-10-03T14:02:00.305Z,2022-10-06T15:55:41.000Z,final
qc-prov-2022-10-03-general,qc-prov-2022-10-03-general-party-8,8,Parti québécois,P.Q.,600708,14.6057,125,3,14.605741412038112,3,src_3ee19c14cf6d,src_3ee19c14cf6d_20261003140156867_66a4410f46b2,2026-10-03T14:01:56.867Z,2026-10-03T14:02:00.305Z,2022-10-06T15:55:41.000Z,final
qc-prov-2022-10-03-general,qc-prov-2022-10-03-general-party-22,22,Parti conservateur du Québec - Équipe Éric Duhaime,P.C.Q-E.E.D.,530786,12.9056,125,0,12.905643109680678,0,src_3ee19c14cf6d,src_3ee19c14cf6d_20261003140156867_66a4410f46b2,2026-10-03T14:01:56.867Z,2026-10-03T14:02:00.305Z,2022-10-06T15:55:41.000Z,final
qc-prov-2022-10-03-general,qc-prov-2022-10-03-general-party-10,10,Parti vert du Québec/Green Party of Québec,P.V.Q./G.P.Q.,31054,0.7551,73,0,0.755053526521091,0,src_3ee19c14cf6d,src_3ee19c14cf6d_20261003140156867_66a4410f46b2,2026-10-03T14:01:56.867Z,2026-10-03T14:02:00.305Z,2022-10-06T15:55:41.000Z,final
qc-prov-2022-10-03-general,qc-prov-2022-10-03-general-party-99263,99263,Parti canadien du Québec / Canadian Party of Québec,P.C.Q./C.P.Q,12981,0.3156,20,0,0.3156227805683739,0,src_3ee19c14cf6d,src_3ee19c14cf6d_20261003140156867_66a4410f46b2,2026-10-03T14:01:56.867Z,2026-10-03T14:02:00.305Z,2022-10-06T15:55:41.000Z,final
qc-prov-2022-10-03-general,qc-prov-2022-10-03-general-party-99237,99237,Climat Québec,C.Q.,8644,0.2102,54,0,0.2101720449297453,0,src_3ee19c14cf6d,src_3ee19c14cf6d_20261003140156867_66a4410f46b2,2026-10-03T14:01:56.867Z,2026-10-03T14:02:00.305Z,2022-10-06T15:55:41.000Z,final
qc-prov-2022-10-03-general,qc-prov-2022-10-03-general-party-99285,99285,Bloc Montréal - Équipe Balarama Holness,B.M.-E.B.H.,7774,0.189,13,0,0.1890186808519019,0,src_3ee19c14cf6d,src_3ee19c14cf6d_20261003140156867_66a4410f46b2,2026-10-03T14:01:56.867Z,2026-10-03T14:02:00.305Z,2022-10-06T15:55:41.000Z,final
qc-prov-2022-10-03-general,qc-prov-2022-10-03-general-party-99286,99286,Démocratie directe,D.D.,2421,0.0589,28,0,0.05886470624420562,0,src_3ee19c14cf6d,src_3ee19c14cf6d_20261003140156867_66a4410f46b2,2026-10-03T14:01:56.867Z,2026-10-03T14:02:00.305Z,2022-10-06T15:55:41.000Z,final
qc-prov-2022-10-03-general,qc-prov-2022-10-03-general-party-0,0,Candidats indépendants/Independent candidates,Ind.,2121,0.0516,14,0,0.051570442769087205,0,src_3ee19c14cf6d,src_3ee19c14cf6d_20261003140156867_66a4410f46b2,2026-10-03T14:01:56.867Z,2026-10-03T14:02:00.305Z,2022-10-06T15:55:41.000Z,final
qc-prov-2022-10-03-general,qc-prov-2022-10-03-general-party-23,23,Parti nul,P.N.,1074,0.0261,9,0,0.02611346324092393,0,src_3ee19c14cf6d,src_3ee19c14cf6d_20261003140156867_66a4410f46b2,2026-10-03T14:01:56.867Z,2026-10-03T14:02:00.305Z,2022-10-06T15:55:41.000Z,final
qc-prov-2022-10-03-general,qc-prov-2022-10-03-general-party-99275,99275,L'union fait la force,U.F.F.,1042,0.0253,9,0,0.02533540847024463,0,src_3ee19c14cf6d,src_3ee19c14cf6d_20261003140156867_66a4410f46b2,2026-10-03T14:01:56.867Z,2026-10-03T14:02:00.305Z,2022-10-06T15:55:41.000Z,final
qc-prov-2022-10-03-general,qc-prov-2022-10-03-general-party-37,37,Parti 51,P51,689,0.0168,5,0,0.01675249178118863,0,src_3ee19c14cf6d,src_3ee19c14cf6d_20261003140156867_66a4410f46b2,2026-10-03T14:01:56.867Z,2026-10-03T14:02:00.305Z,2022-10-06T15:55:41.000Z,final
qc-prov-2022-10-03-general,qc-prov-2022-10-03-general-party-7,7,Parti marxiste-léniniste du Québec,P.M.L.Q.,675,0.0164,12,0,0.016412092819016438,0,src_3ee19c14cf6d,src_3ee19c14cf6d_20261003140156867_66a4410f46b2,2026-10-03T14:01:56.867Z,2026-10-03T14:02:00.305Z,2022-10-06T15:55:41.000Z,final
qc-prov-2022-10-03-general,qc-prov-2022-10-03-general-party-29,29,Équipe autonomiste,E.A.,556,0.0135,10,0,0.013518701640552798,0,src_3ee19c14cf6d,src_3ee19c14cf6d_20261003140156867_66a4410f46b2,2026-10-03T14:01:56.867Z,2026-10-03T14:02:00.305Z,2022-10-06T15:55:41.000Z,final
qc-prov-2022-10-03-general,qc-prov-2022-10-03-general-party-42,42,Parti culinaire du Québec,P.Cu.Q.,356,0.0087,2,0,0.008655859323807188,0,src_3ee19c14cf6d,src_3ee19c14cf6d_20261003140156867_66a4410f46b2,2026-10-03T14:01:56.867Z,2026-10-03T14:02:00.305Z,2022-10-06T15:55:41.000Z,final
qc-prov-2022-10-03-general,qc-prov-2022-10-03-general-party-99281,99281,Parti humain du Québec,P.H.Q.,262,0.0064,2,0,0.0063703234349367505,0,src_3ee19c14cf6d,src_3ee19c14cf6d_20261003140156867_66a4410f46b2,2026-10-03T14:01:56.867Z,2026-10-03T14:02:00.305Z,2022-10-06T15:55:41.000Z,final
qc-prov-2022-10-03-general,qc-prov-2022-10-03-general-party-99209,99209,Union nationale,U.N.,159,0.0039,1,0,0.0038659596418127605,0,src_3ee19c14cf6d,src_3ee19c14cf6d_20261003140156867_66a4410f46b2,2026-10-03T14:01:56.867Z,2026-10-03T14:02:00.305Z,2022-10-06T15:55:41.000Z,final
qc-prov-2022-10-03-general,qc-prov-2022-10-03-general-party-99293,99293,Alliance pour la famille et les communautés,A.F.C.,148,0.0036,2,0,0.003598503314391752,0,src_3ee19c14cf6d,src_3ee19c14cf6d_20261003140156867_66a4410f46b2,2026-10-03T14:01:56.867Z,2026-10-03T14:02:00.305Z,2022-10-06T15:55:41.000Z,final
qc-prov-2022-10-03-general,qc-prov-2022-10-03-general-party-99291,99291,Parti libertarien du Québec,P.Li.Q.,116,0.0028,1,0,0.002820448543712454,0,src_3ee19c14cf6d,src_3ee19c14cf6d_20261003140156867_66a4410f46b2,2026-10-03T14:01:56.867Z,2026-10-03T14:02:00.305Z,2022-10-06T15:55:41.000Z,final
qc-prov-2022-10-03-general,qc-prov-2022-10-03-general-party-99236,99236,Parti accès propriété et équité,P.A.P.E.,70,0.0017,1,0,0.0017019948108609637,0,src_3ee19c14cf6d,src_3ee19c14cf6d_20261003140156867_66a4410f46b2,2026-10-03T14:01:56.867Z,2026-10-03T14:02:00.305Z,2022-10-06T15:55:41.000Z,final
qc-prov-2015-11-09-partial,qc-prov-2015-11-09-partial-party-6,6,Parti libéral du Québec/Quebec Liberal Party,P.L.Q./Q.L.P.,25569,44.2983,NA,3,44.2983367983368,3,src_46b2b80361d8,src_46b2b80361d8_20261003140334616_19b24c218d52,2026-10-03T14:03:34.616Z,2026-10-03T14:03:35.992Z,2015-11-15T07:23:38.000Z,final
qc-prov-2015-11-09-partial,qc-prov-2015-11-09-partial-party-8,8,Parti québécois,P.Q.,15372,26.632,NA,1,26.632016632016633,1,src_46b2b80361d8,src_46b2b80361d8_20261003140334616_19b24c218d52,2026-10-03T14:03:34.616Z,2026-10-03T14:03:35.992Z,2015-11-15T07:23:38.000Z,final
qc-prov-2015-11-09-partial,qc-prov-2015-11-09-partial-party-27,27,Coalition avenir Québec - L'équipe François Legault,C.A.Q.-É.F.L.,9372,16.237,NA,0,16.237006237006238,0,src_46b2b80361d8,src_46b2b80361d8_20261003140334616_19b24c218d52,2026-10-03T14:03:34.616Z,2026-10-03T14:03:35.992Z,2015-11-15T07:23:38.000Z,final
qc-prov-2015-11-09-partial,qc-prov-2015-11-09-partial-party-11,11,Québec solidaire,Q.S.,4651,8.0579,NA,0,8.057865557865558,0,src_46b2b80361d8,src_46b2b80361d8_20261003140334616_19b24c218d52,2026-10-03T14:03:34.616Z,2026-10-03T14:03:35.992Z,2015-11-15T07:23:38.000Z,final
qc-prov-2015-11-09-partial,qc-prov-2015-11-09-partial-party-22,22,Équipe Adrien Pouliot - Parti conservateur du Québec,É.A.P. - P.C.Q.,1003,1.7377,NA,0,1.7376992376992377,0,src_46b2b80361d8,src_46b2b80361d8_20261003140334616_19b24c218d52,2026-10-03T14:03:34.616Z,2026-10-03T14:03:35.992Z,2015-11-15T07:23:38.000Z,final
qc-prov-2015-11-09-partial,qc-prov-2015-11-09-partial-party-10,10,Parti vert du Québec/Green Party of Québec,P.V.Q./G.P.Q.,907,1.5714,NA,0,1.5713790713790714,0,src_46b2b80361d8,src_46b2b80361d8_20261003140334616_19b24c218d52,2026-10-03T14:03:34.616Z,2026-10-03T14:03:35.992Z,2015-11-15T07:23:38.000Z,final
qc-prov-2015-11-09-partial,qc-prov-2015-11-09-partial-party-26,26,Option nationale - Pour l'indépendance du Québec,O.N. - P.I.Q.,671,1.1625,NA,0,1.1625086625086625,0,src_46b2b80361d8,src_46b2b80361d8_20261003140334616_19b24c218d52,2026-10-03T14:03:34.616Z,2026-10-03T14:03:35.992Z,2015-11-15T07:23:38.000Z,final
qc-prov-2015-11-09-partial,qc-prov-2015-11-09-partial-party-0,0,Candidats indépendants/Independent candidates,Ind.,175,0.3032,NA,0,0.3031878031878032,0,src_46b2b80361d8,src_46b2b80361d8_20261003140334616_19b24c218d52,2026-10-03T14:03:34.616Z,2026-10-03T14:03:35.992Z,2015-11-15T07:23:38.000Z,final
qc-prov-2017-05-29-partial,qc-prov-2017-05-29-partial-party-11,11,Québec solidaire,Q.S.,9872,69.3015,NA,1,69.3015093015093,1,src_4e9171631c9b,src_4e9171631c9b_20261003140322454_1a6a53295089,2026-10-03T14:03:22.454Z,2026-10-03T14:03:23.293Z,2017-06-04T06:25:05.000Z,final
qc-prov-2017-05-29-partial,qc-prov-2017-05-29-partial-party-6,6,Parti libéral du Québec/Quebec Liberal Party,P.L.Q./Q.L.P.,1269,8.9084,NA,0,8.908388908388908,0,src_4e9171631c9b,src_4e9171631c9b_20261003140322454_1a6a53295089,2026-10-03T14:03:22.454Z,2026-10-03T14:03:23.293Z,2017-06-04T06:25:05.000Z,final
qc-prov-2017-05-29-partial,qc-prov-2017-05-29-partial-party-26,26,Option nationale - Pour l'indépendance du Québec,O.N. - P.I.Q.,1116,7.8343,NA,0,7.834327834327834,0,src_4e9171631c9b,src_4e9171631c9b_20261003140322454_1a6a53295089,2026-10-03T14:03:22.454Z,2026-10-03T14:03:23.293Z,2017-06-04T06:25:05.000Z,final
qc-prov-2017-05-29-partial,qc-prov-2017-05-29-partial-party-27,27,Coalition avenir Québec - L'équipe François Legault,C.A.Q.-É.F.L.,954,6.6971,NA,0,6.697086697086697,0,src_4e9171631c9b,src_4e9171631c9b_20261003140322454_1a6a53295089,2026-10-03T14:03:22.454Z,2026-10-03T14:03:23.293Z,2017-06-04T06:25:05.000Z,final
qc-prov-2017-05-29-partial,qc-prov-2017-05-29-partial-party-10,10,Parti vert du Québec/Green Party of Québec,P.V.Q./G.P.Q.,651,4.57,NA,0,4.57002457002457,0,src_4e9171631c9b,src_4e9171631c9b_20261003140322454_1a6a53295089,2026-10-03T14:03:22.454Z,2026-10-03T14:03:23.293Z,2017-06-04T06:25:05.000Z,final
qc-prov-2017-05-29-partial,qc-prov-2017-05-29-partial-party-2,2,Bloc pot,B.P.,113,0.7933,NA,0,0.7932607932607932,0,src_4e9171631c9b,src_4e9171631c9b_20261003140322454_1a6a53295089,2026-10-03T14:03:22.454Z,2026-10-03T14:03:23.293Z,2017-06-04T06:25:05.000Z,final
qc-prov-2017-05-29-partial,qc-prov-2017-05-29-partial-party-16,16,Parti indépendantiste,P.I.,81,0.5686,NA,0,0.5686205686205686,0,src_4e9171631c9b,src_4e9171631c9b_20261003140322454_1a6a53295089,2026-10-03T14:03:22.454Z,2026-10-03T14:03:23.293Z,2017-06-04T06:25:05.000Z,final
qc-prov-2017-05-29-partial,qc-prov-2017-05-29-partial-party-22,22,Équipe Adrien Pouliot - Parti conservateur du Québec,É.A.P. - P.C.Q.,70,0.4914,NA,0,0.4914004914004914,0,src_4e9171631c9b,src_4e9171631c9b_20261003140322454_1a6a53295089,2026-10-03T14:03:22.454Z,2026-10-03T14:03:23.293Z,2017-06-04T06:25:05.000Z,final
qc-prov-2017-05-29-partial,qc-prov-2017-05-29-partial-party-0,0,Candidats indépendants/Independent candidates,Ind.,39,0.2738,NA,0,0.27378027378027375,0,src_4e9171631c9b,src_4e9171631c9b_20261003140322454_1a6a53295089,2026-10-03T14:03:22.454Z,2026-10-03T14:03:23.293Z,2017-06-04T06:25:05.000Z,final
qc-prov-2017-05-29-partial,qc-prov-2017-05-29-partial-party-31,31,Citoyens au pouvoir du Québec,C.P.Q.,34,0.2387,NA,0,0.2386802386802387,0,src_4e9171631c9b,src_4e9171631c9b_20261003140322454_1a6a53295089,2026-10-03T14:03:22.454Z,2026-10-03T14:03:23.293Z,2017-06-04T06:25:05.000Z,final
qc-prov-2017-05-29-partial,qc-prov-2017-05-29-partial-party-38,38,Parti libre,P.L.,34,0.2387,NA,0,0.2386802386802387,0,src_4e9171631c9b,src_4e9171631c9b_20261003140322454_1a6a53295089,2026-10-03T14:03:22.454Z,2026-10-03T14:03:23.293Z,2017-06-04T06:25:05.000Z,final
qc-prov-2017-05-29-partial,qc-prov-2017-05-29-partial-party-29,29,Équipe autonomiste,É.A.,12,0.0842,NA,0,0.08424008424008424,0,src_4e9171631c9b,src_4e9171631c9b_20261003140322454_1a6a53295089,2026-10-03T14:03:22.454Z,2026-10-03T14:03:23.293Z,2017-06-04T06:25:05.000Z,final
qc-prov-2022-04-11-partial,qc-prov-2022-04-11-partial-party-27,27,Coalition avenir Québec - L'équipe François Legault,C.A.Q.-É.F.L.,5697,34.9531,NA,1,34.953064605190505,1,src_53258148a5e9,src_53258148a5e9_20261003140204660_7805f46f3584,2026-10-03T14:02:04.660Z,2026-10-03T14:02:05.560Z,2022-04-13T06:11:59.000Z,final
qc-prov-2022-04-11-partial,qc-prov-2022-04-11-partial-party-8,8,Parti québécois,P.Q.,4900,30.0632,NA,0,30.063194060985335,0,src_53258148a5e9,src_53258148a5e9_20261003140204660_7805f46f3584,2026-10-03T14:02:04.660Z,2026-10-03T14:02:05.560Z,2022-04-13T06:11:59.000Z,final
qc-prov-2022-04-11-partial,qc-prov-2022-04-11-partial-party-40,40,Québec solidaire,Q.S.,2316,14.2095,NA,0,14.20946070311062,0,src_53258148a5e9,src_53258148a5e9_20261003140204660_7805f46f3584,2026-10-03T14:02:04.660Z,2026-10-03T14:02:05.560Z,2022-04-13T06:11:59.000Z,final
qc-prov-2022-04-11-partial,qc-prov-2022-04-11-partial-party-22,22,Parti conservateur du Québec - Équipe Éric Duhaime,P.C.Q-É.É.D.,1696,10.4055,NA,0,10.405546352536966,0,src_53258148a5e9,src_53258148a5e9_20261003140204660_7805f46f3584,2026-10-03T14:02:04.660Z,2026-10-03T14:02:05.560Z,2022-04-13T06:11:59.000Z,final
qc-prov-2022-04-11-partial,qc-prov-2022-04-11-partial-party-6,6,Parti libéral du Québec/Quebec Liberal Party,P.L.Q./Q.L.P.,1130,6.9329,NA,0,6.932940671206823,0,src_53258148a5e9,src_53258148a5e9_20261003140204660_7805f46f3584,2026-10-03T14:02:04.660Z,2026-10-03T14:02:05.560Z,2022-04-13T06:11:59.000Z,final
qc-prov-2022-04-11-partial,qc-prov-2022-04-11-partial-party-99237,99237,Climat Québec,C.Q.,310,1.902,NA,0,1.9019571752868274,0,src_53258148a5e9,src_53258148a5e9_20261003140204660_7805f46f3584,2026-10-03T14:02:04.660Z,2026-10-03T14:02:05.560Z,2022-04-13T06:11:59.000Z,final
qc-prov-2022-04-11-partial,qc-prov-2022-04-11-partial-party-10,10,Parti vert du Québec/Green Party of Québec,P.V.Q./G.P.Q.,142,0.8712,NA,0,0.8712190931959016,0,src_53258148a5e9,src_53258148a5e9_20261003140204660_7805f46f3584,2026-10-03T14:02:04.660Z,2026-10-03T14:02:05.560Z,2022-04-13T06:11:59.000Z,final
qc-prov-2022-04-11-partial,qc-prov-2022-04-11-partial-party-99236,99236,Parti accès propriété et équité,P.A.P.É.,42,0.2577,NA,0,0.25768452052273144,0,src_53258148a5e9,src_53258148a5e9_20261003140204660_7805f46f3584,2026-10-03T14:02:04.660Z,2026-10-03T14:02:05.560Z,2022-04-13T06:11:59.000Z,final
qc-prov-2022-04-11-partial,qc-prov-2022-04-11-partial-party-48,48,Parti pour l'indépendance du Québec,P.I.Q.,21,0.1288,NA,0,0.12884226026136572,0,src_53258148a5e9,src_53258148a5e9_20261003140204660_7805f46f3584,2026-10-03T14:02:04.660Z,2026-10-03T14:02:05.560Z,2022-04-13T06:11:59.000Z,final
qc-prov-2022-04-11-partial,qc-prov-2022-04-11-partial-party-0,0,Candidats indépendants/Independent candidates,Ind.,17,0.1043,NA,0,0.10430087735443892,0,src_53258148a5e9,src_53258148a5e9_20261003140204660_7805f46f3584,2026-10-03T14:02:04.660Z,2026-10-03T14:02:05.560Z,2022-04-13T06:11:59.000Z,final
qc-prov-2022-04-11-partial,qc-prov-2022-04-11-partial-party-99209,99209,Union nationale,U.N.,17,0.1043,NA,0,0.10430087735443892,0,src_53258148a5e9,src_53258148a5e9_20261003140204660_7805f46f3584,2026-10-03T14:02:04.660Z,2026-10-03T14:02:05.560Z,2022-04-13T06:11:59.000Z,final
qc-prov-2022-04-11-partial,qc-prov-2022-04-11-partial-party-29,29,Équipe autonomiste,É.A.,11,0.0675,NA,0,0.06748880299404872,0,src_53258148a5e9,src_53258148a5e9_20261003140204660_7805f46f3584,2026-10-03T14:02:04.660Z,2026-10-03T14:02:05.560Z,2022-04-13T06:11:59.000Z,final
qc-prov-2015-03-09-partial,qc-prov-2015-03-09-partial-party-8,8,Parti québécois,P.Q.,7294,35.9913,NA,1,35.99131550379947,1,src_68477afa07d6,src_68477afa07d6_20261003140343358_34827d6504ac,2026-10-03T14:03:43.358Z,2026-10-03T14:03:44.878Z,2015-03-15T06:22:36.000Z,final
qc-prov-2015-03-09-partial,qc-prov-2015-03-09-partial-party-27,27,Coalition avenir Québec - L'équipe François Legault,C.A.Q.-É.F.L.,6584,32.4879,NA,0,32.48791078653903,0,src_68477afa07d6,src_68477afa07d6_20261003140343358_34827d6504ac,2026-10-03T14:03:43.358Z,2026-10-03T14:03:44.878Z,2015-03-15T06:22:36.000Z,final
qc-prov-2015-03-09-partial,qc-prov-2015-03-09-partial-party-6,6,Parti libéral du Québec/Quebec Liberal Party,P.L.Q./Q.L.P.,5054,24.9383,NA,0,24.93832033948485,0,src_68477afa07d6,src_68477afa07d6_20261003140343358_34827d6504ac,2026-10-03T14:03:43.358Z,2026-10-03T14:03:44.878Z,2015-03-15T06:22:36.000Z,final
qc-prov-2015-03-09-partial,qc-prov-2015-03-09-partial-party-11,11,Québec solidaire,Q.S.,541,2.6695,NA,0,2.6694957070956282,0,src_68477afa07d6,src_68477afa07d6_20261003140343358_34827d6504ac,2026-10-03T14:03:43.358Z,2026-10-03T14:03:44.878Z,2015-03-15T06:22:36.000Z,final
qc-prov-2015-03-09-partial,qc-prov-2015-03-09-partial-party-10,10,Parti vert du Québec/Green Party of Québec,P.V.Q./G.P.Q.,352,1.7369,NA,0,1.7368992401065824,0,src_68477afa07d6,src_68477afa07d6_20261003140343358_34827d6504ac,2026-10-03T14:03:43.358Z,2026-10-03T14:03:44.878Z,2015-03-15T06:22:36.000Z,final
qc-prov-2015-03-09-partial,qc-prov-2015-03-09-partial-party-26,26,Option nationale - Pour l'indépendance du Québec,O.N. - P.I.Q.,316,1.5593,NA,0,1.5592618178229547,0,src_68477afa07d6,src_68477afa07d6_20261003140343358_34827d6504ac,2026-10-03T14:03:43.358Z,2026-10-03T14:03:44.878Z,2015-03-15T06:22:36.000Z,final
qc-prov-2015-03-09-partial,qc-prov-2015-03-09-partial-party-22,22,Équipe Adrien Pouliot - Parti conservateur du Québec,É.A.P. - P.C.Q.,95,0.4688,NA,0,0.46876541991512877,0,src_68477afa07d6,src_68477afa07d6_20261003140343358_34827d6504ac,2026-10-03T14:03:43.358Z,2026-10-03T14:03:44.878Z,2015-03-15T06:22:36.000Z,final
qc-prov-2015-03-09-partial,qc-prov-2015-03-09-partial-party-29,29,Équipe autonomiste,É.A.,30,0.148,NA,0,0.14803118523635647,0,src_68477afa07d6,src_68477afa07d6_20261003140343358_34827d6504ac,2026-10-03T14:03:43.358Z,2026-10-03T14:03:44.878Z,2015-03-15T06:22:36.000Z,final
qc-prov-2018-10-01-general,qc-prov-2018-10-01-general-party-27,27,Coalition avenir Québec - L'équipe François Legault,C.A.Q.-É.F.L.,1509455,37.4226,125,74,37.422605166977476,74,src_6ce929ca1736,src_6ce929ca1736_20261003140216850_ff268ada6bee,2026-10-03T14:02:16.850Z,2026-10-03T14:02:19.940Z,2018-10-17T14:10:43.000Z,final
qc-prov-2018-10-01-general,qc-prov-2018-10-01-general-party-6,6,Parti libéral du Québec/Quebec Liberal Party,P.L.Q./Q.L.P.,1001037,24.8178,125,31,24.81783982201234,31,src_6ce929ca1736,src_6ce929ca1736_20261003140216850_ff268ada6bee,2026-10-03T14:02:16.850Z,2026-10-03T14:02:19.940Z,2018-10-17T14:10:43.000Z,final
qc-prov-2018-10-01-general,qc-prov-2018-10-01-general-party-8,8,Parti québécois,P.Q.,687995,17.0569,125,10,17.05686174271818,10,src_6ce929ca1736,src_6ce929ca1736_20261003140216850_ff268ada6bee,2026-10-03T14:02:16.850Z,2026-10-03T14:02:19.940Z,2018-10-17T14:10:43.000Z,final
qc-prov-2018-10-01-general,qc-prov-2018-10-01-general-party-40,40,Québec solidaire,Q.S.,649503,16.1026,125,10,16.102563060023236,10,src_6ce929ca1736,src_6ce929ca1736_20261003140216850_ff268ada6bee,2026-10-03T14:02:16.850Z,2026-10-03T14:02:19.940Z,2018-10-17T14:10:43.000Z,final
qc-prov-2018-10-01-general,qc-prov-2018-10-01-general-party-10,10,Parti vert du Québec/Green Party of Québec,P.V.Q./G.P.Q.,67870,1.6826,97,0,1.6826418890810004,0,src_6ce929ca1736,src_6ce929ca1736_20261003140216850_ff268ada6bee,2026-10-03T14:02:16.850Z,2026-10-03T14:02:19.940Z,2018-10-17T14:10:43.000Z,final
qc-prov-2018-10-01-general,qc-prov-2018-10-01-general-party-22,22,Parti conservateur du Québec / Conservative Party of Québec,P.C.Q./C.P.Q.,59055,1.4641,101,0,1.464099259756571,0,src_6ce929ca1736,src_6ce929ca1736_20261003140216850_ff268ada6bee,2026-10-03T14:02:16.850Z,2026-10-03T14:02:19.940Z,2018-10-17T14:10:43.000Z,final
qc-prov-2018-10-01-general,qc-prov-2018-10-01-general-party-34,34,Nouveau Parti démocratique du Québec,N.P.D.Q.,22863,0.5668,59,0,0.5668224769420791,0,src_6ce929ca1736,src_6ce929ca1736_20261003140216850_ff268ada6bee,2026-10-03T14:02:16.850Z,2026-10-03T14:02:19.940Z,2018-10-17T14:10:43.000Z,final
qc-prov-2018-10-01-general,qc-prov-2018-10-01-general-party-31,31,Citoyens au pouvoir du Québec,C.P.Q.,13768,0.3413,56,0,0.34133805111046434,0,src_6ce929ca1736,src_6ce929ca1736_20261003140216850_ff268ada6bee,2026-10-03T14:02:16.850Z,2026-10-03T14:02:19.940Z,2018-10-17T14:10:43.000Z,final
qc-prov-2018-10-01-general,qc-prov-2018-10-01-general-party-0,0,Candidats indépendants/Independent candidates,Ind.,6462,0.1602,21,0,0.1602067465336883,0,src_6ce929ca1736,src_6ce929ca1736_20261003140216850_ff268ada6bee,2026-10-03T14:02:16.850Z,2026-10-03T14:02:19.940Z,2018-10-17T14:10:43.000Z,final
qc-prov-2018-10-01-general,qc-prov-2018-10-01-general-party-2,2,Bloc pot,B.P.,4657,0.1155,29,0,0.1154569511927246,0,src_6ce929ca1736,src_6ce929ca1736_20261003140216850_ff268ada6bee,2026-10-03T14:02:16.850Z,2026-10-03T14:02:19.940Z,2018-10-17T14:10:43.000Z,final
qc-prov-2018-10-01-general,qc-prov-2018-10-01-general-party-23,23,Parti nul,P.N.,3659,0.0907,16,0,0.09071440507068484,0,src_6ce929ca1736,src_6ce929ca1736_20261003140216850_ff268ada6bee,2026-10-03T14:02:16.850Z,2026-10-03T14:02:19.940Z,2018-10-17T14:10:43.000Z,final
qc-prov-2018-10-01-general,qc-prov-2018-10-01-general-party-7,7,Parti marxiste-léniniste du Québec,P.M.L.Q.,1708,0.0423,25,0,0.04234495869383157,0,src_6ce929ca1736,src_6ce929ca1736_20261003140216850_ff268ada6bee,2026-10-03T14:02:16.850Z,2026-10-03T14:02:19.940Z,2018-10-17T14:10:43.000Z,final
qc-prov-2018-10-01-general,qc-prov-2018-10-01-general-party-38,38,Parti libre,P.L.,1678,0.0416,8,0,0.04160119478234741,0,src_6ce929ca1736,src_6ce929ca1736_20261003140216850_ff268ada6bee,2026-10-03T14:02:16.850Z,2026-10-03T14:02:19.940Z,2018-10-17T14:10:43.000Z,final
qc-prov-2018-10-01-general,qc-prov-2018-10-01-general-party-29,29,Équipe autonomiste,É.A.,1138,0.0282,12,0,0.02821344437563251,0,src_6ce929ca1736,src_6ce929ca1736_20261003140216850_ff268ada6bee,2026-10-03T14:02:16.850Z,2026-10-03T14:02:19.940Z,2018-10-17T14:10:43.000Z,final
qc-prov-2018-10-01-general,qc-prov-2018-10-01-general-party-37,37,Parti 51,P51,1117,0.0277,5,0,0.027692809637593595,0,src_6ce929ca1736,src_6ce929ca1736_20261003140216850_ff268ada6bee,2026-10-03T14:02:16.850Z,2026-10-03T14:02:19.940Z,2018-10-17T14:10:43.000Z,final
qc-prov-2018-10-01-general,qc-prov-2018-10-01-general-party-36,36,Changement intégrité pour notre Québec,C.I.N.Q.,693,0.0172,7,0,0.01718094635528412,0,src_6ce929ca1736,src_6ce929ca1736_20261003140216850_ff268ada6bee,2026-10-03T14:02:16.850Z,2026-10-03T14:02:19.940Z,2018-10-17T14:10:43.000Z,final
qc-prov-2018-10-01-general,qc-prov-2018-10-01-general-party-41,41,Alliance provinciale du Québec,A.P.Q.,521,0.0129,2,0,0.012916699929441597,0,src_6ce929ca1736,src_6ce929ca1736_20261003140216850_ff268ada6bee,2026-10-03T14:02:16.850Z,2026-10-03T14:02:19.940Z,2018-10-17T14:10:43.000Z,final
qc-prov-2018-10-01-general,qc-prov-2018-10-01-general-party-45,45,Voie du peuple,V.P.,190,0.0047,1,0,0.00471050477273302,0,src_6ce929ca1736,src_6ce929ca1736_20261003140216850_ff268ada6bee,2026-10-03T14:02:16.850Z,2026-10-03T14:02:19.940Z,2018-10-17T14:10:43.000Z,final
qc-prov-2018-10-01-general,qc-prov-2018-10-01-general-party-42,42,Parti culinaire du Québec,P.Cu.Q.,169,0.0042,1,0,0.004189870034694107,0,src_6ce929ca1736,src_6ce929ca1736_20261003140216850_ff268ada6bee,2026-10-03T14:02:16.850Z,2026-10-03T14:02:19.940Z,2018-10-17T14:10:43.000Z,final
qc-prov-2019-12-02-partial,qc-prov-2019-12-02-partial-party-27,27,Coalition avenir Québec - L'équipe François Legault,C.A.Q.-É.F.L.,9950,43.3816,NA,1,43.38158353679805,1,src_81c5fe8d1b02,src_81c5fe8d1b02_20261003140208331_309c476a31aa,2026-10-03T14:02:08.331Z,2026-10-03T14:02:09.382Z,2019-12-08T07:25:03.000Z,final
qc-prov-2019-12-02-partial,qc-prov-2019-12-02-partial-party-6,6,Parti libéral du Québec/Quebec Liberal Party,P.L.Q./Q.L.P.,5742,25.0349,NA,0,25.034879665155213,0,src_81c5fe8d1b02,src_81c5fe8d1b02_20261003140208331_309c476a31aa,2026-10-03T14:02:08.331Z,2026-10-03T14:02:09.382Z,2019-12-08T07:25:03.000Z,final
qc-prov-2019-12-02-partial,qc-prov-2019-12-02-partial-party-40,40,Québec solidaire,Q.S.,3888,16.9515,NA,0,16.95151726543425,0,src_81c5fe8d1b02,src_81c5fe8d1b02_20261003140208331_309c476a31aa,2026-10-03T14:02:08.331Z,2026-10-03T14:02:09.382Z,2019-12-08T07:25:03.000Z,final
qc-prov-2019-12-02-partial,qc-prov-2019-12-02-partial-party-8,8,Parti québécois,P.Q.,2137,9.3172,NA,0,9.317230554586676,0,src_81c5fe8d1b02,src_81c5fe8d1b02_20261003140208331_309c476a31aa,2026-10-03T14:02:08.331Z,2026-10-03T14:02:09.382Z,2019-12-08T07:25:03.000Z,final
qc-prov-2019-12-02-partial,qc-prov-2019-12-02-partial-party-10,10,Parti vert du Québec/Green Party of Québec,P.V.Q./G.P.Q.,640,2.7904,NA,0,2.790373212417161,0,src_81c5fe8d1b02,src_81c5fe8d1b02_20261003140208331_309c476a31aa,2026-10-03T14:02:08.331Z,2026-10-03T14:02:09.382Z,2019-12-08T07:25:03.000Z,final
qc-prov-2019-12-02-partial,qc-prov-2019-12-02-partial-party-22,22,Parti conservateur du Québec / Conservative Party of Québec,P.C.Q./C.P.Q.,233,1.0159,NA,0,1.0158702476456225,0,src_81c5fe8d1b02,src_81c5fe8d1b02_20261003140208331_309c476a31aa,2026-10-03T14:02:08.331Z,2026-10-03T14:02:09.382Z,2019-12-08T07:25:03.000Z,final
qc-prov-2019-12-02-partial,qc-prov-2019-12-02-partial-party-0,0,Candidats indépendants/Independent candidates,Ind.,206,0.8982,NA,0,0.8981513777467737,0,src_81c5fe8d1b02,src_81c5fe8d1b02_20261003140208331_309c476a31aa,2026-10-03T14:02:08.331Z,2026-10-03T14:02:09.382Z,2019-12-08T07:25:03.000Z,final
qc-prov-2019-12-02-partial,qc-prov-2019-12-02-partial-party-46,46,Citoyens au pouvoir du Québec,C.P.Q.,85,0.3706,NA,0,0.37059644227415417,0,src_81c5fe8d1b02,src_81c5fe8d1b02_20261003140208331_309c476a31aa,2026-10-03T14:02:08.331Z,2026-10-03T14:02:09.382Z,2019-12-08T07:25:03.000Z,final
qc-prov-2019-12-02-partial,qc-prov-2019-12-02-partial-party-48,48,Parti pour l'indépendance du Québec,P.I.Q.,32,0.1395,NA,0,0.13951866062085805,0,src_81c5fe8d1b02,src_81c5fe8d1b02_20261003140208331_309c476a31aa,2026-10-03T14:02:08.331Z,2026-10-03T14:02:09.382Z,2019-12-08T07:25:03.000Z,final
qc-prov-2019-12-02-partial,qc-prov-2019-12-02-partial-party-29,29,Équipe autonomiste,É.A.,23,0.1003,NA,0,0.10027903732124172,0,src_81c5fe8d1b02,src_81c5fe8d1b02_20261003140208331_309c476a31aa,2026-10-03T14:02:08.331Z,2026-10-03T14:02:09.382Z,2019-12-08T07:25:03.000Z,final
qc-prov-2023-03-13-partial,qc-prov-2023-03-13-partial-party-40,40,Québec solidaire,Q.S.,7897,44.4977,NA,1,44.4976615766045,1,src_8f0698d69120,src_8f0698d69120_20261003140153734_b2f8081f3f95,2026-10-03T14:01:53.734Z,2026-10-03T14:01:54.281Z,2023-03-15T06:12:13.000Z,final
qc-prov-2023-03-13-partial,qc-prov-2023-03-13-partial-party-6,6,Parti libéral du Québec/Quebec Liberal Party,P.L.Q./Q.L.P.,5139,28.957,NA,0,28.957006818053756,0,src_8f0698d69120,src_8f0698d69120_20261003140153734_b2f8081f3f95,2026-10-03T14:01:53.734Z,2026-10-03T14:01:54.281Z,2023-03-15T06:12:13.000Z,final
qc-prov-2023-03-13-partial,qc-prov-2023-03-13-partial-party-8,8,Parti québécois,P.Q.,2025,11.4104,NA,0,11.410379219022934,0,src_8f0698d69120,src_8f0698d69120_20261003140153734_b2f8081f3f95,2026-10-03T14:01:53.734Z,2026-10-03T14:01:54.281Z,2023-03-15T06:12:13.000Z,final
qc-prov-2023-03-13-partial,qc-prov-2023-03-13-partial-party-27,27,Coalition avenir Québec - L'équipe François Legault,C.A.Q.-E.F.L.,1661,9.3593,NA,0,9.359328337183749,0,src_8f0698d69120,src_8f0698d69120_20261003140153734_b2f8081f3f95,2026-10-03T14:01:53.734Z,2026-10-03T14:01:54.281Z,2023-03-15T06:12:13.000Z,final
qc-prov-2023-03-13-partial,qc-prov-2023-03-13-partial-party-22,22,Parti conservateur du Québec - Équipe Éric Duhaime,P.C.Q-E.E.D.,478,2.6934,NA,0,2.693412971206401,0,src_8f0698d69120,src_8f0698d69120_20261003140153734_b2f8081f3f95,2026-10-03T14:01:53.734Z,2026-10-03T14:01:54.281Z,2023-03-15T06:12:13.000Z,final
qc-prov-2023-03-13-partial,qc-prov-2023-03-13-partial-party-10,10,Parti vert du Québec/Green Party of Québec,P.V.Q./G.P.Q.,251,1.4143,NA,0,1.414323547641855,0,src_8f0698d69120,src_8f0698d69120_20261003140153734_b2f8081f3f95,2026-10-03T14:01:53.734Z,2026-10-03T14:01:54.281Z,2023-03-15T06:12:13.000Z,final
qc-prov-2023-03-13-partial,qc-prov-2023-03-13-partial-party-99263,99263,Parti canadien du Québec / Canadian Party of Québec,P.C.Q./C.P.Q,113,0.6367,NA,0,0.6367273341973291,0,src_8f0698d69120,src_8f0698d69120_20261003140153734_b2f8081f3f95,2026-10-03T14:01:53.734Z,2026-10-03T14:01:54.281Z,2023-03-15T06:12:13.000Z,final
qc-prov-2023-03-13-partial,qc-prov-2023-03-13-partial-party-99237,99237,Climat Québec,C.Q.,67,0.3775,NA,0,0.3775285963824872,0,src_8f0698d69120,src_8f0698d69120_20261003140153734_b2f8081f3f95,2026-10-03T14:01:53.734Z,2026-10-03T14:01:54.281Z,2023-03-15T06:12:13.000Z,final
qc-prov-2023-03-13-partial,qc-prov-2023-03-13-partial-party-0,0,Candidats indépendants/Independent candidates,Ind.,47,0.2648,NA,0,0.2648334929847298,0,src_8f0698d69120,src_8f0698d69120_20261003140153734_b2f8081f3f95,2026-10-03T14:01:53.734Z,2026-10-03T14:01:54.281Z,2023-03-15T06:12:13.000Z,final
qc-prov-2023-03-13-partial,qc-prov-2023-03-13-partial-party-99286,99286,Démocratie directe,D.D.,39,0.2198,NA,0,0.21975545162562687,0,src_8f0698d69120,src_8f0698d69120_20261003140153734_b2f8081f3f95,2026-10-03T14:01:53.734Z,2026-10-03T14:01:54.281Z,2023-03-15T06:12:13.000Z,final
qc-prov-2023-03-13-partial,qc-prov-2023-03-13-partial-party-99236,99236,Parti accès propriété et équité,P.A.P.E.,30,0.169,NA,0,0.16904265509663605,0,src_8f0698d69120,src_8f0698d69120_20261003140153734_b2f8081f3f95,2026-10-03T14:01:53.734Z,2026-10-03T14:01:54.281Z,2023-03-15T06:12:13.000Z,final
qc-prov-2016-04-11-partial,qc-prov-2016-04-11-partial-party-8,8,Parti québécois,P.Q.,8810,46.7176,NA,1,46.71757344363135,1,src_9869ef080ebd,src_9869ef080ebd_20261003140330158_408f2e0b3e14,2026-10-03T14:03:30.158Z,2026-10-03T14:03:31.509Z,2016-04-17T06:22:08.000Z,final
qc-prov-2016-04-11-partial,qc-prov-2016-04-11-partial-party-6,6,Parti libéral du Québec/Quebec Liberal Party,P.L.Q./Q.L.P.,5700,30.2259,NA,0,30.22589882278078,0,src_9869ef080ebd,src_9869ef080ebd_20261003140330158_408f2e0b3e14,2026-10-03T14:03:30.158Z,2026-10-03T14:03:31.509Z,2016-04-17T06:22:08.000Z,final
qc-prov-2016-04-11-partial,qc-prov-2016-04-11-partial-party-27,27,Coalition avenir Québec - L'équipe François Legault,C.A.Q.-É.F.L.,2205,11.6927,NA,0,11.692650334075724,0,src_9869ef080ebd,src_9869ef080ebd_20261003140330158_408f2e0b3e14,2026-10-03T14:03:30.158Z,2026-10-03T14:03:31.509Z,2016-04-17T06:22:08.000Z,final
qc-prov-2016-04-11-partial,qc-prov-2016-04-11-partial-party-11,11,Québec solidaire,Q.S.,1508,7.9966,NA,0,7.996606214869021,0,src_9869ef080ebd,src_9869ef080ebd_20261003140330158_408f2e0b3e14,2026-10-03T14:03:30.158Z,2026-10-03T14:03:31.509Z,2016-04-17T06:22:08.000Z,final
qc-prov-2016-04-11-partial,qc-prov-2016-04-11-partial-party-10,10,Parti vert du Québec/Green Party of Québec,P.V.Q./G.P.Q.,465,2.4658,NA,0,2.4657970092268533,0,src_9869ef080ebd,src_9869ef080ebd_20261003140330158_408f2e0b3e14,2026-10-03T14:03:30.158Z,2026-10-03T14:03:31.509Z,2016-04-17T06:22:08.000Z,final
qc-prov-2016-04-11-partial,qc-prov-2016-04-11-partial-party-26,26,Option nationale - Pour l'indépendance du Québec,O.N. - P.I.Q.,170,0.9015,NA,0,0.901474175416269,0,src_9869ef080ebd,src_9869ef080ebd_20261003140330158_408f2e0b3e14,2026-10-03T14:03:30.158Z,2026-10-03T14:03:31.509Z,2016-04-17T06:22:08.000Z,final
qc-prov-2018-12-10-partial,qc-prov-2018-12-10-partial-party-27,27,Coalition avenir Québec - L'équipe François Legault,C.A.Q.-É.F.L.,8373,54.533,NA,1,54.53302071121532,1,src_9ef2a7b66e04,src_9ef2a7b66e04_20261003140212095_54ba0694cf83,2026-10-03T14:02:12.095Z,2026-10-03T14:02:13.368Z,2018-12-11T16:44:41.000Z,final
qc-prov-2018-12-10-partial,qc-prov-2018-12-10-partial-party-8,8,Parti québécois,P.Q.,2689,17.5134,NA,0,17.513351569623552,0,src_9ef2a7b66e04,src_9ef2a7b66e04_20261003140212095_54ba0694cf83,2026-10-03T14:02:12.095Z,2026-10-03T14:02:13.368Z,2018-12-11T16:44:41.000Z,final
qc-prov-2018-12-10-partial,qc-prov-2018-12-10-partial-party-6,6,Parti libéral du Québec/Quebec Liberal Party,P.L.Q./Q.L.P.,2334,15.2013,NA,0,15.20125048847206,0,src_9ef2a7b66e04,src_9ef2a7b66e04_20261003140212095_54ba0694cf83,2026-10-03T14:02:12.095Z,2026-10-03T14:02:13.368Z,2018-12-11T16:44:41.000Z,final
qc-prov-2018-12-10-partial,qc-prov-2018-12-10-partial-party-40,40,Québec solidaire,Q.S.,1584,10.3165,NA,0,10.316529894490035,0,src_9ef2a7b66e04,src_9ef2a7b66e04_20261003140212095_54ba0694cf83,2026-10-03T14:02:12.095Z,2026-10-03T14:02:13.368Z,2018-12-11T16:44:41.000Z,final
qc-prov-2018-12-10-partial,qc-prov-2018-12-10-partial-party-22,22,Parti conservateur du Québec / Conservative Party of Québec,P.C.Q./C.P.Q.,173,1.1267,NA,0,1.1267422170118535,0,src_9ef2a7b66e04,src_9ef2a7b66e04_20261003140212095_54ba0694cf83,2026-10-03T14:02:12.095Z,2026-10-03T14:02:13.368Z,2018-12-11T16:44:41.000Z,final
qc-prov-2018-12-10-partial,qc-prov-2018-12-10-partial-party-31,31,Citoyens au pouvoir du Québec,C.P.Q.,121,0.7881,NA,0,0.7880682558290999,0,src_9ef2a7b66e04,src_9ef2a7b66e04_20261003140212095_54ba0694cf83,2026-10-03T14:02:12.095Z,2026-10-03T14:02:13.368Z,2018-12-11T16:44:41.000Z,final
qc-prov-2018-12-10-partial,qc-prov-2018-12-10-partial-party-10,10,Parti vert du Québec/Green Party of Québec,P.V.Q./G.P.Q.,80,0.521,NA,0,0.5210368633580826,0,src_9ef2a7b66e04,src_9ef2a7b66e04_20261003140212095_54ba0694cf83,2026-10-03T14:02:12.095Z,2026-10-03T14:02:13.368Z,2018-12-11T16:44:41.000Z,final
qc-prov-2013-12-09-partial,qc-prov-2013-12-09-partial-party-6,6,Parti libéral du Québec/Quebec Liberal Party,P.L.Q./Q.L.P.,9628,28.5105,NA,2,28.510512289013917,NA,src_a0bedefcbbb2,src_a0bedefcbbb2_20261003140357004_8be30da11b10,2026-10-03T14:03:57.004Z,2026-10-03T14:03:58.582Z,NA,preliminary
qc-prov-2013-12-09-partial,qc-prov-2013-12-09-partial-party-11,11,Québec solidaire,Q.S.,4161,12.3216,NA,0,12.321587207580693,NA,src_a0bedefcbbb2,src_a0bedefcbbb2_20261003140357004_8be30da11b10,2026-10-03T14:03:57.004Z,2026-10-03T14:03:58.582Z,NA,preliminary
qc-prov-2013-12-09-partial,qc-prov-2013-12-09-partial-party-26,26,Option nationale,O.N.,986,2.9198,NA,0,2.9197512585134735,NA,src_a0bedefcbbb2,src_a0bedefcbbb2_20261003140357004_8be30da11b10,2026-10-03T14:03:57.004Z,2026-10-03T14:03:58.582Z,NA,preliminary
qc-prov-2013-12-09-partial,qc-prov-2013-12-09-partial-party-8,8,Parti québécois,P.Q.,985,2.9168,NA,0,2.916790050340539,NA,src_a0bedefcbbb2,src_a0bedefcbbb2_20261003140357004_8be30da11b10,2026-10-03T14:03:57.004Z,2026-10-03T14:03:58.582Z,NA,preliminary
qc-prov-2013-12-09-partial,qc-prov-2013-12-09-partial-party-10,10,Parti vert du Québec/Green Party of Québec,P.V.Q./G.P.Q.,497,1.4717,NA,0,1.471720461948475,NA,src_a0bedefcbbb2,src_a0bedefcbbb2_20261003140357004_8be30da11b10,2026-10-03T14:03:57.004Z,2026-10-03T14:03:58.582Z,NA,preliminary
qc-prov-2013-12-09-partial,qc-prov-2013-12-09-partial-party-27,27,Coalition avenir Québec - L'équipe François Legault,C.A.Q.-É.F.L.,229,0.6781,NA,0,0.6781166716020136,NA,src_a0bedefcbbb2,src_a0bedefcbbb2_20261003140357004_8be30da11b10,2026-10-03T14:03:57.004Z,2026-10-03T14:03:58.582Z,NA,preliminary
qc-prov-2013-12-09-partial,qc-prov-2013-12-09-partial-party-22,22,Équipe Adrien Pouliot - Parti conservateur du Québec,É.A.P. - P.C.Q.,227,0.6722,NA,0,0.6721942552561445,NA,src_a0bedefcbbb2,src_a0bedefcbbb2_20261003140357004_8be30da11b10,2026-10-03T14:03:57.004Z,2026-10-03T14:03:58.582Z,NA,preliminary
qc-prov-2013-12-09-partial,qc-prov-2013-12-09-partial-party-32,32,Union citoyenne du Québec / Québec Citizens' Union,U.C.Q./Q.C.U.,82,0.2428,NA,0,0.2428190701806337,NA,src_a0bedefcbbb2,src_a0bedefcbbb2_20261003140357004_8be30da11b10,2026-10-03T14:03:57.004Z,2026-10-03T14:03:58.582Z,NA,preliminary
qc-prov-2013-12-09-partial,qc-prov-2013-12-09-partial-party-23,23,Parti nul,P.N.,59,0.1747,NA,0,0.1747112822031389,NA,src_a0bedefcbbb2,src_a0bedefcbbb2_20261003140357004_8be30da11b10,2026-10-03T14:03:57.004Z,2026-10-03T14:03:58.582Z,NA,preliminary
qc-prov-2013-12-09-partial,qc-prov-2013-12-09-partial-party-29,29,Équipe autonomiste,É.A.,31,0.0918,NA,0,0.09179745336097128,NA,src_a0bedefcbbb2,src_a0bedefcbbb2_20261003140357004_8be30da11b10,2026-10-03T14:03:57.004Z,2026-10-03T14:03:58.582Z,NA,preliminary
qc-prov-2017-10-02-partial,qc-prov-2017-10-02-partial-party-27,27,Coalition avenir Québec - L'équipe François Legault,C.A.Q.-É.F.L.,12091,51.0384,NA,1,51.03841283241874,1,src_c0d45adf2a1b,src_c0d45adf2a1b_20261003140224477_5797901f93d9,2026-10-03T14:02:24.477Z,2026-10-03T14:02:26.450Z,2017-10-08T06:25:35.000Z,final
qc-prov-2017-10-02-partial,qc-prov-2017-10-02-partial-party-6,6,Parti libéral du Québec/Quebec Liberal Party,P.L.Q./Q.L.P.,4433,18.7125,NA,0,18.712536935415788,0,src_c0d45adf2a1b,src_c0d45adf2a1b_20261003140224477_5797901f93d9,2026-10-03T14:02:24.477Z,2026-10-03T14:02:26.450Z,2017-10-08T06:25:35.000Z,final
qc-prov-2017-10-02-partial,qc-prov-2017-10-02-partial-party-8,8,Parti québécois,P.Q.,3852,16.26,NA,0,16.260025327142255,0,src_c0d45adf2a1b,src_c0d45adf2a1b_20261003140224477_5797901f93d9,2026-10-03T14:02:24.477Z,2026-10-03T14:02:26.450Z,2017-10-08T06:25:35.000Z,final
qc-prov-2017-10-02-partial,qc-prov-2017-10-02-partial-party-11,11,Québec solidaire,Q.S.,1235,5.2132,NA,0,5.21317011397214,0,src_c0d45adf2a1b,src_c0d45adf2a1b_20261003140224477_5797901f93d9,2026-10-03T14:02:24.477Z,2026-10-03T14:02:26.450Z,2017-10-08T06:25:35.000Z,final
qc-prov-2017-10-02-partial,qc-prov-2017-10-02-partial-party-22,22,Équipe Adrien Pouliot - Parti conservateur du Québec,É.A.P. - P.C.Q.,976,4.1199,NA,0,4.119881806669481,0,src_c0d45adf2a1b,src_c0d45adf2a1b_20261003140224477_5797901f93d9,2026-10-03T14:02:24.477Z,2026-10-03T14:02:26.450Z,2017-10-08T06:25:35.000Z,final
qc-prov-2017-10-02-partial,qc-prov-2017-10-02-partial-party-10,10,Parti vert du Québec/Green Party of Québec,P.V.Q./G.P.Q.,490,2.0684,NA,0,2.0683832840861123,0,src_c0d45adf2a1b,src_c0d45adf2a1b_20261003140224477_5797901f93d9,2026-10-03T14:02:24.477Z,2026-10-03T14:02:26.450Z,2017-10-08T06:25:35.000Z,final
qc-prov-2017-10-02-partial,qc-prov-2017-10-02-partial-party-34,34,Nouveau Parti démocratique du Québec,N.P.D.Q.,319,1.3466,NA,0,1.3465597298438159,0,src_c0d45adf2a1b,src_c0d45adf2a1b_20261003140224477_5797901f93d9,2026-10-03T14:02:24.477Z,2026-10-03T14:02:26.450Z,2017-10-08T06:25:35.000Z,final
qc-prov-2017-10-02-partial,qc-prov-2017-10-02-partial-party-0,0,Candidats indépendants/Independent candidates,Ind.,215,0.9076,NA,0,0.9075559307724779,0,src_c0d45adf2a1b,src_c0d45adf2a1b_20261003140224477_5797901f93d9,2026-10-03T14:02:24.477Z,2026-10-03T14:02:26.450Z,2017-10-08T06:25:35.000Z,final
qc-prov-2017-10-02-partial,qc-prov-2017-10-02-partial-party-26,26,Option nationale - Pour l'indépendance du Québec,O.N. - P.I.Q.,61,0.2575,NA,0,0.25749261291684256,0,src_c0d45adf2a1b,src_c0d45adf2a1b_20261003140224477_5797901f93d9,2026-10-03T14:02:24.477Z,2026-10-03T14:02:26.450Z,2017-10-08T06:25:35.000Z,final
qc-prov-2017-10-02-partial,qc-prov-2017-10-02-partial-party-29,29,Équipe autonomiste,É.A.,18,0.076,NA,0,0.07598142676234698,0,src_c0d45adf2a1b,src_c0d45adf2a1b_20261003140224477_5797901f93d9,2026-10-03T14:02:24.477Z,2026-10-03T14:02:26.450Z,2017-10-08T06:25:35.000Z,final
qc-prov-2015-06-08-partial,qc-prov-2015-06-08-partial-party-6,6,Parti libéral du Québec/Quebec Liberal Party,P.L.Q./Q.L.P.,18599,41.5425,NA,2,41.54251636103728,2,src_d0efa9a1d2ca,src_d0efa9a1d2ca_20261003140339158_313bd91bc37f,2026-10-03T14:03:39.158Z,2026-10-03T14:03:40.726Z,2015-06-14T06:24:29.000Z,final
qc-prov-2015-06-08-partial,qc-prov-2015-06-08-partial-party-27,27,Coalition avenir Québec - L'équipe François Legault,C.A.Q.-É.F.L.,11173,24.9559,NA,0,24.955886623037234,0,src_d0efa9a1d2ca,src_d0efa9a1d2ca_20261003140339158_313bd91bc37f,2026-10-03T14:03:39.158Z,2026-10-03T14:03:40.726Z,2015-06-14T06:24:29.000Z,final
qc-prov-2015-06-08-partial,qc-prov-2015-06-08-partial-party-8,8,Parti québécois,P.Q.,9764,21.8088,NA,0,21.80876013490876,0,src_d0efa9a1d2ca,src_d0efa9a1d2ca_20261003140339158_313bd91bc37f,2026-10-03T14:03:39.158Z,2026-10-03T14:03:40.726Z,2015-06-14T06:24:29.000Z,final
qc-prov-2015-06-08-partial,qc-prov-2015-06-08-partial-party-11,11,Québec solidaire,Q.S.,2357,5.2646,NA,0,5.264568582341248,0,src_d0efa9a1d2ca,src_d0efa9a1d2ca_20261003140339158_313bd91bc37f,2026-10-03T14:03:39.158Z,2026-10-03T14:03:40.726Z,2015-06-14T06:24:29.000Z,final
qc-prov-2015-06-08-partial,qc-prov-2015-06-08-partial-party-22,22,Équipe Adrien Pouliot - Parti conservateur du Québec,É.A.P. - P.C.Q.,1473,3.2901,NA,0,3.290076165374908,0,src_d0efa9a1d2ca,src_d0efa9a1d2ca_20261003140339158_313bd91bc37f,2026-10-03T14:03:39.158Z,2026-10-03T14:03:40.726Z,2015-06-14T06:24:29.000Z,final
qc-prov-2015-06-08-partial,qc-prov-2015-06-08-partial-party-26,26,Option nationale - Pour l'indépendance du Québec,O.N. - P.I.Q.,599,1.3379,NA,0,1.337919635478323,0,src_d0efa9a1d2ca,src_d0efa9a1d2ca_20261003140339158_313bd91bc37f,2026-10-03T14:03:39.158Z,2026-10-03T14:03:40.726Z,2015-06-14T06:24:29.000Z,final
qc-prov-2015-06-08-partial,qc-prov-2015-06-08-partial-party-10,10,Parti vert du Québec/Green Party of Québec,P.V.Q./G.P.Q.,472,1.0543,NA,0,1.0542538696924348,0,src_d0efa9a1d2ca,src_d0efa9a1d2ca_20261003140339158_313bd91bc37f,2026-10-03T14:03:39.158Z,2026-10-03T14:03:40.726Z,2015-06-14T06:24:29.000Z,final
qc-prov-2015-06-08-partial,qc-prov-2015-06-08-partial-party-31,31,Parti des sans parti,P.S.P.,218,0.4869,NA,0,0.48692233812065844,0,src_d0efa9a1d2ca,src_d0efa9a1d2ca_20261003140339158_313bd91bc37f,2026-10-03T14:03:39.158Z,2026-10-03T14:03:40.726Z,2015-06-14T06:24:29.000Z,final
qc-prov-2015-06-08-partial,qc-prov-2015-06-08-partial-party-29,29,Équipe autonomiste,É.A.,89,0.1988,NA,0,0.1987893949208193,0,src_d0efa9a1d2ca,src_d0efa9a1d2ca_20261003140339158_313bd91bc37f,2026-10-03T14:03:39.158Z,2026-10-03T14:03:40.726Z,2015-06-14T06:24:29.000Z,final
qc-prov-2015-06-08-partial,qc-prov-2015-06-08-partial-party-16,16,Parti indépendantiste,P.I.,27,0.0603,NA,0,0.06030689508833843,0,src_d0efa9a1d2ca,src_d0efa9a1d2ca_20261003140339158_313bd91bc37f,2026-10-03T14:03:39.158Z,2026-10-03T14:03:40.726Z,2015-06-14T06:24:29.000Z,final
qc-prov-2025-08-11-partial,qc-prov-2025-08-11-partial-party-8,8,Parti québécois,P.Q.,17327,46.3723,NA,1,46.372273517998124,1,src_d46eedaf6c55,src_d46eedaf6c55_20261003140146688_e9b35e080043,2026-10-03T14:01:46.688Z,2026-10-03T14:01:47.121Z,2025-08-13T06:12:20.000Z,final
qc-prov-2025-08-11-partial,qc-prov-2025-08-11-partial-party-22,22,Parti conservateur du Québec,P.Co.Q.,13081,35.0087,NA,0,35.00869797939248,0,src_d46eedaf6c55,src_d46eedaf6c55_20261003140146688_e9b35e080043,2026-10-03T14:01:46.688Z,2026-10-03T14:01:47.121Z,2025-08-13T06:12:20.000Z,final
qc-prov-2025-08-11-partial,qc-prov-2025-08-11-partial-party-6,6,Parti libéral du Québec/Quebec Liberal Party,P.L.Q./Q.L.P.,3481,9.3162,NA,0,9.316205004683527,0,src_d46eedaf6c55,src_d46eedaf6c55_20261003140146688_e9b35e080043,2026-10-03T14:01:46.688Z,2026-10-03T14:01:47.121Z,2025-08-13T06:12:20.000Z,final
qc-prov-2025-08-11-partial,qc-prov-2025-08-11-partial-party-27,27,Coalition avenir Québec - L'équipe François Legault,C.A.Q.-E.F.L.,2693,7.2073,NA,0,7.2072795396761675,0,src_d46eedaf6c55,src_d46eedaf6c55_20261003140146688_e9b35e080043,2026-10-03T14:01:46.688Z,2026-10-03T14:01:47.121Z,2025-08-13T06:12:20.000Z,final
qc-prov-2025-08-11-partial,qc-prov-2025-08-11-partial-party-40,40,Québec solidaire,Q.S.,548,1.4666,NA,0,1.466613140639636,0,src_d46eedaf6c55,src_d46eedaf6c55_20261003140146688_e9b35e080043,2026-10-03T14:01:46.688Z,2026-10-03T14:01:47.121Z,2025-08-13T06:12:20.000Z,final
qc-prov-2025-08-11-partial,qc-prov-2025-08-11-partial-party-99237,99237,Climat Québec,C.Q.,96,0.2569,NA,0,0.2569249297470895,0,src_d46eedaf6c55,src_d46eedaf6c55_20261003140146688_e9b35e080043,2026-10-03T14:01:46.688Z,2026-10-03T14:01:47.121Z,2025-08-13T06:12:20.000Z,final
qc-prov-2025-08-11-partial,qc-prov-2025-08-11-partial-party-99209,99209,Union nationale,U.N.,55,0.1472,NA,0,0.14719657433427003,0,src_d46eedaf6c55,src_d46eedaf6c55_20261003140146688_e9b35e080043,2026-10-03T14:01:46.688Z,2026-10-03T14:01:47.121Z,2025-08-13T06:12:20.000Z,final
qc-prov-2025-08-11-partial,qc-prov-2025-08-11-partial-party-0,0,Candidats indépendants/Independent candidates,Ind.,53,0.1418,NA,0,0.14184397163120568,0,src_d46eedaf6c55,src_d46eedaf6c55_20261003140146688_e9b35e080043,2026-10-03T14:01:46.688Z,2026-10-03T14:01:47.121Z,2025-08-13T06:12:20.000Z,final
qc-prov-2025-08-11-partial,qc-prov-2025-08-11-partial-party-29,29,Équipe autonomiste,E.A.,31,0.083,NA,0,0.08296534189749766,0,src_d46eedaf6c55,src_d46eedaf6c55_20261003140146688_e9b35e080043,2026-10-03T14:01:46.688Z,2026-10-03T14:01:47.121Z,2025-08-13T06:12:20.000Z,final
qc-prov-2014-04-07-general,qc-prov-2014-04-07-general-party-6,6,Parti libéral du Québec/Quebec Liberal Party,P.L.Q./Q.L.P.,1757071,41.5161,125,70,41.516120693851185,70,src_f5041537304c,src_f5041537304c_20261003140352022_c70ed25b0773,2026-10-03T14:03:52.022Z,2026-10-03T14:03:53.452Z,2014-04-15T06:24:38.000Z,final
qc-prov-2014-04-07-general,qc-prov-2014-04-07-general-party-8,8,Parti québécois,P.Q.,1074120,25.3793,124,30,25.379336156409977,30,src_f5041537304c,src_f5041537304c_20261003140352022_c70ed25b0773,2026-10-03T14:03:52.022Z,2026-10-03T14:03:53.452Z,2014-04-15T06:24:38.000Z,final
qc-prov-2014-04-07-general,qc-prov-2014-04-07-general-party-27,27,Coalition avenir Québec - L'équipe François Legault,C.A.Q.-É.F.L.,975607,23.0517,122,22,23.05166835134498,22,src_f5041537304c,src_f5041537304c_20261003140352022_c70ed25b0773,2026-10-03T14:03:52.022Z,2026-10-03T14:03:53.452Z,2014-04-15T06:24:38.000Z,final
qc-prov-2014-04-07-general,qc-prov-2014-04-07-general-party-11,11,Québec solidaire,Q.S.,323124,7.6348,124,3,7.634782534729656,3,src_f5041537304c,src_f5041537304c_20261003140352022_c70ed25b0773,2026-10-03T14:03:52.022Z,2026-10-03T14:03:53.452Z,2014-04-15T06:24:38.000Z,final
qc-prov-2014-04-07-general,qc-prov-2014-04-07-general-party-26,26,Option nationale - Pour l'indépendance du Québec,O.N. - P.I.Q.,30697,0.7253,116,0,0.7253095389652153,0,src_f5041537304c,src_f5041537304c_20261003140352022_c70ed25b0773,2026-10-03T14:03:52.022Z,2026-10-03T14:03:53.452Z,2014-04-15T06:24:38.000Z,final
qc-prov-2014-04-07-general,qc-prov-2014-04-07-general-party-10,10,Parti vert du Québec/Green Party of Québec,P.V.Q./G.P.Q.,23163,0.5473,44,0,0.5472959849839164,0,src_f5041537304c,src_f5041537304c_20261003140352022_c70ed25b0773,2026-10-03T14:03:52.022Z,2026-10-03T14:03:53.452Z,2014-04-15T06:24:38.000Z,final
qc-prov-2014-04-07-general,qc-prov-2014-04-07-general-party-22,22,Équipe Adrien Pouliot - Parti conservateur du Québec,É.A.P. - P.C.Q.,16429,0.3882,59,0,0.38818485245006096,0,src_f5041537304c,src_f5041537304c_20261003140352022_c70ed25b0773,2026-10-03T14:03:52.022Z,2026-10-03T14:03:53.452Z,2014-04-15T06:24:38.000Z,final
qc-prov-2014-04-07-general,qc-prov-2014-04-07-general-party-0,0,Candidats indépendants/Independent candidates,Ind.,15361,0.363,11,0,0.36295011981772396,0,src_f5041537304c,src_f5041537304c_20261003140352022_c70ed25b0773,2026-10-03T14:03:52.022Z,2026-10-03T14:03:53.452Z,2014-04-15T06:24:38.000Z,final
qc-prov-2014-04-07-general,qc-prov-2014-04-07-general-party-23,23,Parti nul,P.N.,7539,0.1781,24,0,0.1781316941153454,0,src_f5041537304c,src_f5041537304c_20261003140352022_c70ed25b0773,2026-10-03T14:03:52.022Z,2026-10-03T14:03:53.452Z,2014-04-15T06:24:38.000Z,final
qc-prov-2014-04-07-general,qc-prov-2014-04-07-general-party-2,2,Bloc pot,B.P.,2690,0.0636,14,0,0.06355939211702867,0,src_f5041537304c,src_f5041537304c_20261003140352022_c70ed25b0773,2026-10-03T14:03:52.022Z,2026-10-03T14:03:53.452Z,2014-04-15T06:24:38.000Z,final
qc-prov-2014-04-07-general,qc-prov-2014-04-07-general-party-7,7,Parti marxiste-léniniste du Québec,P.M.L.Q.,2016,0.0476,24,0,0.047634102047557546,0,src_f5041537304c,src_f5041537304c_20261003140352022_c70ed25b0773,2026-10-03T14:03:52.022Z,2026-10-03T14:03:53.452Z,2014-04-15T06:24:38.000Z,final
qc-prov-2014-04-07-general,qc-prov-2014-04-07-general-party-28,28,Parti équitable,P.Éq.,1645,0.0389,5,0,0.03886810410130564,0,src_f5041537304c,src_f5041537304c_20261003140352022_c70ed25b0773,2026-10-03T14:03:52.022Z,2026-10-03T14:03:53.452Z,2014-04-15T06:24:38.000Z,final
qc-prov-2014-04-07-general,qc-prov-2014-04-07-general-party-31,31,Parti des sans parti,P.S.P.,1291,0.0305,5,0,0.0305037826108119,0,src_f5041537304c,src_f5041537304c_20261003140352022_c70ed25b0773,2026-10-03T14:03:52.022Z,2026-10-03T14:03:53.452Z,2014-04-15T06:24:38.000Z,final
qc-prov-2014-04-07-general,qc-prov-2014-04-07-general-party-33,33,Mon pays le Québec,M.P.Q.,521,0.0123,6,0,0.01231020196764756,0,src_f5041537304c,src_f5041537304c_20261003140352022_c70ed25b0773,2026-10-03T14:03:52.022Z,2026-10-03T14:03:53.452Z,2014-04-15T06:24:38.000Z,final
qc-prov-2014-04-07-general,qc-prov-2014-04-07-general-party-29,29,Équipe autonomiste,É.A.,400,0.0095,5,0,0.009451210723721735,0,src_f5041537304c,src_f5041537304c_20261003140352022_c70ed25b0773,2026-10-03T14:03:52.022Z,2026-10-03T14:03:53.452Z,2014-04-15T06:24:38.000Z,final
qc-prov-2014-04-07-general,qc-prov-2014-04-07-general-party-4,4,Parti unité nationale,P.U.N.,241,0.0057,3,0,0.005694354461042345,0,src_f5041537304c,src_f5041537304c_20261003140352022_c70ed25b0773,2026-10-03T14:03:52.022Z,2026-10-03T14:03:53.452Z,2014-04-15T06:24:38.000Z,final
qc-prov-2014-04-07-general,qc-prov-2014-04-07-general-party-25,25,Québec - Révolution démocratique,Q.R.D.,163,0.0039,1,0,0.0038513683699166073,0,src_f5041537304c,src_f5041537304c_20261003140352022_c70ed25b0773,2026-10-03T14:03:52.022Z,2026-10-03T14:03:53.452Z,2014-04-15T06:24:38.000Z,final
qc-prov-2014-04-07-general,qc-prov-2014-04-07-general-party-16,16,Parti indépendantiste,P.I.,126,0.003,1,0,0.0029771313779723466,0,src_f5041537304c,src_f5041537304c_20261003140352022_c70ed25b0773,2026-10-03T14:03:52.022Z,2026-10-03T14:03:53.452Z,2014-04-15T06:24:38.000Z,final
qc-prov-2014-04-07-general,qc-prov-2014-04-07-general-party-32,32,Union citoyenne du Québec / Québec Citizens' Union,U.C.Q./Q.C.U.,58,0.0014,1,0,0.0013704255549396517,0,src_f5041537304c,src_f5041537304c_20261003140352022_c70ed25b0773,2026-10-03T14:03:52.022Z,2026-10-03T14:03:53.452Z,2014-04-15T06:24:38.000Z,final
qc-prov-2025-03-17-partial,qc-prov-2025-03-17-partial-party-8,8,Parti québécois,P.Q.,11935,52.7584,NA,1,52.75837680134382,1,src_fc8fc11eea9d,src_fc8fc11eea9d_20261003140149086_e91543bd1947,2026-10-03T14:01:49.086Z,2026-10-03T14:01:49.425Z,2025-03-19T06:12:32.000Z,final
qc-prov-2025-03-17-partial,qc-prov-2025-03-17-partial-party-27,27,Coalition avenir Québec - L'équipe François Legault,C.A.Q.-E.F.L.,6508,28.7685,NA,0,28.76845548581027,0,src_fc8fc11eea9d,src_fc8fc11eea9d_20261003140149086_e91543bd1947,2026-10-03T14:01:49.086Z,2026-10-03T14:01:49.425Z,2025-03-19T06:12:32.000Z,final
qc-prov-2025-03-17-partial,qc-prov-2025-03-17-partial-party-6,6,Parti libéral du Québec/Quebec Liberal Party,P.L.Q./Q.L.P.,1848,8.169,NA,0,8.169038988595172,0,src_fc8fc11eea9d,src_fc8fc11eea9d_20261003140149086_e91543bd1947,2026-10-03T14:01:49.086Z,2026-10-03T14:01:49.425Z,2025-03-19T06:12:32.000Z,final
qc-prov-2025-03-17-partial,qc-prov-2025-03-17-partial-party-40,40,Québec solidaire,Q.S.,1029,4.5487,NA,0,4.548669436831403,0,src_fc8fc11eea9d,src_fc8fc11eea9d_20261003140149086_e91543bd1947,2026-10-03T14:01:49.086Z,2026-10-03T14:01:49.425Z,2025-03-19T06:12:32.000Z,final
qc-prov-2025-03-17-partial,qc-prov-2025-03-17-partial-party-22,22,Parti conservateur du Québec,P.Co.Q.,845,3.7353,NA,0,3.7353019184864293,0,src_fc8fc11eea9d,src_fc8fc11eea9d_20261003140149086_e91543bd1947,2026-10-03T14:01:49.086Z,2026-10-03T14:01:49.425Z,2025-03-19T06:12:32.000Z,final
qc-prov-2025-03-17-partial,qc-prov-2025-03-17-partial-party-99237,99237,Climat Québec,C.Q.,169,0.7471,NA,0,0.7470603836972858,0,src_fc8fc11eea9d,src_fc8fc11eea9d_20261003140149086_e91543bd1947,2026-10-03T14:01:49.086Z,2026-10-03T14:01:49.425Z,2025-03-19T06:12:32.000Z,final
qc-prov-2025-03-17-partial,qc-prov-2025-03-17-partial-party-42,42,Parti culinaire du Québec,P.Cu.Q.,145,0.641,NA,0,0.6409689682609849,0,src_fc8fc11eea9d,src_fc8fc11eea9d_20261003140149086_e91543bd1947,2026-10-03T14:01:49.086Z,2026-10-03T14:01:49.425Z,2025-03-19T06:12:32.000Z,final
qc-prov-2025-03-17-partial,qc-prov-2025-03-17-partial-party-99209,99209,Union nationale,U.N.,95,0.4199,NA,0,0.4199451861020246,0,src_fc8fc11eea9d,src_fc8fc11eea9d_20261003140149086_e91543bd1947,2026-10-03T14:01:49.086Z,2026-10-03T14:01:49.425Z,2025-03-19T06:12:32.000Z,final
qc-prov-2025-03-17-partial,qc-prov-2025-03-17-partial-party-99341,99341,Parti accès propriété et équité,P.A.P.E.,48,0.2122,NA,0,0.2121828308726019,0,src_fc8fc11eea9d,src_fc8fc11eea9d_20261003140149086_e91543bd1947,2026-10-03T14:01:49.086Z,2026-10-03T14:01:49.425Z,2025-03-19T06:12:32.000Z,final
qc-prov-2012-09-04-general,qc-prov-2012-09-04-general-party-abbreviation-BP,NA,NA,B.P.,420,NA,2,NA,0.009627092288057271,NA,src_f428cc11d231,src_f428cc11d231_20261003140401352_79d2bc06db1e,2026-10-03T14:04:01.352Z,2026-10-03T14:04:04.715Z,NA,final
qc-prov-2012-09-04-general,qc-prov-2012-09-04-general-party-abbreviation-CAQEFL,NA,NA,C.A.Q.-É.F.L.,1180235,NA,125,NA,27.052931587131603,NA,src_f428cc11d231,src_f428cc11d231_20261003140401352_79d2bc06db1e,2026-10-03T14:04:01.352Z,2026-10-03T14:04:04.715Z,NA,final
qc-prov-2012-09-04-general,qc-prov-2012-09-04-general-party-abbreviation-CC,NA,NA,C.C.,5197,NA,29,NA,0.11912380624055628,NA,src_f428cc11d231,src_f428cc11d231_20261003140401352_79d2bc06db1e,2026-10-03T14:04:01.352Z,2026-10-03T14:04:04.715Z,NA,final
qc-prov-2012-09-04-general,qc-prov-2012-09-04-general-party-abbreviation-EA,NA,NA,É.A.,2182,NA,17,NA,0.05001503660128801,NA,src_f428cc11d231,src_f428cc11d231_20261003140401352_79d2bc06db1e,2026-10-03T14:04:01.352Z,2026-10-03T14:04:04.715Z,NA,final
qc-prov-2012-09-04-general,qc-prov-2012-09-04-general-party-abbreviation-IND,NA,NA,IND.,10682,NA,41,NA,0.24484904719292327,NA,src_f428cc11d231,src_f428cc11d231_20261003140401352_79d2bc06db1e,2026-10-03T14:04:01.352Z,2026-10-03T14:04:04.715Z,NA,final
qc-prov-2012-09-04-general,qc-prov-2012-09-04-general-party-abbreviation-ON,NA,NA,O.N.,82539,NA,120,NA,1.8919299294379979,NA,src_f428cc11d231,src_f428cc11d231_20261003140401352_79d2bc06db1e,2026-10-03T14:04:01.352Z,2026-10-03T14:04:04.715Z,NA,final
qc-prov-2012-09-04-general,qc-prov-2012-09-04-general-party-abbreviation-PCMQ,NA,NA,P.C.M.Q.,2053,NA,7,NA,0.04705814396995614,NA,src_f428cc11d231,src_f428cc11d231_20261003140401352_79d2bc06db1e,2026-10-03T14:04:01.352Z,2026-10-03T14:04:04.715Z,NA,final
qc-prov-2012-09-04-general,qc-prov-2012-09-04-general-party-abbreviation-PCOQ,NA,NA,P.CO.Q.,7654,NA,27,NA,0.17544229612569132,NA,src_f428cc11d231,src_f428cc11d231_20261003140401352_79d2bc06db1e,2026-10-03T14:04:01.352Z,2026-10-03T14:04:04.715Z,NA,final
qc-prov-2012-09-04-general,qc-prov-2012-09-04-general-party-abbreviation-PEQ,NA,NA,P.Éq.,126,NA,1,NA,0.0028881276864171812,NA,src_f428cc11d231,src_f428cc11d231_20261003140401352_79d2bc06db1e,2026-10-03T14:04:01.352Z,2026-10-03T14:04:04.715Z,NA,final
qc-prov-2012-09-04-general,qc-prov-2012-09-04-general-party-abbreviation-PI,NA,NA,P.I.,1244,NA,10,NA,0.02851453049129344,NA,src_f428cc11d231,src_f428cc11d231_20261003140401352_79d2bc06db1e,2026-10-03T14:04:01.352Z,2026-10-03T14:04:04.715Z,NA,final
qc-prov-2012-09-04-general,qc-prov-2012-09-04-general-party-abbreviation-PLQQLP,NA,NA,P.L.Q./Q.L.P.,1360968,NA,125,NA,31.195629850220783,NA,src_f428cc11d231,src_f428cc11d231_20261003140401352_79d2bc06db1e,2026-10-03T14:04:01.352Z,2026-10-03T14:04:04.715Z,NA,final
qc-prov-2012-09-04-general,qc-prov-2012-09-04-general-party-abbreviation-PMLQ,NA,NA,P.M.L.Q.,1969,NA,25,NA,0.045132725512344686,NA,src_f428cc11d231,src_f428cc11d231_20261003140401352_79d2bc06db1e,2026-10-03T14:04:01.352Z,2026-10-03T14:04:04.715Z,NA,final
qc-prov-2012-09-04-general,qc-prov-2012-09-04-general-party-abbreviation-PN,NA,NA,P.N.,2743,NA,10,NA,0.062874081300335935,NA,src_f428cc11d231,src_f428cc11d231_20261003140401352_79d2bc06db1e,2026-10-03T14:04:01.352Z,2026-10-03T14:04:04.715Z,NA,final
qc-prov-2012-09-04-general,qc-prov-2012-09-04-general-party-abbreviation-PQ,NA,NA,P.Q.,1393703,NA,125,NA,31.945970007481627,NA,src_f428cc11d231,src_f428cc11d231_20261003140401352_79d2bc06db1e,2026-10-03T14:04:01.352Z,2026-10-03T14:04:04.715Z,NA,final
qc-prov-2012-09-04-general,qc-prov-2012-09-04-general-party-abbreviation-PUN,NA,NA,P.U.N.,1227,NA,12,NA,0.02812486247011017,NA,src_f428cc11d231,src_f428cc11d231_20261003140401352_79d2bc06db1e,2026-10-03T14:04:01.352Z,2026-10-03T14:04:04.715Z,NA,final
qc-prov-2012-09-04-general,qc-prov-2012-09-04-general-party-abbreviation-PVQGPQ,NA,NA,P.V.Q./G.P.Q.,43394,NA,66,NA,0.9946620065427553,NA,src_f428cc11d231,src_f428cc11d231_20261003140401352_79d2bc06db1e,2026-10-03T14:04:01.352Z,2026-10-03T14:04:04.715Z,NA,final
qc-prov-2012-09-04-general,qc-prov-2012-09-04-general-party-abbreviation-QRD,NA,NA,Q.R.D.,256,NA,1,NA,0.005867941966053955,NA,src_f428cc11d231,src_f428cc11d231_20261003140401352_79d2bc06db1e,2026-10-03T14:04:01.352Z,2026-10-03T14:04:04.715Z,NA,final
qc-prov-2012-09-04-general,qc-prov-2012-09-04-general-party-abbreviation-QS,NA,NA,Q.S.,263111,NA,124,NA,6.030937807150087,NA,src_f428cc11d231,src_f428cc11d231_20261003140401352_79d2bc06db1e,2026-10-03T14:04:01.352Z,2026-10-03T14:04:04.715Z,NA,final
qc-prov-2012-09-04-general,qc-prov-2012-09-04-general-party-abbreviation-SD,NA,NA,S.D.,896,NA,5,NA,0.020537796881188845,NA,src_f428cc11d231,src_f428cc11d231_20261003140401352_79d2bc06db1e,2026-10-03T14:04:01.352Z,2026-10-03T14:04:04.715Z,NA,final
qc-prov-2012-09-04-general,qc-prov-2012-09-04-general-party-abbreviation-UCQQCU,NA,NA,U.C.Q./Q.C.U.,2089,NA,20,NA,0.047883323308932475,NA,src_f428cc11d231,src_f428cc11d231_20261003140401352_79d2bc06db1e,2026-10-03T14:04:01.352Z,2026-10-03T14:04:04.715Z,NA,final
