name,url
open,https://www.dgeq.org/donnees.html
archives,https://www.dgeq.org/archives.html
index,https://www.dgeq.org/index.html
map,https://www.electionsquebec.qc.ca/cartes-electorales/revision-de-la-carte-electorale-du-quebec/la-carte-electorale-delimitation-finale/
turnout,https://www.electionsquebec.qc.ca/resultats-et-statistiques/taux-de-participation-preliminaire/
finance,https://www.electionsquebec.qc.ca/financement-depenses-et-contributions/rapports-financiers-des-entites-politiques/
expenses,https://www.electionsquebec.qc.ca/financement-depenses-et-contributions/sommaire-des-depenses-electorales/
candidate_stats,https://www.electionsquebec.qc.ca/resultats-et-statistiques/statistiques-sur-les-candidatures/statistiques-sur-les-candidatures-5-octobre-2026/
turnout_history,https://www.electionsquebec.qc.ca/resultats-et-statistiques/historique-du-taux-de-participation-electorale/
general_history,https://www.electionsquebec.qc.ca/resultats-et-statistiques/resultats-generales/
assnat,https://www.assnat.qc.ca/fr/patrimoine/resultatselec/index.html
donors,https://www.electionsquebec.qc.ca/financement-depenses-et-contributions/recherche-sur-les-donateurs/
