organisme,url,licence,license_url,group
Élections Québec,https://www.dgeq.org/donnees.html,DGEQ-open-data,https://www.dgeq.org/licence.html,open
Élections Québec,https://www.dgeq.org/archives.html,DGEQ-open-data,https://www.dgeq.org/licence.html,archives
Élections Québec,https://www.dgeq.org/index.html,DGEQ-open-data,https://www.dgeq.org/licence.html,index
Élections Québec,https://www.electionsquebec.qc.ca/cartes-electorales/revision-de-la-carte-electorale-du-quebec/la-carte-electorale-delimitation-finale/,EQ-nonprofit-no-adaptation,https://www.electionsquebec.qc.ca/notre-institution/conditions-dutilisation/,map
Élections Québec,https://www.electionsquebec.qc.ca/resultats-et-statistiques/taux-de-participation-preliminaire/,EQ-nonprofit-no-adaptation,https://www.electionsquebec.qc.ca/notre-institution/conditions-dutilisation/,turnout
Élections Québec,https://www.electionsquebec.qc.ca/financement-depenses-et-contributions/rapports-financiers-des-entites-politiques/,EQ-nonprofit-no-adaptation,https://www.electionsquebec.qc.ca/notre-institution/conditions-dutilisation/,finance
Élections Québec,https://www.electionsquebec.qc.ca/financement-depenses-et-contributions/sommaire-des-depenses-electorales/,EQ-nonprofit-no-adaptation,https://www.electionsquebec.qc.ca/notre-institution/conditions-dutilisation/,expenses
Élections Québec,https://www.electionsquebec.qc.ca/resultats-et-statistiques/statistiques-sur-les-candidatures/statistiques-sur-les-candidatures-5-octobre-2026/,EQ-nonprofit-no-adaptation,https://www.electionsquebec.qc.ca/notre-institution/conditions-dutilisation/,candidate_stats
Élections Québec,https://www.electionsquebec.qc.ca/resultats-et-statistiques/historique-du-taux-de-participation-electorale/,EQ-nonprofit-no-adaptation,https://www.electionsquebec.qc.ca/notre-institution/conditions-dutilisation/,turnout_history
Élections Québec,https://www.electionsquebec.qc.ca/financement-depenses-et-contributions/limites-des-depenses-electorales/,EQ-nonprofit-no-adaptation,https://www.electionsquebec.qc.ca/notre-institution/conditions-dutilisation/,limits
Élections Québec,https://www.electionsquebec.qc.ca/financement-depenses-et-contributions/allocations-versees/,EQ-nonprofit-no-adaptation,https://www.electionsquebec.qc.ca/notre-institution/conditions-dutilisation/,allocations
Élections Québec,https://www.electionsquebec.qc.ca/financement-depenses-et-contributions/rapports-de-depenses-preelectorales-des-partis-politiques/,EQ-nonprofit-no-adaptation,https://www.electionsquebec.qc.ca/notre-institution/conditions-dutilisation/,pre_election
Élections Québec,https://www.electionsquebec.qc.ca/financement-depenses-et-contributions/rapport-annuel-sur-le-financement-politique/,EQ-nonprofit-no-adaptation,https://www.electionsquebec.qc.ca/notre-institution/conditions-dutilisation/,finance_bilan
Élections Québec,https://www.electionsquebec.qc.ca/comprendre/comprendre-les-cartes-electorales/historique-de-la-carte-electorale-du-quebec/,EQ-nonprofit-no-adaptation,https://www.electionsquebec.qc.ca/notre-institution/conditions-dutilisation/,map_history
Élections Québec,https://www.electionsquebec.qc.ca/comprendre/comprendre-les-cartes-electorales/historique-des-circonscriptions-du-quebec/,EQ-nonprofit-no-adaptation,https://www.electionsquebec.qc.ca/notre-institution/conditions-dutilisation/,district_history
Élections Québec,https://www.electionsquebec.qc.ca/cartes-electorales/carte-electorale-du-quebec/atlas-historique-des-circonscriptions-electorales-du-quebec/,EQ-nonprofit-no-adaptation,https://www.electionsquebec.qc.ca/notre-institution/conditions-dutilisation/,atlas
Élections Québec,https://www.electionsquebec.qc.ca/cartes-electorales/carte-electorale-du-quebec/,EQ-nonprofit-no-adaptation,https://www.electionsquebec.qc.ca/notre-institution/conditions-dutilisation/,district_profiles
Élections Québec,https://www.dgeq.org/donnees.html,DGEQ-open-data,https://www.dgeq.org/licence.html,current
Élections Québec,https://www.dgeq.org/archives.html,DGEQ-open-data,https://www.dgeq.org/licence.html,archives
