source_id,retrieved_at,http_status,outcome,detail
src_fd3351236900,2026-10-03T14:01:13.581Z,200,success,caf8e275157b66c4761f6ab9280005d1fe5f600b98cf6ec9c3da0919878b46dd
src_ec3de0c7b369,2026-10-03T14:01:15.418Z,200,success,3cbb4d2489e69e7fc23e0b3d72a2ba939dc4fd7d7db0adc3fb64eba6d8de2085
src_22fefd6fc574,2026-10-03T14:01:17.338Z,200,success,39e2bdb23cf8bfb43a42df3457e52cd7fcef85c57f02242e4747de2a99c0d3bd
src_3bbf709ff718,2026-10-03T14:01:19.156Z,403,unavailable,HTTP 403
src_6d260c49cd29,2026-10-03T14:01:21.294Z,200,success,474f8a654a2cae467a8639b1e2ed95bb7b9e1176974f8077440179668fa50bbb
src_f799526b615d,2026-10-03T14:01:28.275Z,200,success,dd164f0ad5ff7e9f5366f26696d78b9c562ceb88b3a5ad664c22a8e158843677
src_53f384df61ef,2026-10-03T14:01:33.502Z,200,unavailable,"embedded nul in string: 'PK\003\004\024\0\0\0\0\0Il\xd2\\\0\0\0\0\0\0\0\0\0\0\0\0*\0 \0circonscriptions_electorales_2026_mapinfo/ux\v\0\001\004\0\0\0\0\004\0\0\0\0UT\r\0\a\032,4j\032,4j'"
src_4a2457749372,2026-10-03T14:01:38.597Z,200,unavailable,embedded nul in string: 'PK\003\004\024\0\0\b\0\0\x90j\xd2\\\0\0\0\0\0\0\0\0\0\0\0\0-\0 \0circonscriptions_électorales_2026_shapefile/ux\v\0\001\004\0\0\0\0\004\0\0\0\0UT\r\0\a\xe1(4j\xe1'
src_0adf08e78b00,2026-10-03T14:01:41.292Z,200,success,786700a8415b561ff1d42dd1c6f56ad051b0b0b12e3e4762d96839c723ff467e
src_23a95c0b8ace,2026-10-03T14:01:42.962Z,200,success,e93d20d5ee108bb262f5cc6a5cc4fb9046f4434b7d98b408f8c8a7a3c84064d6
src_04bf0e127029,2026-10-03T14:01:45.906Z,200,unavailable,embedded nul in string: 'PK\003\004\024\0\b\0\b\0\xc5|j\\\0\0\0\0\0\0\0\0\0\0\0\0\r\0 \0Lisez-moi.urlux\v\0\001\004\0\0\0\0\004\0\0\0\0UT\r\0\a#s\xb0iPs\xb0iIs\xb0iM˱\n\xc20\020\006\xe0\xbd\xd0G\xb9d\027|\0\xc1Iq\022\x87\xf4\xfaC'
src_d46eedaf6c55,2026-10-03T14:01:47.121Z,200,success,e9b35e080043054a3f5fa649c2537909e8174c580ff04ea348100ec44e0d8b35
src_8c25176b3b11,2026-10-03T14:01:48.304Z,200,unavailable,embedded nul in string: 'PK\003\004\024\0\b\0\b\0KT\022[\0\0\0\0\0\0\0\0\0\0\0\0\r\0 \0Lisez-moi.urlux\v\0\001\004\0\0\0\0\004\0\0\0\0UT\r\0\a\xee9\xa3h$:\xa3h\003:\xa3hM˱\n\xc20\020\006\xe0\xbd\xd0G\xb9d\027|\0\xc1Iq\022\x87\xf4\xfaC'
src_fc8fc11eea9d,2026-10-03T14:01:49.425Z,200,success,e91543bd1947f04ae3edc4043b271995ec62d1b8abbeac50643b70e5ca985f8c
src_57c005bbf0f6,2026-10-03T14:01:50.548Z,200,unavailable,embedded nul in string: 'PK\003\004\024\0\0\0\b\0CzrZ\x91\xcd }\xb3\016\0\0\xc3A\0\0$\0\0\0DGE_80.10_CEP-Terrebonne_sans_SE.csv\xad\x9c\xcbr\033E\024\x86\xf7T\xf1\016\xb3\003\xaa\x88\x99\xbeN7\xb3\x8aý\xb8\x85@\xf6\xc2\021\x89(G\xa2'
src_335c9751e725,2026-10-03T14:01:51.793Z,200,success,78e20bfa311a46d42eff526b377a0770da9930cb8d5268cda788222b71147a8d
src_e82b708fe54b,2026-10-03T14:01:52.955Z,200,unavailable,embedded nul in string: 'PK\003\004\024\0\0\0\b\0`KKWb\xa5\037*+\016\0\0\xb78\0\0$\0\0\0DGE-80.10_CEP-Jean-Talon_sans_SE.csv\xad[\xcbr\034\xc7\021\xbc\xfb+\xe6\xa6\v\xb9\xeew\xf7\xa8O\xa4$۲%\x8b\024\025\xbc\xaf\x80\xb1\xb86\xb8'
src_8f0698d69120,2026-10-03T14:01:54.281Z,200,success,b2f8081f3f95d3f9df66d463e4347a2960c919870a597d6545fa399feecb9b32
src_02aae4952a51,2026-10-03T14:01:56.087Z,200,unavailable,embedded nul in string: 'PK\003\004\024\0\0\0\b\0irnV\x85]\023<f\017\0\0\xa4M\0\0\035\0\0\0DGE-80.10_CEPSHSA_sans_SE.csv\xb5\\\xc9v\xebD\020\xdd\xf3\025ڱ!F=JB+\xc2<\x8f\x87\xbdI\004\x98\023l\x8eI\030>\x91\xbf`\xc7\xe1/\xb8\xb7\xaa'
src_3ee19c14cf6d,2026-10-03T14:02:00.305Z,200,success,66a4410f46b2c664dc0b0f54a6b35e5406f6a9fc15b147b63077c01953573f2e
src_0fb95c6f3b76,2026-10-03T14:02:03.874Z,200,unavailable,embedded nul in string: 'PK\003\004\024\0\0\0\b\0\xaetUUmN\x8b\x9e@\r\0\0\0028\0\0 \0\0\0DGE-80-10_Repentigny_sans_SE.csv\xad\x9bKn3E\024\x85\xe7H\xec\xa1gL\x82\xe9zW\xd1#\xde \xf1\016\xca\xdc$\006\x8c\x82\x83\x9c\004\x89%\xb2\v\xa6'
src_53258148a5e9,2026-10-03T14:02:05.560Z,200,success,7805f46f358482d11514680c56c1a7b8814a4f31b648b43af1263c1004fe6254
src_0f7998c94572,2026-10-03T14:02:07.556Z,200,unavailable,embedded nul in string: 'PK\003\004\024\0\0\0\b\0i\x80\x99T\xc2\021\x85s\xce\f\0\0\x937\0\0$\0\0\0DGE-80.10_Marie-Victorin_sans_SE.csv\xad[˒\xdbD\024\xddS\xc5?h\xc7&1\xean\xf5\v\xadx\024\024U\004&\004fof\004cp\xec'
src_81c5fe8d1b02,2026-10-03T14:02:09.382Z,200,success,309c476a31aa4384d09b8f46c572173cf884e87a80368e4043e9dabe986c3578
src_f80644e75365,2026-10-03T14:02:11.315Z,200,unavailable,embedded nul in string: 'PK\003\004\024\0\0\0\b\0\tW\x83O+F\xc5\001\xae\f\0\0k6\0\0*\0\0\0JeanTalon_R\x82sultats officiels_20191202.csv\xb5[\xcbr\xe3D\024\xddS\xc5?h\xc7fƨ\xdf\xddh\x95\f\xef\xe210T\xf6&'
src_9ef2a7b66e04,2026-10-03T14:02:13.368Z,200,success,54ba0694cf8389c1ae60ecbe2fdc29799498727017c216de843d1aed8d71350c
src_70d5ee7502b1,2026-10-03T14:02:16.061Z,200,unavailable,embedded nul in string: 'PK\003\004\024\0\0\0\0\08\x81JO\0\0\0\0\0\0\0\0\0\0\0\0\v\0\0\02018-12-10/PK\003\004\024\0\0\0\b\0\x9a\x84\x8dMk\x8e]\xa0\x8d\f\0\0\v5\0\04\0\0\02018-12-10/Roberval_R\x82sultats'
src_6ce929ca1736,2026-10-03T14:02:19.940Z,200,success,ff268ada6bee3c513ae425ff0cd36e2d5a3f00b64b2ca23609c8ae7cf4124f3b
src_a0012cc28850,2026-10-03T14:02:23.693Z,200,unavailable,"embedded nul in string: 'PK\003\004\024\0\0\0\b\0\x95YvMZ\034R\xfdU\t\0\0\xd7&\0\0!\0\0\0DGE-80.10_Abitibi-Est_Sans_SE.csv\xad\x9aɮ\xd3@\020E\xf7H\xfc\x83wl\030ܳ\x9b^1\x83\x98\a\xb1\017\017\003\x86\xe0\x80\xe3 \xc1\037\xf2\027,'"
src_c0d45adf2a1b,2026-10-03T14:02:26.450Z,200,success,5797901f93d93da55eef17414b271065ba98d550ee2a3d595d3427b143be2edc
src_3bbf709ff718,2026-10-03T14:02:34.281Z,403,unavailable,HTTP 403
src_53f384df61ef,2026-10-03T14:02:39.467Z,200,success,072876ed5e97b2d93a751d2bb03117aa40452842c3186f1460e44e74f93ae981
src_4a2457749372,2026-10-03T14:02:46.376Z,200,success,abfb6f8b4c2c2f2bfd4e83d036831d4d4ec3933eda3a1d2fb0879d235a3de156
src_04bf0e127029,2026-10-03T14:02:49.631Z,200,success,95ad288e731cbe96a2f2d79002a432f41a050710819bc3ef1adedc07a119a9b9
src_8c25176b3b11,2026-10-03T14:02:52.690Z,200,success,eb9b78aed4daeb31f1afe18cc28344623822e385e51d2d523b244285028d802c
src_57c005bbf0f6,2026-10-03T14:02:55.399Z,200,success,26f5d816232f508cb738a4d170c62c9d446337d2d127a03f2494412c8c497677
src_e82b708fe54b,2026-10-03T14:02:58.799Z,200,success,a407ce14c01bdd3858959164d268c6d8b1c818ba921aa53f1fe9a56010384394
src_02aae4952a51,2026-10-03T14:03:01.990Z,200,success,d50dfabaced8f865fc31435576fee725afbc794e62f96da97286d19748257b3d
src_0fb95c6f3b76,2026-10-03T14:03:06.387Z,200,success,a3a7400acdd123d8f22301ebb9ff7cf10f54d9f1e4195cd515041fe2efc84b9f
src_0f7998c94572,2026-10-03T14:03:09.252Z,200,success,77cbe00fec60ae17a7adb8d81c263650b46638c2fe82b9f9cdbc80cac5d03392
src_f80644e75365,2026-10-03T14:03:12.048Z,200,success,f7ba0f9d3a9c284e78797f4e6f4131e7e72b2caa240ce716d7a650fd5b87c007
src_70d5ee7502b1,2026-10-03T14:03:14.930Z,200,success,53f6cc135c27757786ef3824e6727edd8dbba3e59ea841d88515b2d66664ef14
src_a0012cc28850,2026-10-03T14:03:19.439Z,200,success,c3635b48d370e53df953b3e954ce49c3c639d7cceaadc91da664fbc0d37a0493
src_324607d7dfe9,2026-10-03T14:03:21.670Z,200,success,87dfcb40e5c15c03400baac769218ba206d873305982f81a4367d32157c3aab8
src_4e9171631c9b,2026-10-03T14:03:23.293Z,200,success,1a6a53295089dbb097d619500ecc04836d4fa672940ebd15b2b0e4d982987530
src_827a94931755,2026-10-03T14:03:25.367Z,200,success,7d2fd7da9355ff4737a5a5dbd572c93ec8555dd854813d040bdbd211a9c2a04e
src_2d4e90d4e476,2026-10-03T14:03:27.324Z,200,success,cb135ba81452190f0bc47132a929e6651af86af42a2220dcb39ff47c755857df
src_979ff86575ac,2026-10-03T14:03:29.369Z,200,success,4a9d99c5b456b1275270b5aec7379c50f86cd123d7d58a6630a57d52e6cab191
src_9869ef080ebd,2026-10-03T14:03:31.509Z,200,success,408f2e0b3e14795ff32aaa9ec7c08128d999ad6ccd6fdca375d01007a6ebe5aa
src_71477ce5c01a,2026-10-03T14:03:33.827Z,200,success,d7c32e3d92d9e8d967398b10871e10618283dfb0d78680d3e9f50f0fcce4472f
src_46b2b80361d8,2026-10-03T14:03:35.992Z,200,success,19b24c218d520e8c6c6d70fd5573f4f981536fc7b4b4eafc4e1647d77b3cf76f
src_790afb52d855,2026-10-03T14:03:38.370Z,200,success,c3a83a0f1af23cba250e6481e6047479077d4b109ddead68f20edbc653bcd187
src_d0efa9a1d2ca,2026-10-03T14:03:40.726Z,200,success,313bd91bc37fac39d2f5f0a8e445d5644b5dcd3bcc966871fbb10b7626f46d3c
src_4b31782ef406,2026-10-03T14:03:42.581Z,200,success,54260fb53117882655e195065eaf83e49593aa102d39ac2f93d8ba48b658c9b5
src_68477afa07d6,2026-10-03T14:03:44.878Z,200,success,34827d6504ac7fe28cb301924a08fab7168542fe8ffb5f75b9460f419893abcf
src_0ce80283f028,2026-10-03T14:03:47.272Z,200,success,6269a5a5ed76d8c579c79c88f1780bec124e45675f71b75dc3b07f6322ae1207
src_04249426efff,2026-10-03T14:03:49.166Z,200,success,3e055847609137e4d9941cf595319d5cd13d57b1c0c1f4ce0bb66c7e18c227fd
src_3c0feca35341,2026-10-03T14:03:51.238Z,200,success,e1a7ebd45acd1152ce6f437724312affb81f6702a1066d3afb6ee7fa51f1a758
src_f5041537304c,2026-10-03T14:03:53.452Z,200,success,c70ed25b07730e264a6db5b9d80d0e1ca06c5a31fcd9576624908e016ab3c234
src_71826904d44e,2026-10-03T14:03:56.217Z,200,success,a682194c0eae43f4955aad0facfa112fb5103e3cd7c4349b60fcd097e62537f6
src_a0bedefcbbb2,2026-10-03T14:03:58.582Z,200,success,8be30da11b10b84c0beadd1b6538bbf8b3edad12eb0b5d2dd9752d5b15c28427
src_95002082f0df,2026-10-03T14:04:00.560Z,200,success,6a30178633a6650822a60d2916dc1f4ed475b053c735923aa3d87f42d42c874e
src_f428cc11d231,2026-10-03T14:04:04.715Z,200,success,79d2bc06db1e9004a96e62f146c85274efcfe7a9acb8bf358e051188492681d3
src_02de9feae13c,2026-10-03T14:04:06.939Z,200,success,3ced85253a2e059d155971cbd9f8ed0d2a33828e10b1cd2c57e6e8a0c0be1d44
src_982233d9cc25,2026-10-03T14:04:09.656Z,200,success,e3cd4a8a33555b9533339049f4c26cb941cc7658f720b8adcdb942f2fee0e82a
src_73afd1588720,2026-10-03T14:04:10.927Z,200,success,99603d55787a767a28a203977dc24ebb6f2382d84e8960a38f6507dfa27c9579
src_038f7589e400,2026-10-03T14:04:14.796Z,200,success,98f8b968f5bdc9bd0c9e4fa389543f895d3304b9d1b51edd174517beef9db32f
src_1320ae322de0,2026-10-03T14:04:16.110Z,200,success,32c750bfe22924c9cad35010645b143720412f9eaa4b75ac96748e2635834d07
src_68ba8c08b190,2026-10-03T14:04:20.957Z,200,success,da34630e9bbd8028da417cf2a3014be9cd1d6ec94c197d07ef9789694ba5c26a
src_4ebaa48de588,2026-10-03T14:04:28.548Z,200,success,cbbb3d9568a7e2444ed9976839c4329d09bcfbd81ad9e22c7605e400bf575314
src_5e4b0ff5dd36,2026-10-03T14:04:34.575Z,200,success,f0624f8a6eb77f8d825bb50d20801edd94e03551116e27ab49764499b049a6d5
src_c4d0e6a0340b,2026-10-03T14:04:36.949Z,200,success,0a8b4a4a31b594b33985511dbb5c75ce31dd2d2631e28f5ba72edc1806b78dcb
src_b0ef08f0bdfb,2026-10-03T14:04:40.430Z,200,success,c26a5170a309c1bee75c6b84dfec4c54b42ce987b62c9d4bb6250fbfac209d24
src_e4c70ec5dd92,2026-10-03T14:04:44.380Z,200,success,a9af62cedd785826b216531b071333d7a846986a7d529dab5c3809f175ab0a9a
src_b57789261106,2026-10-03T14:04:49.855Z,200,success,4357ed937cdc0116f88e540c0518e399792cc2bf5f3e54617747f5d86cd8ea80
src_06599b3ec306,2026-10-03T14:04:53.560Z,200,success,45ef3c494d73b914d3e9d07f773510841c7c9a728a68e9030504317afab94850
src_b2d99a2a3c38,2026-10-03T14:04:57.443Z,200,success,d2ec197c1896852d7b95140647d7405612f6c1bde73328638c3d10ffb773a120
src_cfa059b20a2d,2026-10-03T14:05:00.318Z,200,success,e8bef6257887da713b73ea0b1eb67f8d943917e2f9e1101494b66833a64e07e6
src_8e7bf04b4fe1,2026-10-03T14:05:03.702Z,200,success,3437feac111fe3521b20e35fc4dffdfd10edb512536f61610fd4f1d3065afda6
src_59f64ad94c02,2026-10-03T14:05:06.341Z,200,success,74bb0fa4cecff099ec0bb078e87815b7ffc8537653f336355a02c6b65e35c5cc
src_3b92b8cc26b6,2026-10-03T14:05:09.049Z,200,success,100f73b90c8c6e6349bc59d21ccbebd56cd423fbb46bf769e1f9ca632f2bf328
src_251ab0443811,2026-10-03T14:05:17.501Z,200,success,5efe9ce6bce21ac4a39ff001f6fbdf91e0e017e24bc456b28bef501d7c3b322c
src_392003166bb2,2026-10-03T14:05:19.615Z,200,success,a356d94859a7c793d932709c26c5fe27ce17d6bd7234f0194b2e266a2163ec0e
src_cd2c60ae4c6f,2026-10-03T14:05:21.377Z,200,success,ea8e15f8be9934e2b5ed789dd18a181b6fc24bb39265b3b6466dd95b7fdd98a1
src_01db39f4e4f2,2026-10-03T14:05:23.500Z,200,success,a890f6acc620d987b21d3b51804b5dc362d3cc52423c41e977adc95e434e3ce3
src_8344685c75c9,2026-10-03T14:05:25.401Z,200,success,ad913cbc216e3623c1e93b098748b502ba61b0d0dd9949528d450a3347c9af51
src_4130101dd276,2026-10-03T14:05:30.455Z,200,success,40f6e6c030a1518dd08599323bfc6b946b8af4d7acaef53a2386d56d67ab830a
src_65edafd16f87,2026-10-03T14:05:32.051Z,200,success,7df4d175c88b3e8f88abdd367dcb75a3d987e872cfec1f986c5ebd4e927b15c2
src_7dd31b970087,2026-10-03T14:05:33.393Z,200,success,6135c2b3c6fe3edff415c49abb3d3cf789a30d0717a07095f0cc2046e1bc587c
src_21aaee328a50,2026-10-03T14:05:34.767Z,200,success,995a34acfb78fce4f6d3142bd5aacd6a7ccb1950ce2aa4b3664c20a89402e979
src_8577ec740ac7,2026-10-03T14:05:35.947Z,200,success,3e53ba30811e4d3c28494f7291832b81f1858ce8c89a3103fe452d9ba5ae3ee9
src_ac0cb08c837d,2026-10-03T14:05:37.555Z,200,success,249e0ad8804f911345d0d7cde8b24dfaedb51ac691f37f2fdc0cb42318013ca8
src_0e7cf8e163b5,2026-10-03T14:05:39.074Z,200,success,cd140a657e14b7658df6b480217fe959ac4ca746bd7775bdc8450e05f37e1892
src_f5ccbf4af143,2026-10-03T14:05:40.679Z,200,success,8ff56cabc5b001553edc1fae566f0468be7530956d63f0b48fc3bd7a1817a7eb
src_b9dde0657417,2026-10-03T14:05:42.170Z,200,success,284ec6032bba35e549eb2511f58bc8247e6806a6015cf59205012a0114b757d2
src_e7b880c95d34,2026-10-03T14:05:43.500Z,200,success,3b933d51164f06c053a32b79e842bc4bfe0df5c965079679f3e782a918d082bb
src_7b1f1238df02,2026-10-03T14:05:45.151Z,200,success,8b8f4e9c53d482ee4ae177e7faad7882fe6a346cf978af3d29f0f0d4deaa9ac3
src_adc81a41ea0d,2026-10-03T14:05:46.639Z,200,success,b8d702a31ac5b862d0eaf63af6dacc9d2a01865e96a26fd6a2d510a1a5cb3b20
src_0d1d6cdde36f,2026-10-03T14:05:48.811Z,200,success,3af4bb83e0ed828520dac5343588f8ed30f998d549fa33044fdc83d5ee608f77
src_3cb676498080,2026-10-03T14:05:51.903Z,200,success,682c48821eb0a16c32a680a83e9d2bfbaa3a06bc8fe617d56b095961343dd690
src_cdfd61f2d179,2026-10-03T14:05:54.146Z,200,success,442efc57b56827262995c7b029e13cbdd09ec6f3a6c5639698d2a58ad73b62b1
src_dd068e225997,2026-10-03T14:05:56.219Z,200,success,274bbf9d9a07ab3bec97e9bf63cf07034297c45906915c3a2e280520fa3d925a
src_7e9e3954bd04,2026-10-03T14:05:58.427Z,200,success,d609d8e56c44a6d43212780addf0ea87e06292d3646c4534b2116c160378242f
src_73c753ead3d5,2026-10-03T14:06:00.584Z,200,success,c4c1f8f0e2ec870ffeab0d83783b191d65faab8c5d70ae2a91e44956c82c64bc
src_d2b064deac6f,2026-10-03T14:06:02.978Z,200,success,5d55eac9d499f8d6348fc0edf927147dd7ee1cbf5c4a8de96cc97cf448bfa1f7
src_558d29f3a92b,2026-10-03T14:06:04.615Z,200,success,9031708c996e51a5d161d2ddbad37cdc4881265e3bbdeaae98d586675c6574d9
src_c5c8ca7eeeec,2026-10-03T14:06:06.268Z,200,success,3425bc58591f96f6a38b502c6ee17707ba1922e9fc690a2cf3658720fcf47acc
src_77b4511c2119,2026-10-03T14:06:08.673Z,200,success,731848ebf4fc0d2a25829f2b90dbe10bdfb3418276c3f184c5ff8a5de86bd7c2
src_f495bda36f8d,2026-10-03T14:06:10.129Z,200,success,db6012d9d513e877da09cd90abcdcca42c5b6209087067bc79182d5a60b36c85
src_d99abe36efb8,2026-10-03T14:06:12.028Z,200,success,5a2dfa1c76aae234e3abbd54b9f9166eb54d85a99c20e9ddfcb1f966fe4203ef
src_c6d71d6d580d,2026-10-03T14:06:13.357Z,200,success,172e7972589924a658c545af1d83f814f53db9f462c8f60b9a1f0b789c880591
src_0430ecbf1742,2026-10-03T14:06:14.670Z,200,success,67d042d0c164406f934ad46efc2be356bcd6d85d9d5914d7bd9c96077507f11f
src_9cbc327320c6,2026-10-03T14:06:19.286Z,200,success,31016f64609c0681759d80aa5aa48f908756790bebbe853e1e31e7eea5e0ee97
src_84d64b0bbdff,2026-10-03T14:06:20.865Z,200,success,cc16a9e042c55c434934a66832f1936dab8832719d545544f63822b40ebf49f8
src_4fb8bcb556fb,2026-10-03T14:06:22.236Z,200,success,b4b8fb40c163d4e89dcd93008606dd7fc59bb7d9c8ac972b80b626ff558585b2
src_5e280cd552cb,2026-10-03T14:06:24.068Z,200,success,dcf768c32a205f2c33db52457897726d60987cdb42a992a335620ef70150e183
src_0d28abe6a2f0,2026-10-03T14:06:26.419Z,200,success,4a8e24f1816289ddba962523d522f1414974012818ef120dd1b4003fffb6ee21
src_63d4ba97bf4f,2026-10-03T14:06:27.760Z,200,success,07f0dd28af86be8a8451bd96b5316fe0d879bf5df7fadb28a64d8f413404dc6b
src_40e521c05526,2026-10-03T14:06:29.070Z,200,success,50a0943b73af5e1c84acf00cff6c7ed1667cea271970dbb6984e36a56465531a
src_e50ac29d2302,2026-10-03T14:06:30.145Z,200,success,cc6a3c493459f6107fe7400d38a00f752b7161d375b45c32997245cf66a279d6
src_4199d4233974,2026-10-03T14:06:33.048Z,200,success,59673990d224087e36bc29f943d72af2f3dbdbb03b6c356176ba775d38f324e5
src_390a840e73f7,2026-10-03T14:06:36.085Z,200,success,45fc49461a059b5bfe51bb915c974291ae8b9c0d5b48f943d2a2247ca8545c00
src_31f2eb3b2622,2026-10-03T14:06:37.386Z,200,success,c89b25879a716ce6591f00af40981e9bc61174b6747e73a884c16cf5f35f35ad
src_d4169719140d,2026-10-03T14:06:39.170Z,200,success,e04ed8a92e07abecec6de6a79c2216f0004e6825c84a0d32083463a922a161c1
src_e22f007bbf1a,2026-10-03T14:06:41.563Z,200,success,bddc422f6eae1a47b17f61f6a42411ae10a6424431a5ba36523508651fdfbfa0
src_fed3b569ec4c,2026-10-03T14:06:43.311Z,200,success,f3fdb8517d3306e23b05bcdebc0c155300fb03f72971b440693e684245500d7c
src_575d2987addb,2026-10-03T14:06:44.498Z,200,success,91e2f7126e6a86380d9aaf2ffe984f349c81e8292c955419fc57eef88b5dabf8
src_39edca168dc8,2026-10-03T14:06:46.122Z,200,success,34f9d4a2465b1c6ace8a13a6bc0c5dcb295051bffdcbc19351b5c1a381133105
src_13e09283669f,2026-10-03T14:06:47.371Z,200,success,32b003ea686c456594f1f1a61b01aaecc63966fc2e233b19b8a24f0c09c9e3bc
src_ce10886d40ac,2026-10-03T14:06:49.583Z,200,success,bce4e2c7056dae7efd238471ca6ec38d22925c45887f26552469c06eacf749e7
src_01653decb21f,2026-10-03T14:06:51.062Z,200,success,d5504bbcfd3af01da7a8dd65b588d24849bf85453ef773f3d79e5e4b868f4a1f
src_cc5cdeafbc27,2026-10-03T14:06:56.945Z,200,success,b8a069467103e63826cb3ae7402743c2ed4285ddaf7c09cf073f3397bb52291e
src_b26df8df1011,2026-10-03T14:06:58.800Z,200,success,47d51cd8eec7f6702665355b4cb47decbc1d908f8103df6c6de4b5581ddb113f
src_da98722f41f3,2026-10-03T14:07:02.132Z,200,success,a27ee1754ad1390edd7e4b364c30c6cbd8754ab6e72d86c4e63a1e6b5b253da4
src_9d9a4eb99727,2026-10-03T14:07:04.909Z,200,success,69db730312d0be89505581175b8213d5ed754b2d711878ef08182783aedb7017
src_ed34c69c5ecd,2026-10-03T14:07:08.280Z,200,success,26cce243bff186746970ff4ff21b25b6708b524824002ce452393f61ab0355fc
src_d5d3dc32bb16,2026-10-03T14:07:13.053Z,200,success,ba08581d11ae0be11caf68588524ea23c8b325bdd680d959645dfe7907a47d6b
src_a6523fa7d68d,2026-10-03T14:07:21.995Z,200,success,ef75baf5a8565cc5d2f89f8feaa0d873c6066fc65af994a15524a8bdc4be8556
src_08f6d4dd797b,2026-10-03T14:07:23.753Z,200,success,0b44cb8776b0a3dd7ca6434bfed7f5dd226a9a2e674d4e02a8593129597e1dad
src_71fd573af26d,2026-10-03T14:07:27.987Z,200,success,dd4ad9d4df48473ea8f7496378f7c8b3a9e2523d713c5c940df11bfe790518d6
src_6dbb95ae2ee7,2026-10-03T14:07:31.106Z,200,success,e0af1ba4c03472a6f6e31fbbbdf3eaca698105ecf8a63cedfb26f0b5e91d85ac
src_22d2ccbe1ef9,2026-10-03T14:07:34.173Z,200,success,d5fca5c3ff7276b8d47612cfa6d02a46001a75259c77ad712e6ee44694aa721a
src_904bc4c13c21,2026-10-03T14:07:37.085Z,200,success,273f735aa20a99476727f465a2846400b20c770dceea8993153cca51161dd414
src_8c6e64b8b7dd,2026-10-03T14:07:38.515Z,200,success,9d068707b21c92de6ae0df88aac15c6dfd8b6dfc5129eb0de37a50c5b251b02d
src_4030453a1a09,2026-10-03T14:07:40.642Z,200,success,571f3a0588705f7c35bcda1e56b608330035871ccf389bc370321bc8fce613a6
src_9b242a7b20c0,2026-10-03T14:07:42.508Z,200,success,18dcf0b3c166742e5c56968bd7f1509e548d4efd982f6996d2eed553fcff3eb7
src_197bee911bd5,2026-10-03T14:07:44.298Z,200,success,cc2308134ebe766827b9d8c0f352bb6a1742d325c24c01f2d1cbc6a0d1298088
src_563344971807,2026-10-03T14:07:46.067Z,200,success,960c8d9ca9451d1362c2c7e09e454fa24735522964dcbd0bc2badcfce650d573
src_3457d4b19498,2026-10-03T14:07:47.782Z,200,success,c8d5558e9669f0dd717d309762708cc2f5dfebdaa233aa75b5d5d7770ebbbce7
src_8b46f44f81a2,2026-10-03T14:07:50.303Z,200,success,2a11c14a7a6ca99210e18f1271f6b5c0efc4708d6e77597ac22d4c10c7297866
src_c670b2ad96cd,2026-10-03T14:07:52.969Z,200,success,b93e8cd576066b4a61cf6c991b428dc22f574eebdadd03a19e869bb689a2f5d6
src_447546851c00,2026-10-03T14:07:54.808Z,200,success,f96debbc70938ff9478c7e4fd373d345bddc1bbf8c9065d940d1911a00b44926
src_c684e6486512,2026-10-03T14:07:57.700Z,200,success,fd36c609a024b3bdc4203f262ac67a6c5300380e80f58f84d3726cea870975bf
src_be60303b8e1a,2026-10-03T14:07:59.935Z,200,success,7a33e0cf1292197df1f074d6b56123b71831805ac62b12bd16de1873c4dc086b
src_d5493b320855,2026-10-03T14:08:01.671Z,200,success,fc5069e2b2dba5db16d170fc2bef9aaa1ecfafe159cb0c378b8d10d971049592
src_4ac6705b1733,2026-10-03T14:08:03.567Z,200,success,08a14af1bcec086350904856092564a7d17051159d58df2006778aa010ead39b
src_172d80020f33,2026-10-03T14:08:05.686Z,200,success,067d482bf4545c36804d5eaa1c83faa70400cd28bcbbc1458e2cf79d45fbc553
src_9760322a26cc,2026-10-03T14:08:07.819Z,200,success,ee6bda4c5d194682ab25727302a5cbdcb2e8640e51131932064abb676bb3b9ca
src_8fac60efafa5,2026-10-03T14:08:10.302Z,200,success,9e89e4f169ab960c9c4c7e7489bdfe22f7cd8452a154da4531bf172f8fad7d54
src_b5b4cb2a6f00,2026-10-03T14:08:13.182Z,200,success,fbb60a3d26643193c18d1ac00c9421bbae1603f18f3061b94c1af6363e220bee
src_99371d5e70de,2026-10-03T14:08:14.612Z,200,success,6021f00ed7d656aadd71a0e9895858bc0a354843ca75219ee2a1dd83eb5fa041
src_33f448bae42f,2026-10-03T14:08:16.465Z,200,success,863230f93410965dc7a1ca8f5cf01cb1505ba4707be61e8301e05e8fec8bcc2f
src_71f42be68dcf,2026-10-03T14:08:18.893Z,200,success,a7657551d0ee6f5818415ba507e2f5c51b92e2b4d12878f3a6349a9785c783cb
src_1d3134adf692,2026-10-03T14:08:21.600Z,200,success,951f8caccb95335a6c1865fc0eeeea41f08f783c3a7d807cb537c8aa46f8e19d
src_845baa6b22e3,2026-10-03T14:08:24.531Z,200,success,0408bf4ad4833158607b45c3c37a8b7d5a38575662b6b11cdea6910ad755cf3d
src_0b7a46df3ff2,2026-10-03T14:08:26.431Z,200,success,800378169c24032826572ba66598cc1f87435a7dbd2efe9a122b4101833f16a4
src_eca05b07125b,2026-10-03T14:08:28.337Z,200,success,51af737ab537db79f301516b7ce10adb67bbea9a70a3bb4233449be199b9d656
src_16def4ce33a4,2026-10-03T14:08:30.679Z,200,success,7fd063d884ae4d888dee0b2a7f314b02aa5e6b0e7b1e168df5b833a4bf0d7325
src_e7445643d3d4,2026-10-03T14:08:32.944Z,200,success,1569f8dbafb5537323e0053127dc1089c0a0f0f3cd99f8857245c5854669e892
src_3d51b813921f,2026-10-03T14:08:34.480Z,200,success,6c2470158c934b2c439e13ed993a4edcee409f1ec2948d3c814df34bb3a01c2c
src_06c98e429bbc,2026-10-03T14:08:36.030Z,200,success,703052a9cf85afca641628e214daccae93a06099bd2c13e71b4741cb49245d9a
src_dd29e2c459c7,2026-10-03T14:08:37.826Z,200,success,002d667e2cace017d15916111f3fe20cf29cc444ae2eddc4b1f962d16a97024e
src_945db0e19a86,2026-10-03T14:08:39.554Z,200,success,55b54b53f55d7d8041f0276a8ba783af2e8d57d2b830e602d1258facf71d6b79
src_50e87f4bc76d,2026-10-03T14:08:41.670Z,200,success,6867a5a0a44b4a41d22b348ee663f8e4108364cdf93f1112a917cfbf8ac3d620
src_ef3f44f8c54b,2026-10-03T14:08:43.513Z,200,success,ef28f4ef3b9972e55cee43d742a2ea756f77a3c802431de3664c3a9fd29e90a4
src_f87b90873988,2026-10-03T14:08:46.341Z,200,success,edde3272c72895c6e6e89ecaab6211ddd7272b8fa194b0c53d7a39dc993f61ac
src_20b050cb2b74,2026-10-03T14:08:48.210Z,200,success,a895b06750d66ced1900c07776e0cb8518b7afbe396bbb43be3fc5222daaba4d
src_678ea79704de,2026-10-03T14:08:51.181Z,200,success,9137f603ffba4a024cfa625aaff778c235284bdcc1c88d6c4a0a45e9644a7868
src_2a046ae04271,2026-10-03T14:08:53.073Z,200,success,4d3cc5b40e8cb9e299b02962a774ba653dc79137c0089eec657d388421daefbb
src_14dc136c3aa7,2026-10-03T14:08:55.103Z,200,success,06c4974a62b93fdfb49af624bbecb9cac8205313fce6e9e874226ab782b4152d
src_ade90b033b7a,2026-10-03T14:08:56.638Z,200,success,1db944ed378a1b1ed7de78d366bbe28e801b587fdddf1e0f66e5f4fdaebac6d4
src_214987e95e50,2026-10-03T14:08:58.076Z,200,success,c113bf9ed515f1445230eb9387471d7910b28303402a71251c5ef44403781b2b
src_65713a00c1bc,2026-10-03T14:08:59.497Z,200,success,9d1d7b4e3dc0cbeb8ec29a40ec3b007d7b225fb7abbb2895a4c6b9f3b0309c5f
src_cbaf90c3a68c,2026-10-03T14:09:01.074Z,200,success,3f715c07ef344f6deb17a94574e17ec75325eb8444edb582e082075a75ff9f25
src_cdff887a5b04,2026-10-03T14:09:02.825Z,200,success,bf15d93cbb5265a71c1277b6531540ec3767c31526e6f2ecaf81ed5b2974b758
src_c96ce46e6374,2026-10-03T14:09:04.481Z,200,success,384bc3c1b9b8eaa654c1e0aecf1f20f2957425a3ed4b1fda2919f09d3dd390d9
src_bea0d9ef1d15,2026-10-03T14:09:06.510Z,200,success,214f8e41b22ed93840de595c4ba615c0b721dbfd4315da66f1f136c5b4c8110a
src_04c89e4f89ee,2026-10-03T14:09:07.992Z,200,success,a2613b1d5731f42d52aca5c3ed82da2379c6b0c61e9fbcc47e4d05c24658993a
src_9af91896facf,2026-10-03T14:09:09.549Z,200,success,f1df58baaef60836e4ad7161424ed3a86d93bd9f0e9ad3f94b18d6daed2e861c
src_b09d549f52ad,2026-10-03T14:09:11.014Z,200,success,4009a84510779bfa638c102f9ab921b329fbb81fe5d3099bd6be0db564fca86d
src_183a98cc0bf4,2026-10-03T14:09:12.976Z,200,success,8bc60ddcb2cb06600eae9a136a6db2a8175916bf9b563165e9ab361f466c8d23
src_d69ef57bf71f,2026-10-03T14:09:16.135Z,200,success,c6c929589d8faa22154f201fdb2ee585265a1aa95c20459ac6593b6e8f8a503a
src_2ec4ed615282,2026-10-03T14:09:19.954Z,200,success,39e5df7ee3aed7897ba7892512fa0815c65ba8cc1e19edeb8526172ea9b6a0f5
src_839eb18fb2a9,2026-10-03T14:09:22.058Z,200,success,78f75993b09a5ac6efd1cbebf99c3cf03e92cb9d6053de9afcc5a44e6b16720e
src_6b9a22aa98e9,2026-10-03T14:09:24.312Z,200,success,6b59923f808683c266a716d2379fa19cb6789f5843c9b5678501ee1bc47bf136
src_73b4206cabc5,2026-10-03T14:09:27.752Z,200,success,22951020fdfdd6f953cfbeebdeb0b44dddd2451cb24cf813cf0931b4486d767b
src_27ed207ba624,2026-10-03T14:09:31.595Z,200,success,428c6b2c421121e5935b0f5342aede5d1e4c0f947b1a63c7b0b417f41c81a061
src_5077ea4ccdc5,2026-10-03T14:09:33.878Z,200,success,61d75c47b2a2142deb601371b829e9de546500bc6360a8f3ba57835b2c06ac4e
src_87672327e22a,2026-10-03T14:09:35.480Z,200,success,c5b06e60afc7a56473758154e838542ba6734bddb63ff595f02a0cfad4bbef66
src_d9a571d64a43,2026-10-03T14:09:37.595Z,200,success,b6cf82bdab397ad698eefb7abcd2aadd43ace753fe0ced6b3bc0df1dc383d8be
src_9a1ea8f29823,2026-10-03T14:09:40.040Z,200,success,e2e7143880a817af31c9eb2b0eda0d4b0cdce70a6aa3babcfef82a58b8c2da3f
src_f87c3bf527a2,2026-10-03T14:09:41.914Z,200,success,1c5e05b2c74b08241edcf8b42a235cd077b1682192cf5b644831312285e0554e
src_9f2f0f6c475b,2026-10-03T14:09:44.297Z,200,success,7cab1bde2bc2663984b4d9171b33bc6a6f3573032f417f1ecb78f58fd358e70d
src_083d5316a9d7,2026-10-03T14:09:45.965Z,200,success,bce0d75e44cac68bd406439a5a5686de92b54ff7c7edf70b8a08875218e2f04a
src_03307f0efba9,2026-10-03T14:09:48.433Z,200,success,cbca1e34368974d9d1829c9a6d846843756b85a311b7c81e46353eba17a9aa90
src_8de2ad80413f,2026-10-03T14:09:50.524Z,200,success,70715880e4d22c40e11cb0295c0bc28c98b838f85bec54fb272ad948bbb654f8
src_c5dc594cb4e3,2026-10-03T14:09:52.659Z,200,success,21b6bfe2f781fc5f95392b6cc33e06c9fc723db5e80c36b7b8f41387cab9c422
src_3418ed630670,2026-10-03T14:09:54.882Z,200,success,3734046f1cdd754a28deefd3b64c524fe7812ed8564e7e9e9848620617419834
src_90967c6f4fa3,2026-10-03T14:09:56.931Z,200,success,fa576227bea49e449e07c46701cede47eee9de68a700f2604cae07c4cf686b92
src_7d9f5a4ca37e,2026-10-03T14:09:58.936Z,200,success,2f70e6f9a74f464b638583eebae95802ffb6bff65263f477828016cd1eb0ef43
src_3881b6441404,2026-10-03T14:10:00.774Z,200,success,3a797cac978a7973caa6c9bb98828a0cfec3a960631cddeb1aac926dbb663328
src_466e1d461a11,2026-10-03T14:10:02.606Z,200,success,ce0168f5b7bddc29a73ca398b0f7ac7b60d0277508def81ecde4bf8a26add49c
src_a5755d671651,2026-10-03T14:10:05.157Z,200,success,9a588d2c326b10926141ce8259661d162bb42e7867efdd547443ee691f4c1eb2
src_fb2651494845,2026-10-03T14:10:07.285Z,200,success,fecfdabc4a5e07bf2a6aa0df7329157d63ba9564c5624f1f8af8e10ecef7ad01
src_115a079ab306,2026-10-03T14:10:09.668Z,200,success,4997b579152da97023527287aac2f1cf3ac4a3c87b995ebe1206ae1f1187541e
src_c77306c24d74,2026-10-03T14:10:13.338Z,200,success,06ace551518ff2a76e90b86251606885481b1f7af0cf9dd0d0e1257cef142794
src_54b48e4576fa,2026-10-03T14:10:16.182Z,200,success,0882578f4c81f05cfbe2f9607e8d3d78ee81fe1f9b8495168d778c7d174dca5b
src_1a978f7fe3c7,2026-10-03T14:10:19.307Z,200,success,1b7c1b8b91da0d6317e624da9ad6a6ce4b8f5e8ada6b0a6bcc1446b6cb8c3068
src_140312574af1,2026-10-03T14:10:21.965Z,200,success,d30f43e87b1bf7b07dabcb5219761fb0117f7429427d801f0f61b619577e3491
src_6a1b5d8db7aa,2026-10-03T14:10:24.343Z,200,success,4c322635ce37ea60fe2cf95414565efc13e5dee3934dcd6ecd825078d9245e2a
src_2cdc699b6ab3,2026-10-03T14:10:26.111Z,200,success,c89dacac1a6bdc761b9bf09e6cb3f5b435823a160734e90e7c5abc89848e5f47
src_194531bf16f2,2026-10-03T14:10:28.944Z,200,success,b3a992fc8254a97587fedb61dd5154b62752b73c0021d94f3285c9daec6addf0
src_8762a1d8570a,2026-10-03T14:10:32.240Z,200,success,f8a238102907c9f0ceb045a14a1d820b9ee672d5021dc31e34312522e90fed74
src_c58af81ddc84,2026-10-03T14:10:34.869Z,200,success,dc4847af24ca9133773cce0f303d6387f64e72fad7506bfbdc30500c59a6ed39
src_47f2e29d249f,2026-10-03T14:10:38.679Z,200,success,fa33f83ce01e303fc0949e40088779044865c5d6d5a86af2406dd552b193c567
src_8461772fb5b1,2026-10-03T14:10:54.138Z,200,success,1df81f0fd64aef54f18c41e927b01d072fa36be68d8d2c10b2667a61c8966c4b
src_0491eb92dd0d,2026-10-03T14:10:56.860Z,200,success,4405cf35b31022641ed400f31200046816e74a129624f8c4adc7ef48864208c8
src_83b822a4511b,2026-10-03T14:10:59.827Z,200,success,d0cdafc7480107ec14b4ca90870d77ddb14023e968a5c7c48661a8c3b7a78dfb
src_8d74c4a9707d,2026-10-03T14:11:05.019Z,200,success,2ecad078387e5579d67dd776346de7f56607a94670154c1d1700ae040b5d28d9
src_4b97d93847fb,2026-10-03T14:11:09.553Z,200,success,d59342fd7ba52cbbdaa9a51af2671467dd0211f0e3bf129bfea2ff6f74d36e84
src_30aa6da0cc8f,2026-10-03T14:11:17.310Z,200,success,7db9922b90ac1cf26be3f26e8255bd4e7e0323ed59d76a5835417030ed2f06f1
src_379eae41d674,2026-10-03T14:11:25.957Z,200,success,05bb12ea27eeb81329d193614ed68f77e39b974aa396527f2e2e53c6c4b498db
src_739db2c62342,2026-10-03T14:11:33.243Z,200,success,910dd917f19aa2c0dc978223c10071e4f3fc47b930780297c682c46ce1e7cf13
src_3350f46b5b55,2026-10-03T14:11:34.852Z,200,success,ea6065c0824439997e64c0f63f747ceac2c1a2fcca902d30c35af1b88f7155e9
src_f4a3c2665490,2026-10-03T14:11:36.906Z,200,success,338ba171df9aaeb448cb8c3eecb843cf7538d86f1fce79ea6792cf54afc2f8e3
src_52df0c4c5fd7,2026-10-03T14:11:38.521Z,200,success,785403adfa69b11df8cbf67e81d8c06d24526044d5424d0494068a52526b5253
src_70c6575d406d,2026-10-03T14:11:40.761Z,200,success,c028ad604a82d3b6fb2c3081f9af89c82ef136647d9e94d3303be370603af739
src_7ad103d64f43,2026-10-03T14:11:42.852Z,200,success,63d6c52f717a1b97683bb7ce39859ae6330353bf3e7e02de4a4df36b3483ea56
src_e772efa2dca2,2026-10-03T14:11:44.855Z,200,success,116ecd8d43c05d6683f909f1ed99856a1b34031c759ed56c8a7885a113db7031
src_7be8c2b29cc2,2026-10-03T14:11:50.125Z,200,success,fc39dcc1cf6e2ab77e5d339f53e5d774697925167898c363289b5c44aafaca7c
src_1577b9d7a614,2026-10-03T14:11:53.665Z,200,success,ce2bd2c1513b65b2d7057285b671260a4d9848be8ee4563ba7afae46860d6e5b
src_54dae94ab22e,2026-10-03T14:11:58.745Z,200,success,ee1e26568816af488e16b40ff0ad625f36d570369d162006562ac5458c495284
src_9db479e4b0d2,2026-10-03T14:12:00.913Z,200,success,1e67c62f215b52993d9150aabc87d9440e0194374556560c52eba77c5d052571
src_64a4ea49bec9,2026-10-03T14:12:02.750Z,200,success,8bea57619c5359ba5710170aad4d18b11b1af767570d14c5cf890a676c48574c
src_6d6e4dbbb41c,2026-10-03T14:12:05.758Z,200,success,cd1b928a5c91370b11b4a81c5acfbae59b15feed8a712650843b403fd0eda84c
src_10de0010b623,2026-10-03T14:12:14.669Z,200,success,b64d5c3094d24955079799fc28d46dee994b6bd641b1c06a4753c22dc4931836
src_e468ade1c431,2026-10-03T14:12:17.251Z,200,success,4889a474e7b85a48aba505a1dcc19aa560ba7a75b9db91b020b052fd648b51f8
src_ae55a9b3eed8,2026-10-03T14:12:22.709Z,200,success,8beab2c9839212e17badba4f50aaa7647a0d0aa74f6c89552f46ea30c4d4190e
src_34151d79a5b3,2026-10-03T14:12:24.707Z,200,success,89ad1500017c411e0d811b7ff1af34f2eb4fffa582846d06718ab6d64f8db939
src_04c37da3c24d,2026-10-03T14:12:27.980Z,200,success,aa389cee6bec6dd4341b9d9005831e38a78b33320d379378e9666b4d308299ac
src_db7488a5731c,2026-10-03T14:12:30.820Z,200,success,039533645dd65a56f6b6d0fa55b6c399b64275da93e735d7c33bf1f346347447
src_cdf7b135c1b5,2026-10-03T14:12:34.280Z,200,success,04f8ba13039ab63f5b5b1a30862866c719b1dd681437146d09fba8eb24fe1aad
src_f8958dbeb42a,2026-10-03T14:12:38.481Z,200,success,052dba282453338de7c5b29b9bda77be0d3ed84c438d9856545b4b75c072fcb7
src_01dced0b049a,2026-10-03T14:12:43.055Z,200,success,4df1b33200b6fc0e15159f2022492341e9b509d2ec6e94194e4e8956c9541ed9
src_a302b48cf94d,2026-10-03T14:12:45.205Z,200,success,10d51a3ecffd9b2a5ff1e1c8a93b89e124131cc4ebb1e18075d067cdb7f2e240
src_a58efc86a53b,2026-10-03T14:12:51.570Z,200,success,48e97ed90316d86f30c6eec5e807dde6f613e3425049782e739dc16a7e72242c
src_cd6992b2ac73,2026-10-03T14:12:52.697Z,200,success,5b26c084d2e9a921e13b35cdaac38633598e390e537d0ae92800274b6929c218
src_fa55dc6c0172,2026-10-03T14:12:53.936Z,200,success,ab7c645761db741bf7acd15f4b1e0ce8ac13f515500a2f33841853f25a2afc01
src_6efacfc3cc2b,2026-10-03T14:12:55.544Z,200,success,a0015cda3c7dfad435a75df57c23e9af5f11620c0c39c519360c7fd78b8c2105
src_04c15c593c29,2026-10-03T14:13:04.045Z,200,success,c9b69a2ffd9e48622befff8bdc6e3e48c89e2b88d164cd6eee1de71c8a4f2767
src_81d75ee6bec2,2026-10-03T14:13:05.980Z,200,success,d351fbf00a303557c0751f9f8ce7cc1b401390c6b41b44b3fdebf94d81c2cccc
src_57a86a9a7233,2026-10-03T14:13:08.114Z,200,success,a2faaabbb0e8da1d1b6990d317f9c6b6b406caf2f2306e11d21cdca3c0958ed9
src_4ce38e76d0b3,2026-10-03T14:13:10.696Z,200,success,929af029ffc49ea239fbdcab4af29ec46e252d50bbb4c695f06d23ca455dc651
src_4d318dab12bb,2026-10-03T14:13:14.782Z,200,success,d81ebdbfbe2f827384466131e789101c9ab9884f37a0de57bd6877b9c808d1f4
src_2757b8f9e694,2026-10-03T14:13:16.462Z,200,success,ec90215a03cdbfa254aba659a33b24a9684ac536180feb46a6cb919c5ed07771
src_c91c894a665a,2026-10-03T14:13:18.549Z,200,success,3c2f8aebb1699dce1baa94de75c5debcb43d474a15df9933c6be0a762ef256d5
src_33bf1e694f01,2026-10-03T14:13:20.539Z,200,success,26547e60832543480800b4934232d0104d5cda9ac547818504a66fbde98f24f2
src_1ad1d7d4bce2,2026-10-03T14:13:21.917Z,200,success,1b98b3c6e9c4a57461251ce9d37fba40de11f09db6b7df35a8d8b996a0353178
src_b6b8da657b49,2026-10-03T14:13:23.166Z,200,success,0c26f4c0e849e882dc5706d94e6e06e712295fb61915ef9d4916f6c9ea70e2ae
src_e8dfdf2d589b,2026-10-03T14:13:24.501Z,200,success,0c6ac078d8e2cc704a58f6c82847814c87e2d65b2591b8e788d3e1a37bcd21bb
src_fcb0c6109e23,2026-10-03T14:13:25.923Z,200,success,3d8eb0535a4254c1635984b8640453a45f4be77f23bb3db365e9ba47c84b3872
src_cbd9eaeff4c7,2026-10-03T14:13:27.268Z,200,success,e043e5dc01dc7d6fcecb41ae51bdc87389dd0f0b2be7a43fbdf3e5e41d6352a4
src_b91168ebe47f,2026-10-03T14:13:28.610Z,200,success,d68043bc0b5be1474064e874d1bb4f1a4b7b0d82e946f3aa1d7c8afd629e08a8
src_a38edcb55657,2026-10-03T14:13:30.012Z,200,success,ea899ec39e199975c5754d4db7f3297a731fc41c3e386a8c613d7c5f65373ac2
src_cfe22416fb0b,2026-10-03T14:13:31.408Z,200,success,7edabcfd58433fde1dc106d958277b6914a669dde8998854d03a37fa76d134c4
src_f097f1933104,2026-10-03T14:13:32.896Z,200,success,c0a8ae9485305a4e3943651911c78f874ebf83877f6c568b59dd61729ebfd969
src_85c842ba25d7,2026-10-03T14:13:34.349Z,200,success,e64c3849408ce5baa91b522a60e89a2b12c5baa52a28b064f9dde1f5766c22d6
src_0e99e006f132,2026-10-03T14:13:35.713Z,200,success,2518244231496846f297eddd7376536203bb58f8647f8151020871dba2abeb2b
src_9ddc65070b51,2026-10-03T14:13:38.105Z,200,success,f39950c9218d91d139546babc8f27690ab6f25f6750e81d31a1353c5f7349a5e
src_7edae706c80f,2026-10-03T14:13:40.470Z,200,success,cf45d108134e0c38eaeab61fc843a322abd23d7b01a22f61c7872f3f021af880
src_a835da1cb6e8,2026-10-03T14:13:41.565Z,200,success,1b53337e963c8e1c47022211261e8b662cc22ae3b17bc22ec63884b7bc3d5140
src_2efb37ecb0cc,2026-10-03T14:13:42.870Z,200,success,8c25c00ef11c0b0f26fa4cc5750ac432a84aec687a11dcbc276fd136e7d1ce29
src_bc27f2afd192,2026-10-03T14:13:44.095Z,200,success,3b293063b3452c8a12381b5cb72956248f26e23762c83513fa34e509ff3f82db
src_e0df11670b07,2026-10-03T14:13:46.968Z,200,success,2044ec145c12cdea95890b0bc1761b36e8e553a308d99fa2be0ad351391157f7
src_a1b8ce3f9327,2026-10-03T14:13:48.419Z,200,success,41f4626777eeb1c7becd7cca9209e1af30f444df18e10e7255d221db97898fe2
src_599c155a843f,2026-10-03T14:13:49.845Z,200,success,72fdff6f9119078503f9d85aa1cc6695ee2bbf6ab2bfe09637f732f4b15c1b12
src_054c00a7b03c,2026-10-03T14:13:51.395Z,200,success,e4b81d3c0da8bd9098b6b2e7db6c366e2aeddb08a9666e6669aed2d9b8a76c6b
src_6c3e3712dabd,2026-10-03T14:13:52.924Z,200,success,7c2caf51a63d2ac3fa0f91a1da602c2aac8b8ea2c474f9b1c5e7d9ec09bbe245
src_d61e09ea1753,2026-10-03T14:13:54.072Z,200,success,af2ce8d8374f71301cfa691840052f22cb581ff9b6ef30e1ce0121dc34d97b3d
src_e91d45d3f2aa,2026-10-03T14:13:55.122Z,200,success,c55f72542bfc74586a707d8983f745bc01501cf7a9a92329ac246db4b67e6c42
src_89b1dcb3bd18,2026-10-03T14:13:55.324Z,200,success,af2ce8d8374f71301cfa691840052f22cb581ff9b6ef30e1ce0121dc34d97b3d
src_3f77879fe5f9,2026-10-03T14:13:56.575Z,200,success,00c94c8099262dc6ade10cf1ab8d3d011839c35d8d6da85f5b3a45e33bf92c88
src_3079060e6e05,2026-10-03T14:13:57.763Z,200,success,15e387dcad5b65acee3d6f10fe97ddd33e92e00de868f8c99c6984270f700077
src_ef8b71b53e21,2026-10-03T14:13:59.132Z,200,success,d4d3afe5c1905ffc4c29803ce2467c74a7f997133e35e91ead4d2a09db76145a
src_8e75d31e857d,2026-10-03T14:14:01.392Z,200,success,24a312474b24801515e4cacea33518a312b0914ccfc224b2c17945d1f965131b
src_bd95fc36ff7d,2026-10-03T14:14:02.592Z,200,success,466a92f85423bbcdcce86a48ab23565936cee62f8c7efc83604e6e93b39e62ac
src_2fbd7c4b9831,2026-10-03T14:14:03.792Z,200,success,f359f87d956a798530da8a61a7b4d88eed6f5720b7117f3e4afdf4d99f299d14
src_6c7c3c7f0abb,2026-10-03T14:14:05.233Z,200,success,893f3a83726186e1d0f4e3f616f1abe8e4308335732b33939a436085c103ec16
src_268f1a4a8b31,2026-10-03T14:14:06.500Z,200,success,8bfacb80aa8a4a275f1bee9b1e52a8ca27d6ef854ac99d75dcf3e5649a7d75e6
src_d3981d15025d,2026-10-03T14:14:07.947Z,200,success,6d65fbe1d5502714d4df826c5fd670fbb84b4df6f34ef8a6dd093dec70b94d30
src_31b9081adafa,2026-10-03T14:14:09.178Z,200,success,11c49e3b1bd71a74d1d9604c5a33db8b384fdd6f61a9ba8ef76cb70a214ae175
src_b03ffef94773,2026-10-03T14:14:10.437Z,200,success,60f1b849527775ce1100c49b22c4656d32e14f88ea203a5646ddd9b35254d938
src_406874c1e392,2026-10-03T14:14:11.900Z,200,success,e1aa19bfc8e6df62060364a5099b6de39e1484a4f69b8dac524d5d6b5da99757
src_4afe4837258f,2026-10-03T14:14:13.221Z,200,success,fa508994b0ec7839465a6b7bcf8c5858128a27890f72ea1af5789b0e97a6212b
src_f2dbc7f08dc1,2026-10-03T14:14:14.648Z,200,success,fa747923620acb77648540f0e2cd6ef6b05feeae87079420880e5cf37c09f8d7
src_7abc96d42753,2026-10-03T14:14:16.028Z,200,success,1d6314b8d29e846b98fd2fdcf0dd51ede335b393f9d2b2d22b61e55c50d5b2fb
src_2ce7b4ce1427,2026-10-03T14:14:17.544Z,200,success,421e55204381f03ac0054e637e15890f38ae403e8d524449fdb10c39e143f06f
src_28bdd9cef03e,2026-10-03T14:14:18.867Z,200,success,ff44777d151c3698699f6c12648e8bd924fb08255ce22994717596187f8aa071
src_be3780a738b2,2026-10-03T14:14:20.141Z,200,success,6638e3bea32e79c43544f69c1e0086207ed4ee44475f679449a0929985ebc83e
src_f288f158a23a,2026-10-03T14:14:22.793Z,200,success,3735c08c6a2003432b18ed4fd8428787ca57a3c4df62ba184bab3f71d2c3e294
src_c15627904778,2026-10-03T14:14:23.821Z,200,success,5ac65c109bdd1644f9a9d4b852cbe7d90bde545c7de0e2e1a99e44d3a65f93e8
src_8d7400c4d1fb,2026-10-03T14:14:25.174Z,200,success,6730b878603aeca979af7ba4a050340c0acb435226339277b8cfc916e7df0691
src_69e089e9e10a,2026-10-03T14:14:26.579Z,200,success,fad42f9cfa9b84a18ad47d8c3b096b48fceb6d6cb98f57c65eaa2ae582bfb59d
src_23725b5da595,2026-10-03T14:14:28.801Z,200,success,bdcf2a49a7dbd8f0b72a4ad9a7b1f7e6e2bcd75af36673a90295bc399c4b73c7
src_c76958a761f5,2026-10-03T14:14:30.257Z,200,success,d2b5ee3e7cea7df882606b337e1dd25ca82016649797395c115a3c405584810e
src_c13d1bce829e,2026-10-03T14:14:31.618Z,200,success,07474798e97be1aede887c296a8eb8b54f6a14e4dbae2327958e2a2306ab8d45
src_8e664378cc70,2026-10-03T14:14:32.637Z,200,success,e53d723d184b4f887723a611f46b49d87d0c562cd526aaa002fd36c760d38bd0
src_e46316857e0d,2026-10-03T14:14:34.098Z,200,success,e2d0dd594e495626d08c9bd64954b87168a7b1b0058ce3650e3dde9b92ad2fae
src_0f570398d8c4,2026-10-03T14:14:35.571Z,200,success,2cf769dbc446b48de6e67f9cb8fb2f3d6fc984be4686b6b57e795d659a585c50
src_62cd9c8fd4f5,2026-10-03T14:14:37.006Z,200,success,bb19e7d901138fca965f878c301edd3a755dedb1b36ae613466b4b07ed28a421
src_9e0580f78d0e,2026-10-03T14:14:38.409Z,200,success,a5d5a4cda8990a25bd66214a2d5e7f1480bc48938beb42398a92518d9a0c8a1b
src_84fdba849959,2026-10-03T14:14:39.799Z,200,success,005d7a93732445dc9e37bc668cfbb791f8b1f6201d5f7d5a91d713c15550e30a
src_7270fdc3b2ec,2026-10-03T14:14:41.405Z,200,success,31e74a9e1ae3fdb560451ee51e303cfe7f5b02970bed33c9a1c5919155aae7ce
src_ce8857974978,2026-10-03T14:14:42.839Z,200,success,4bbef5b0ae7bbb5af53f61f39ba6281296986dbe1db62c29aa3a1f9371333085
src_32d80e844cc9,2026-10-03T14:14:43.953Z,200,success,3c62d18d35e3ee6a24bee1ee3549008f995c74159b2d623987c342f555c9b1e9
src_25cafa59a723,2026-10-03T14:14:45.245Z,200,success,e33a0b958ce3c2cfcb8f38bb780e2ad0b7d786a0642c039c62c6e2499efb98dd
src_6f8e7ac92c98,2026-10-03T14:14:46.648Z,200,success,1566897c3ee44f31d3110f0cbf139e5096d41b184e87e1466c6557525d4b8541
src_f730ae201048,2026-10-03T14:14:47.887Z,200,success,3c39164e0e37ac6eae3bde9bfa1fcb0892fb0b5dda0b792f254bc6a36b315220
src_e2863d2ff48e,2026-10-03T14:14:49.343Z,200,success,d9ba5ecbc8a21ab51d2369d3f8824967c47880e334d29a308ad8e4abeaace0da
src_783720c6e777,2026-10-03T14:14:50.793Z,200,success,eba66abe1c2bd9370c36c1ddc8625a7907c372a9915f740ebf084a56fe4dfc0e
src_882ec43a32df,2026-10-03T14:14:52.237Z,200,success,c176575a59ff89c5063433ebace3607ef1c5370cd68e0a6250c45c6fcf13a85d
src_94e4ffeab3fb,2026-10-03T14:14:53.438Z,200,success,6c6e315e685ff1e9ab9b189e3a5b6617ea0d97c8b62ef301b4732557e4881f94
src_4533e0bc2c67,2026-10-03T14:14:54.738Z,200,success,ee0997472de7e3afb46f44cdcd926e7b6941648eba811ec094129714040045d6
src_1c8b423e8f35,2026-10-03T14:14:55.968Z,200,success,6f688efac3156cb40e3aef504c7dc9501a640f8727276a75345d2241622a3895
src_7b5a09be1567,2026-10-03T14:14:57.405Z,200,success,e4a559a4559a6318b9462dcdf4b1cea98eb8ab30869cdf281384902cfad37ca9
src_627202d8d776,2026-10-03T14:14:58.838Z,200,success,24e296c19491137e5f0466ebb71e409516375f4da6bd0330a866e08a708a7d57
src_32bd4657ca40,2026-10-03T14:15:00.056Z,200,success,13b35604af157b6112a1fffb9852ba2d172e30e54d6c6471880e530a73c1705a
src_906def430a57,2026-10-03T14:15:01.543Z,200,success,8e5e8ec9ffe40b8d95dedff59a91db6f9f4f5327f5922de1b646a88e86f1ad43
src_ee8ab71fcb96,2026-10-03T14:15:02.854Z,200,success,b2ce3d7ce729310d00d7a8b243d42c1e311445d7a5eb146b99762bd39dc4d708
src_8f413c4b12fd,2026-10-03T14:15:04.120Z,200,success,68f50fd92d57e278dae37633a37adadca081e53cb2185725bd1defdf75f88dcb
src_d68e03164c27,2026-10-03T14:15:05.420Z,200,success,1e2818c4de95d68b5f5a1d87199e94ee7000366495691b4717c391f5ea9f0060
src_8dd2a1a9e021,2026-10-03T14:15:06.848Z,200,success,347012dbba5ce5060a9b7a9bc8ea48e2141ff729a62ee58634c61026dae07308
src_47aabeb67b6d,2026-10-03T14:15:08.317Z,200,success,2f75ebb7ca510bb7ed70eda491169865d2843b059d96b3699a2dea4c5a8b188b
src_1046ce2ec8ed,2026-10-03T14:15:09.782Z,200,success,75a7ce038446ce788f00552600d6eebf576bbf350564560217d74171156178ef
src_747e86221b82,2026-10-03T14:15:11.176Z,200,success,0716c0664c8ac2a5546721b1ded0999d9b40e581fd82e2342adfe537e1aa640e
src_61e93b203ac4,2026-10-03T14:15:12.258Z,200,success,33f3f7886e6b0722d881e7454c1795da1425d356c65975bd4c03d60af4f4cc9f
src_d30c9d8f5484,2026-10-03T14:15:13.491Z,200,success,e624ac1c2cde1be49e73a796af7a5d0b9503d3009eb139fd83588cecc7f6140d
src_c5adb622da6c,2026-10-03T14:15:15.030Z,200,success,93e173fa9b69c0d85c997668cc687877b948a03c38901ec96b82b6f8a9c9634f
src_934adb2c9ad3,2026-10-03T14:15:16.387Z,200,success,9ef658f533462a5a4c7ad4bdacd4320a3d0a4f61760b1f3e171f3313d5da2864
src_3cbcd21b9f7d,2026-10-03T14:15:17.781Z,200,success,ac57907e892fc3481de2e6e6089b37b82fb4583d0f1c63a9b0ee4fe086dcf093
src_ff69a4ad1059,2026-10-03T14:15:19.271Z,200,success,581995d5179ef77b15ad821beb0ab10a8f54f863e55635c1347498e7ad8195e3
src_c785c96da183,2026-10-03T14:15:20.670Z,200,success,90958f3b848107a2d66b031975a7fbb8713afef111671bf1d3c18c6b35617d4b
src_4e1719fa92fc,2026-10-03T14:15:21.971Z,200,success,21be27f4b23866742ae64b71a51d980b6ae87ae4ca1b12dcb5835169128bd4dc
src_c8d551196428,2026-10-03T14:15:23.334Z,200,success,219666c69883383c44b17b0c1cbcc9451fa5f5461c7832f61eff21601beca1d4
src_f1db35e64918,2026-10-03T14:15:24.827Z,200,success,2bf9485c1761da289ad43b13c8582dfa7b2627f03793649e70e0431c6ef9b344
src_8196824a876c,2026-10-03T14:15:26.035Z,200,success,01b3ce3c021d36d82244d558141c9f7920be679d5c7021d1de8d1794840acf27
src_bed31eab2a64,2026-10-03T14:15:27.247Z,200,success,18810a22a540dc2a65b43eae1f3a0aff8f1d096f21e30c5d7f80d0f4db740586
src_963aca029293,2026-10-03T14:15:28.566Z,200,success,6c656e80bbdceafa450c5a0b1103d65901cc0fe329d59b47c5962fdedd64e5e5
src_1b5ee81cb20d,2026-10-03T14:15:29.893Z,200,success,23e5344b42e7ba1eba69444b9e6fecf0b09b9049822732c456de93e364edc7c7
src_0d920af06267,2026-10-03T14:15:31.392Z,200,success,25f175638de23c2baaab92e59b7f21caf50ff7300ef640dc4d9c6dbc3b664026
src_6450d7594ec0,2026-10-03T14:15:32.720Z,200,success,080bf719fa11d1a147dd88c4f3545cdfad99e48a58425344df6fc2f78fe06916
src_5b41382a55c0,2026-10-03T14:15:34.169Z,200,success,58df4ff052ca2a95b5f3a3857ac57d7128196d77073f0e1be49602b0a5bf1294
src_e1a0061d1a96,2026-10-03T14:15:35.563Z,200,success,bd93fe0e3f8201104982d5c565ce117609d32bd16b03c8f75153941e4b752002
src_9393919ee3df,2026-10-03T14:15:36.994Z,200,success,c9f40fa56de5dd9d30fcb39a0e7d48cffeacd9b84752fce9dee98c1ba2c6674a
src_b4889785366b,2026-10-03T14:15:38.185Z,200,success,61b520be44b364c6ee0fecc040a167503cd47ae615b500035fda6fd72736db41
src_f367498380f4,2026-10-03T14:15:40.059Z,200,success,d3d8c8f3bb8b84e831e3a540b078c7ec1432300e65883add81075241f96490f2
src_6b0c6482db9c,2026-10-03T14:15:41.341Z,200,success,1c053a351c63fc02b3c5cb89f71d2f565717ad26f8e2a252736a9634c884d541
src_cfb965e20198,2026-10-03T14:15:43.124Z,200,success,9ae893bf6600480b1fe3a15c8ae462b76ee583ae579f84dca2a4c46b0ebde4a2
src_4603d20f1ba9,2026-10-03T14:15:44.544Z,200,success,8b000a3b489357f4f292d578574108712de17aeb6db2226bd7b39e1decbd7f94
src_9381093fd31e,2026-10-03T14:15:45.823Z,200,success,0ed5333f434b243e0efef09c68a9ccbf0ff694fc2fe6fdf07bbb8d4766bc5096
src_11743309fc89,2026-10-03T14:15:47.027Z,200,success,0f527cf1cf2faff5dcdc334dd71a4edde580e0ca02afef6d600843cf5981766f
src_1a637740ff36,2026-10-03T14:15:48.309Z,200,success,7654a24b51ed15e38842ff59e9221b0c84de30b2cdb8fc7171ed328448e0cca3
src_5b00ecf66655,2026-10-03T14:15:49.953Z,200,success,acd3878beda6d6134b376c26096c02ce4447767e945518abbb3db7a889db17c0
src_00393db3e32e,2026-10-03T14:15:51.724Z,200,success,1b80d54c1121ba1df5cdaa3bbbcf5992b35b709a3c3e1ef486fc698f43cf95e3
src_ec363a0bdae6,2026-10-03T14:15:53.158Z,200,success,0176320873b2350ee9b6a840708d1766235cb08a70768106a0a839c057c88079
src_330925ff14ce,2026-10-03T14:15:54.630Z,200,success,539a42dbf75838042a95879e6cb292ce2a41d2182d285cb055de0485cff9d1cc
src_809d64b2571f,2026-10-03T14:15:56.101Z,200,success,e6207375e9b41e1229519e24a3e54d264a5d7ccc5f6e0f1aaf2dc0018f29ec45
src_2db5f8022124,2026-10-03T14:15:57.685Z,200,success,c1135ac1895c0ea4b8a04a5535efece028f82c44e05917897d5f77d038d80391
src_40ab97cbb753,2026-10-03T14:15:59.106Z,200,success,b595e9ef2f406bffacb2043fbc175f574068a513d12c6560a6d6894a701bcb70
src_1a394e5ad00e,2026-10-03T14:16:00.561Z,200,success,8c48f76e3aa622c3644ca5cab986830ddf61bbf4b968f8e592c8eed082cc84d9
src_1d46c37bfb75,2026-10-03T14:16:02.082Z,200,success,65bb093c21cc01fd6dc95406ac02eaaf4a93c049c8a158458c545915ccee5d6e
src_d8b69411f4ba,2026-10-03T14:16:03.542Z,200,success,2855725655a4c5a7af58e3a81d9aa1c1eddcd4c2a34384c0ea15f83b46d642b9
src_31c6a76992d0,2026-10-03T14:16:05.071Z,200,success,b26249daa36a7d2428e57b7ca0e53ceefc105acbfd05fb70e311d67e3f31752a
src_2abc2530392a,2026-10-03T14:16:06.354Z,200,success,873f92a3c88689d44aaaff62518424b5aa8416d42b0ca923e9462693fd64fac1
src_051ff0480b3a,2026-10-03T14:16:07.602Z,200,success,536d8df43c83ccb4ca2bdcab72dad28de9c64eafd261d70175c517a96b46b5e2
src_d63ecee583a6,2026-10-03T14:16:08.605Z,200,success,5cc3d6d1ca30d14a31e048fe3b5a613bd04f44de0b25f6d04f01f6ee507090ec
src_349b4fef5988,2026-10-03T14:16:09.697Z,200,success,78b38b275040a7d525dd5555e4d5b3ceb3a201a57e6c0fdf76581376df05ebb5
src_ea28e86d99f1,2026-10-03T14:16:11.043Z,200,success,c09eff04c1c774d69b335151e9e0879d9de5457aa8f2a56691ef36fb8a5c71c9
src_94cb1a77270c,2026-10-03T14:16:12.471Z,200,success,7b2a5ee9fd9df7977a6cd35a4d1f5b91dd76492a377c799f869b46bafe0ec41f
src_5c82d7a07c2f,2026-10-03T14:16:14.718Z,200,success,000705eff2b2b850dd04417bc2b37c908eeb354e05b3bf352acb95db9ad0ed43
src_220ace8e3319,2026-10-03T14:16:16.042Z,200,success,5430e0e0d1be0dd6439e5fe61b50b771b0212fbd48c4e97c8b70bc6bb868fd5a
src_de5e797fd756,2026-10-03T14:16:17.465Z,200,success,342883e38d6b6f6f31ac7b96a3863c567724404532272ce7250eb8fd244154e8
src_b29055bd1901,2026-10-03T14:16:18.670Z,200,success,0da416761068645ce37ec5cafe87282eb19394413c84e76ad360a2c9f22aeee2
src_5e0af3d503b1,2026-10-03T14:16:20.113Z,200,success,28398f0d96419c325bae170a78a13861669146d9f67668f896c702aa1d0e9786
src_06271ce9c2c4,2026-10-03T14:16:21.583Z,200,success,9273c019177fecec3208d39c740b9b8cd3e1a3e6311f8173421e40a51429f689
src_435eba91ccf7,2026-10-03T14:16:22.815Z,200,success,4a694f7cc8778851c3bc7ffb2eda3c6b7df54d1f753c8779a1dd2720e869df51
src_ef7d0e29dbe3,2026-10-03T14:16:24.263Z,200,success,bee60fe9d965832480241815f090c474cbc4da5fcc13404f68c13a5fd1c99e51
src_c699a5218521,2026-10-03T14:16:25.675Z,200,success,b8dbbac25947e2f2be8a92077b7c6d989e160700c231f81945df9c80383467bf
src_3b2b894dd8c2,2026-10-03T14:16:26.995Z,200,success,1335a35e2ce7a346f4cb972dd2a95a5db0bdaf3550b58a846fcdf28fa093981c
src_a5904dd78013,2026-10-03T14:16:28.337Z,200,success,40b186b3897380d338ebce92dcd33eba4af8faf0a10f6ee4754c04dd5c4e807a
src_6cc19ddc9dc4,2026-10-03T14:16:29.891Z,200,success,9b2b78898b13184b6c4e35ffb64ef151e7079ee48bfb6239947edbc5fbe5ec7d
src_8ead92188d10,2026-10-03T14:16:31.107Z,200,success,f3692595b611d813580092817109d0e16d0e58149a8be7db58e93cd6bd378304
src_55a5f41a7ced,2026-10-03T14:16:32.419Z,200,success,2acce17a5d10513b46ee35b349303b114d6a93f4154ac17dd9ddee81011be0ac
src_7def0f98cd60,2026-10-03T14:16:34.404Z,200,success,59fe17d0ff1f267c56f9e73c29e245c7e3cf5c776419d7d77a0facd66336ab6b
src_d46a15b1101e,2026-10-03T14:16:35.752Z,200,success,9bd6954ceed0f5623c93b351c68393cba05510c310abb66210ab91a61f57323f
src_3cd25c328215,2026-10-03T14:16:36.892Z,200,success,2e55beafad1667000af7c70ecdf930acf3c51211ff07b353a89185ea30e40e32
src_844980a7298b,2026-10-03T14:16:38.348Z,200,success,08bed6543666db2578fb5987495f172f8013113d50904246fdbe4a4b5904c883
src_dc65fff7a49d,2026-10-03T14:16:39.496Z,200,success,07f4c29312288ac15a01fb9b9f22240b7567d22007ef932ba1dbc01b6e218d41
src_f0749f067fb4,2026-10-03T14:16:40.701Z,200,success,632ce8a04f6770463062fac6591aa660c51e2ad3aa410241a84f8c18dd2bdfb9
src_3ac929a9f2cf,2026-10-03T14:16:42.187Z,200,success,0110034cec1b0f9fcd3c3ac368f54ffea27feb58a3ce69bd0377a251d3bf0f18
src_6d8b0724ea1f,2026-10-03T14:16:43.719Z,200,success,0fe0f75dd6d8372b76847e4042c6d8dae2e00271c889648e1542cfabe535c1ae
src_96dfb5ea3dbe,2026-10-03T14:16:45.047Z,200,success,16accd9dd2108f59e87e6768bef3bda356c9f73d2f348ff838001964635f33b3
src_adae99df833a,2026-10-03T14:16:46.411Z,200,success,a95231ea280e6137debbbb427438970c8da8b33748aa5940b9dc2a32ae2d7ae0
src_77df2e09eb0e,2026-10-03T14:16:47.709Z,200,success,36fd6100c052f67eb5fe87907804affd0b15a7ed705bffeb3b3a0d662664b8cf
src_5ad9954a7c4d,2026-10-03T14:16:49.152Z,200,success,70a1635aef19cac7839b229abe8ddad4d0b5a139e0f8bfbed2c8810b3e0772ac
src_61272b5cc69b,2026-10-03T14:16:50.575Z,200,success,13db4f573a6564b54487b6d0331b5c2632b94a900b3cc29029e22b24ec323a58
src_8530d82846be,2026-10-03T14:16:51.952Z,200,success,356628a4533300b73bcbe2cb9b3a2324f8192a473e0575fc5d55845bcfe904dd
src_f05822cfdf92,2026-10-03T14:16:53.391Z,200,success,d323c8acdabe73bb59c60de9d452c7e638ef31020c69b9cffe27a4138ce88a71
src_e00e4d4e1d8a,2026-10-03T14:16:55.134Z,200,success,314e68d1fdbca4811293ef12667fd1eff069be4a29657c4a9dd8691dde9ff13b
src_1f8582eb88a0,2026-10-03T14:16:56.653Z,200,success,9739e61d380a0730869823614dd49e17e7177fd680dc624700f79983b958a887
src_ff4c06f1d8ef,2026-10-03T14:16:57.963Z,200,success,f2d6f6b3a3bdc8f0c88247b5e4991a8c1e5ea6c64d65d054df10a4a79b89dea6
src_d835485a0d0a,2026-10-03T14:16:59.361Z,200,success,d21c12b6961a94469d154f367046ed957d05bf8432d800f6ef560ed6e0818dd3
src_8685adcf3590,2026-10-03T14:17:00.589Z,200,success,131d2755e050d8adc147364ec03797e5ac5929c4261c700be48af02e6ac95ddb
src_596c312c39c8,2026-10-03T14:17:01.843Z,200,success,28abc4b496f4aea5588ad1e4b9fb81cc9b188d29bc9d23b502a4f147c6c4ed8a
src_1e53ca7f7fa6,2026-10-03T14:17:03.192Z,200,success,740ba7d45cb842f7e9623eec80b7de7ef932faaad68f8167b979b3606799fadc
src_81564fe4cbcd,2026-10-03T14:17:04.571Z,200,success,c8e00c3e6fb66807af354c1bd8f6d201e5201660559941662bf044523d6464b3
src_525a437f4149,2026-10-03T14:17:06.010Z,200,success,b49cdb94ffeda9bec300272e870f5b6c5abab0cdcb3c866fe9221bbce72a9748
src_c10cbeac8bdd,2026-10-03T14:17:07.344Z,200,success,1c9f7f0d008117c42f93f39af203c9b78ac5fb23fbc187271032205b046415e7
src_176015eae4fb,2026-10-03T14:17:08.697Z,200,success,f0bf673dab4c09509cab833417299f213aaf8d5719c1bfb3688cbe28a89bb7c9
src_003ac52385a4,2026-10-03T14:17:10.202Z,200,success,7fea83c2e46f25c60eb0410e1a4bd1519c954ec895227687d0c08d4a3419375d
src_b24b6de4fe38,2026-10-03T14:17:11.451Z,200,success,04527361222a669697b57915f666f9f6838e4fadafa9b1aee55c7bd956846b15
src_513a147ce098,2026-10-03T14:17:12.920Z,200,success,5b75f2a148ad26db5e2bb1321b42b23628edf96b2b426662b2d83a975d3e92a3
src_56d87827ee1d,2026-10-03T14:17:14.275Z,200,success,8668199f7d34809fa02c14ef4c50c36505ec784a33f6b13e66f5a61256f1e3a9
src_52e2d7d3768e,2026-10-03T14:17:16.246Z,NA,unavailable,"Failed to perform HTTP request.
Caused by error in `curl::curl_fetch_disk()`:
! SSL peer certificate or SSH remote key was not OK [www.assnat.qc.ca]: SSL certificate problem: self-signed certificate in certificate chain"
src_5179307198a5,2026-10-03T14:17:17.822Z,NA,unavailable,"Failed to perform HTTP request.
Caused by error in `curl::curl_fetch_disk()`:
! SSL peer certificate or SSH remote key was not OK [www.assnat.qc.ca]: SSL certificate problem: self-signed certificate in certificate chain"
src_724898755de5,2026-10-03T14:17:19.481Z,NA,unavailable,"Failed to perform HTTP request.
Caused by error in `curl::curl_fetch_disk()`:
! SSL peer certificate or SSH remote key was not OK [www.assnat.qc.ca]: SSL certificate problem: self-signed certificate in certificate chain"
src_db3d57b00e40,2026-10-03T14:17:21.149Z,NA,unavailable,"Failed to perform HTTP request.
Caused by error in `curl::curl_fetch_disk()`:
! SSL peer certificate or SSH remote key was not OK [www.assnat.qc.ca]: SSL certificate problem: self-signed certificate in certificate chain"
src_ccc54fd0ebf1,2026-10-03T14:17:23.020Z,NA,unavailable,"Failed to perform HTTP request.
Caused by error in `curl::curl_fetch_disk()`:
! SSL peer certificate or SSH remote key was not OK [www.assnat.qc.ca]: SSL certificate problem: self-signed certificate in certificate chain"
src_400452365bd1,2026-10-03T14:17:24.937Z,NA,unavailable,"Failed to perform HTTP request.
Caused by error in `curl::curl_fetch_disk()`:
! SSL peer certificate or SSH remote key was not OK [www.assnat.qc.ca]: SSL certificate problem: self-signed certificate in certificate chain"
src_ef29c51fe1f8,2026-10-03T14:17:26.739Z,NA,unavailable,"Failed to perform HTTP request.
Caused by error in `curl::curl_fetch_disk()`:
! SSL peer certificate or SSH remote key was not OK [www.assnat.qc.ca]: SSL certificate problem: self-signed certificate in certificate chain"
src_440ebd7b572a,2026-10-03T14:17:29.303Z,NA,unavailable,"Failed to perform HTTP request.
Caused by error in `curl::curl_fetch_disk()`:
! SSL peer certificate or SSH remote key was not OK [www.assnat.qc.ca]: SSL certificate problem: self-signed certificate in certificate chain"
src_82efc8cec4cf,2026-10-03T14:17:31.047Z,NA,unavailable,"Failed to perform HTTP request.
Caused by error in `curl::curl_fetch_disk()`:
! SSL peer certificate or SSH remote key was not OK [www.assnat.qc.ca]: SSL certificate problem: self-signed certificate in certificate chain"
src_612bcc4cc655,2026-10-03T14:17:32.700Z,NA,unavailable,"Failed to perform HTTP request.
Caused by error in `curl::curl_fetch_disk()`:
! SSL peer certificate or SSH remote key was not OK [www.assnat.qc.ca]: SSL certificate problem: self-signed certificate in certificate chain"
src_7b9ed0fabd68,2026-10-03T14:17:34.684Z,NA,unavailable,"Failed to perform HTTP request.
Caused by error in `curl::curl_fetch_disk()`:
! SSL peer certificate or SSH remote key was not OK [www.assnat.qc.ca]: SSL certificate problem: self-signed certificate in certificate chain"
src_c3fc7d75adf4,2026-10-03T14:17:36.897Z,NA,unavailable,"Failed to perform HTTP request.
Caused by error in `curl::curl_fetch_disk()`:
! SSL peer certificate or SSH remote key was not OK [www.assnat.qc.ca]: SSL certificate problem: self-signed certificate in certificate chain"
src_fc37ed3fd768,2026-10-03T14:17:38.837Z,NA,unavailable,"Failed to perform HTTP request.
Caused by error in `curl::curl_fetch_disk()`:
! SSL peer certificate or SSH remote key was not OK [www.assnat.qc.ca]: SSL certificate problem: self-signed certificate in certificate chain"
src_728d86af63e6,2026-10-03T14:17:40.040Z,NA,unavailable,"Failed to perform HTTP request.
Caused by error in `curl::curl_fetch_disk()`:
! SSL peer certificate or SSH remote key was not OK [www.assnat.qc.ca]: SSL certificate problem: self-signed certificate in certificate chain"
src_d4a5c8d4c2ec,2026-10-03T14:17:41.649Z,NA,unavailable,"Failed to perform HTTP request.
Caused by error in `curl::curl_fetch_disk()`:
! SSL peer certificate or SSH remote key was not OK [www.assnat.qc.ca]: SSL certificate problem: self-signed certificate in certificate chain"
src_c67c8d9bd6bc,2026-10-03T14:17:43.284Z,NA,unavailable,"Failed to perform HTTP request.
Caused by error in `curl::curl_fetch_disk()`:
! SSL peer certificate or SSH remote key was not OK [www.assnat.qc.ca]: SSL certificate problem: self-signed certificate in certificate chain"
src_a567416f3b01,2026-10-03T14:17:45.417Z,NA,unavailable,"Failed to perform HTTP request.
Caused by error in `curl::curl_fetch_disk()`:
! SSL peer certificate or SSH remote key was not OK [www.assnat.qc.ca]: SSL certificate problem: self-signed certificate in certificate chain"
src_128f9f74ba8d,2026-10-03T14:17:51.775Z,NA,unavailable,"Failed to perform HTTP request.
Caused by error in `curl::curl_fetch_disk()`:
! SSL peer certificate or SSH remote key was not OK [www.assnat.qc.ca]: SSL certificate problem: self-signed certificate in certificate chain"
src_3de6cee42b89,2026-10-03T14:17:54.808Z,NA,unavailable,"Failed to perform HTTP request.
Caused by error in `curl::curl_fetch_disk()`:
! SSL peer certificate or SSH remote key was not OK [www.assnat.qc.ca]: SSL certificate problem: self-signed certificate in certificate chain"
src_a0251ac689cb,2026-10-03T14:17:59.498Z,NA,unavailable,"Failed to perform HTTP request.
Caused by error in `curl::curl_fetch_disk()`:
! SSL peer certificate or SSH remote key was not OK [www.assnat.qc.ca]: SSL certificate problem: self-signed certificate in certificate chain"
src_fd9a5ca5abb0,2026-10-03T14:18:08.197Z,NA,unavailable,"Failed to perform HTTP request.
Caused by error in `curl::curl_fetch_disk()`:
! SSL peer certificate or SSH remote key was not OK [www.assnat.qc.ca]: SSL certificate problem: self-signed certificate in certificate chain"
src_6f9919271d21,2026-10-03T14:18:12.473Z,NA,unavailable,"Failed to perform HTTP request.
Caused by error in `curl::curl_fetch_disk()`:
! SSL peer certificate or SSH remote key was not OK [www.assnat.qc.ca]: SSL certificate problem: self-signed certificate in certificate chain"
src_4840108788f3,2026-10-03T14:18:19.575Z,NA,unavailable,"Failed to perform HTTP request.
Caused by error in `curl::curl_fetch_disk()`:
! SSL peer certificate or SSH remote key was not OK [www.assnat.qc.ca]: SSL certificate problem: self-signed certificate in certificate chain"
src_2244578dce31,2026-10-03T14:18:21.754Z,NA,unavailable,"Failed to perform HTTP request.
Caused by error in `curl::curl_fetch_disk()`:
! SSL peer certificate or SSH remote key was not OK [www.assnat.qc.ca]: SSL certificate problem: self-signed certificate in certificate chain"
src_e2545508d8ce,2026-10-03T14:18:23.872Z,NA,unavailable,"Failed to perform HTTP request.
Caused by error in `curl::curl_fetch_disk()`:
! SSL peer certificate or SSH remote key was not OK [www.assnat.qc.ca]: SSL certificate problem: self-signed certificate in certificate chain"
src_9d3d3707d691,2026-10-03T14:18:26.148Z,NA,unavailable,"Failed to perform HTTP request.
Caused by error in `curl::curl_fetch_disk()`:
! SSL peer certificate or SSH remote key was not OK [www.assnat.qc.ca]: SSL certificate problem: self-signed certificate in certificate chain"
src_6498b71b1a4c,2026-10-03T14:18:28.742Z,NA,unavailable,"Failed to perform HTTP request.
Caused by error in `curl::curl_fetch_disk()`:
! SSL peer certificate or SSH remote key was not OK [www.assnat.qc.ca]: SSL certificate problem: self-signed certificate in certificate chain"
src_00f6f4053817,2026-10-03T14:18:30.857Z,NA,unavailable,"Failed to perform HTTP request.
Caused by error in `curl::curl_fetch_disk()`:
! SSL peer certificate or SSH remote key was not OK [www.assnat.qc.ca]: SSL certificate problem: self-signed certificate in certificate chain"
src_4cc517b0501c,2026-10-03T14:18:32.356Z,NA,unavailable,"Failed to perform HTTP request.
Caused by error in `curl::curl_fetch_disk()`:
! SSL peer certificate or SSH remote key was not OK [www.assnat.qc.ca]: SSL certificate problem: self-signed certificate in certificate chain"
src_dca5486a83eb,2026-10-03T14:18:34.403Z,NA,unavailable,"Failed to perform HTTP request.
Caused by error in `curl::curl_fetch_disk()`:
! SSL peer certificate or SSH remote key was not OK [www.assnat.qc.ca]: SSL certificate problem: self-signed certificate in certificate chain"
src_54b914419613,2026-10-03T14:19:05.219Z,NA,unavailable,"Failed to perform HTTP request.
Caused by error in `curl::curl_fetch_disk()`:
! Timeout was reached [donnees.electionsquebec.qc.ca]: Operation timed out after 30001 milliseconds with 10364968 out of 24083166 bytes received"
src_54b914419613,2026-10-03T14:31:20.616Z,200,success,69285182d57516b7bcd367c190e3cdecc7cbf4b7387fa2e523c1ee5eaa8bcedc
src_a85ab1730d80,2026-10-03T14:45:18.056Z,200,success,8787bc6c8ea2792dd733fa131fe444aabbc8d8f5812f90e9a9084af38e24e712
src_387eb36607a8,2026-10-03T14:45:19.904Z,200,success,c488fa0ef32823c864b02ff038f1a3e8c456be2f95011f2df04e04496e05e45e
src_c3a91f36053f,2026-10-03T14:45:21.369Z,200,success,1502bbe4f76e6d455619d2dc29aba086b240efc06b4edaad0d6a4d16aff57024
src_42a1a6aedb12,2026-10-03T14:45:23.484Z,200,success,64591a60a5b7d136a25674ac4aaae7f159cdd11e2689c77a021d2aeba61066bf
src_ce9610d322a9,2026-10-03T14:45:24.647Z,200,success,026852fe9aa1e8db6949718340845b7409040300e4d666659a421c6c5c23d35a
src_6bcbed8b2fe7,2026-10-03T14:45:25.495Z,200,success,174f34a893e6bee8c08095e6c5d09e1441c5f5ec9372f5faf45b9022400d43fe
src_12368fe92c88,2026-10-03T14:45:26.396Z,200,success,ac63e5529fef815d9efb7bd923730130cfc4185a5664544189fb37dfe0fbcfca
src_bab64bc215e9,2026-10-03T14:45:27.658Z,200,success,8f63088c46dc601c548959c199ffd2d26a8b7a76e3a0820ee4f7f70b4730f742
src_46d47b51ca66,2026-10-03T14:45:28.640Z,200,success,ed032ab52be116e848b8671b521a2e17d33b2704d6d69007f6fecc158f4711df
src_e8a6a86253cd,2026-10-03T14:45:29.688Z,200,success,7cfe3d1953d85122bbd508490abc68758970dbe7a26ac9b135d9bc3d130c5115
src_a7721fef25a9,2026-10-03T14:45:40.882Z,200,success,62b1d3de8bfa39dee84d2519d5852ca0c1887df6cc3c79d2128c4a5e90e34d5e
src_ffa23eedde87,2026-10-03T14:46:00.338Z,200,success,a4313629a3125b3365d9d9b667aff3a0fc679a70ceca72239b170112b69d0365
src_fb1a42deaccb,2026-10-03T14:46:03.438Z,200,success,ec2323492a85b62f52a4185113d1941f8b691c36c203400df1303491f29d56b8
src_f864fcb5a85f,2026-10-03T14:46:06.654Z,200,success,d945b1cf1a9870f742de96844998075853b4fbc2fd182b5b32bcfaeb5f04b47b
src_e6f8a085ee3a,2026-10-03T14:46:09.732Z,200,success,b90e00af30d5e649ffab32e1dd883a9532ac39c2a994216714df09ee52426f43
src_04cd3c0e9e69,2026-10-03T14:46:13.660Z,200,success,74796b68e197643de1f8719571479a774a5b8aba06cd9fbd1ab1cc21bb36b378
src_0e6bcdd4d76a,2026-10-03T14:46:18.232Z,200,success,205bf71faa37aa53d864fedf4b9345e04fbc89f5237125dd03dbfcceff81f5a3
src_210c8ba491cd,2026-10-03T14:46:26.608Z,200,success,a64131d33ac203e4c6f202b140acd412157f8ef44d22de1d7cc4cfbfa24b8571
src_50d603a17a13,2026-10-03T14:46:32.622Z,200,success,d2f6ebde70a95d7bbce83fac4246fa9631a9ec019eb567553495d2501e07584f
src_b2fcfa6244fb,2026-10-03T14:46:34.169Z,200,success,61b9fd7d90633c96a52f3538cf58c340efb9dd44c06501c859d1999e41ae0449
src_52e2d7d3768e,2026-10-03T14:46:35.912Z,200,success,2fe7a6586ab5372b2a66d31261b8328b5980395f6cdf90c39af12e4d24e2773d
src_5179307198a5,2026-10-03T14:46:37.995Z,200,success,d0c9edc40518c6eb7c1bf1ea1828acf5c55ff57ac6a1dc75b93af9b2f46e65bc
src_724898755de5,2026-10-03T14:46:40.184Z,200,success,dd5a4a2027c9116be3b101b4bdbe6bb30b23de9765887b7eb0142e7b8b16e59c
src_db3d57b00e40,2026-10-03T14:46:42.395Z,200,success,831108e47bf76e0278222394c3c638d0c5721e8efe0ba453433aa89b9e582d5f
src_ccc54fd0ebf1,2026-10-03T14:46:44.797Z,200,success,fd447d3e61adf6860ad2ac0fb9cf6c8e89853a083ca3c6de43ad49dc696c9b81
src_400452365bd1,2026-10-03T14:46:46.822Z,200,success,c9af5bf046154129c0f207b5d761fa75e4cdc966857278ad838dab9e5bb3f538
src_ef29c51fe1f8,2026-10-03T14:46:49.976Z,200,success,d6992b81554e0a1965e39cad8e908962e4ce599de01d64083adb201bbc50197f
src_440ebd7b572a,2026-10-03T14:46:56.145Z,200,success,01540531601e27bbeb2c4d900c0ab833af2d89b55b16f34e119b944344e6f6e4
src_82efc8cec4cf,2026-10-03T14:47:00.616Z,200,success,b2ca98b23fe781844d8c9b228e755b77aa1bcdc9f07415324aef77e410d37669
src_612bcc4cc655,2026-10-03T14:47:04.183Z,200,success,35b2131f98d82936822ed442ffe498ede7df26811c42af00a892e337adec262f
src_7b9ed0fabd68,2026-10-03T14:47:08.506Z,200,success,92a18d2a9b909cebf6084309d03672bf93d346db8924be0a51d4c5128913aa87
src_c3fc7d75adf4,2026-10-03T14:47:11.819Z,200,success,31f868b47e62d554e36ea71cb712f461a3a4c5487eb42bf97750e000c112ed4a
src_fc37ed3fd768,2026-10-03T14:47:17.649Z,200,success,f555836ed896bb30f2e62641ee5f007ee4ada08bfb5004857dc19a3c65570510
src_728d86af63e6,2026-10-03T14:47:27.700Z,200,success,acefea6e8053aef0cf4615763636107cfc7dc16eb30bb4179832b62e7a869b16
src_d4a5c8d4c2ec,2026-10-03T14:47:38.414Z,200,success,1159ac17de74f13f919ccc4f9d194ec672c29b236fcd50837beca3800ebc6e40
src_c67c8d9bd6bc,2026-10-03T14:47:50.846Z,200,success,8e9b6ee27c5d8830a086718b1225a652b49a05d4b143c5a4f4087013484e200d
src_a567416f3b01,2026-10-03T14:48:02.307Z,200,success,94525f6316ecf2e6a0b42c68d29168ef4445c93cb4702f89801aaacd3db9e833
src_128f9f74ba8d,2026-10-03T14:48:06.579Z,200,success,199550905ef87e6934b92873ccd8c85a424c6319bea1277f64e72695e0c85cbf
src_3de6cee42b89,2026-10-03T14:48:11.210Z,200,success,600fc774d2996206b95b6ed02c482f5ed732953c5ae4b16b66b37f330a08b47d
src_a0251ac689cb,2026-10-03T14:48:15.050Z,200,success,95631ef09b23814c2a3b9dd707e4b567ff4cb9ab636532290e7885bce6ecfb1d
src_fd9a5ca5abb0,2026-10-03T14:48:19.457Z,200,success,72ee620ca3662db175d19c8b03e3ebf41345c925db8704c83cd07e3cb8f2caa6
src_6f9919271d21,2026-10-03T14:48:25.687Z,200,success,09f3d8a5e7d8cfadca5b7b82e2964cb1782ec57f5dfedcc4ed4ace9a75306699
src_4840108788f3,2026-10-03T14:48:35.449Z,200,success,3b67cd094f61dc1002a335415bac0d8f7cab4385a7cc5c9526cb0790ae1cfc92
src_2244578dce31,2026-10-03T14:48:44.877Z,200,success,e7d4e7154d926abc7f7149a1abf320e25f6067471f52b40bbf90b8d0b47a15af
src_e2545508d8ce,2026-10-03T14:48:53.145Z,200,success,3e8c5e95ca0c1dc03eec4391693cfee9d323432e0daa682a3d496738c4c2847b
src_9d3d3707d691,2026-10-03T14:49:06.428Z,200,success,61759316500c5a9a241ce882d23fc3d7a680136ec140133eba9ec15b71204627
src_6498b71b1a4c,2026-10-03T14:49:11.338Z,200,success,1043637119e52addaddbe511674f520ce6e94f8db1df8a05e7795593d7d77bc4
src_00f6f4053817,2026-10-03T14:49:20.861Z,200,success,b0c19b0da6316a49bb31840d3c191f2dfc47fcbc899f6b5a700ec1f5f420be7e
src_4cc517b0501c,2026-10-03T14:49:30.195Z,200,success,cca78793a0d1a60da41f8b9e68c7280b03378f4236d7f6ea32585bd605a5d563
src_dca5486a83eb,2026-10-03T14:49:34.831Z,200,success,bdf290634efcfba8c51031519d0c011c3098375c1eda808c990a32df193b0054
src_fd99c43283f3,2026-10-03T15:00:42.815Z,200,success,f8fc61a6f059c1071b49e30960946fec7217a4d3a054bc76af980d36c1314665
src_b7e2938c2649,2026-10-03T15:00:43.818Z,200,success,0186a895825102f21935f52186399e9f8da5102e7a8b22226ce1bb3d4cc45b93
src_e8904f6f5951,2026-10-03T15:00:44.746Z,200,success,1fbfb602338021b6180d8ea744a75a5aaa755f28abb205d2b5da22ac5f5b5737
src_e1bd95cfcae7,2026-10-03T15:00:46.091Z,200,success,cceaaca5b20471302bfebb7daacb1aab63aeaf09e957db0ff7079d910843b8db
src_280377a4ab9f,2026-10-03T15:00:47.029Z,200,success,fac595de76fee61d8fdc03d1838036914c6619bdef8763a69a273c0032e7e3f4
src_97943df8aee2,2026-10-03T15:00:48.328Z,200,success,ef381642292c4053368ae7015dbc8a8898d32fd4c281fb7ad8fa332b25376e9d
src_7bff9ffeecfe,2026-10-03T15:00:49.383Z,200,success,3133f51f966079cfaaba87bd2d9e5bf7192079167f1612745f487ee07de28ad6
src_52c4ab07b017,2026-10-03T15:00:50.567Z,200,success,4b53d1026b3ac3003f127d6f0641f4da4f950ac7a232fdec1ac279d6b17e3fb8
src_1af5a89dfff0,2026-10-03T15:00:51.487Z,200,success,c3462fc7fd8b13f3c5e93e011002efeac42cdf948110d503a23f714d26095172
src_ae53c8c7c088,2026-10-03T15:00:52.693Z,200,success,23ed20b6a5a96e7a25aec341272d66443a26d8e5669dadeef2707cb31aea0039
src_a5c774edf8cf,2026-10-03T15:00:53.598Z,200,success,e6e00dcbe3262eedbdf5adb18ae0ea06851645357fb1337997815fb5eefdd77e
src_2fdd6d97a914,2026-10-03T15:00:54.532Z,200,success,d99a5730c050450b321af685b9d1249eedc11dc9d8ef616f1b11460ff5732378
src_520c73ea8c20,2026-10-03T15:00:55.625Z,200,success,13034befb12b8c2a6c449616af8521f0b4338d3e7541db281a0703366881d2dd
src_765bb55410f7,2026-10-03T15:00:56.529Z,200,success,18dcbff011024402161614fe02237cc4f392020a0ab1afb00c029a9885545319
src_b9b5e6a7558b,2026-10-03T15:00:57.614Z,200,success,aa99f4f8215542cab9ac37a1cb0ccaec586f456de0458172dfc847e038a6b021
src_3b8db421046a,2026-10-03T15:00:58.540Z,200,success,0c92015164e6e96462807db967b18ff0fb11cba8ffd28493b480873ee07227e1
src_8a20eb6a8e65,2026-10-03T15:01:12.553Z,200,success,37e8b06d07642baa204efa7cab83b0046b89f7305c6207569af822f05b1c8e86
src_3b86e20cc08e,2026-10-03T15:01:13.614Z,200,success,c06eecfa4edf51b963c182abc10366dde8cc79071eb1dd08e261b1dc7df44746
src_66823dd8c7f5,2026-10-03T15:01:14.616Z,200,success,804277d5e194b34a790133b46d5831770f63b321304dc175f69d18c0896441ce
src_acc454cd8165,2026-10-03T15:01:15.583Z,200,success,ab409353b2b101ba100d173c41b2065f7fa4cac163b9f06698ffc10f133dd64f
src_b58fcb703164,2026-10-03T15:01:16.728Z,200,success,5b1a23acb5a150823a0aa13ea62e9a1d70143f9ff8c2daea793eb246438dd3ad
src_54c3f7305664,2026-10-03T15:01:17.782Z,200,success,3281ebfe8c60ceb76b887047c2b6988c6b16cc5a6fbe82108b4b90418844e105
src_23975b969371,2026-10-03T15:01:18.889Z,200,success,fb7a3435e6026bb337c7506f5e89f34b82e59634f0f264c7e4f18191e0f8c6c3
src_f20092c75f85,2026-10-03T15:01:19.934Z,200,success,f1fcef53a73a43603dd9e6a75ce1efe9ff8f7691aa01f1191f82cef37320d6d6
src_b1cdb1fbf174,2026-10-03T15:01:20.889Z,200,success,94cf9daa8ada9e4a96e522db25ac14b882293f3c10092e9aefa13506844fa4f7
src_4ec6a883ffb0,2026-10-03T15:01:21.906Z,200,success,e876a93a3f9abd97084c48b682a43f344a67b75fec1ec7f29f075fdb3b5a61d4
src_976f92175327,2026-10-03T15:01:22.950Z,200,success,bdf992c48fc758e9e599335eea8a9f885b7086cda36fd129566b49992a0cb4ec
src_0ee71b44a08d,2026-10-03T15:01:24.071Z,200,success,296667748fe22e55c5c991ebfcab6790a4fcc504ae0044ca952f3da88eaa3225
src_61ad41ed8836,2026-10-03T15:01:25.382Z,200,success,9f60dcda18d7808d59207ed92e25836a06d04317908eb5b5acb1852abd9878b7
src_abf0cae17f16,2026-10-03T15:01:26.374Z,200,success,8d341d1ae3ebaa4339a83d6a23e2aa0b289cddcd7e0530d29f25257b411130b0
src_1e86e2e765b0,2026-10-03T15:01:27.348Z,200,success,c963a456a00e6e2b78fad377f2914f69a9ec25e359ea0460565369909669d93c
src_f7d493b63d3f,2026-10-03T15:01:28.474Z,200,success,df8dcaef240bff3abfc6a4179d73942c2e238ea15f548d076d3baf472ba19647
src_1e628f5a1f47,2026-10-03T15:01:29.534Z,200,success,1aaa65e4ad6619470759d0cf04cdefe7c3d65275ce245fa06c75ce08ed558bb5
src_60ae99fc5e74,2026-10-03T15:01:30.850Z,200,success,75431b42ccfade578706ebb2d99e510bbe6c09009195fe9fc74d93ee07cbade2
src_25d8d1d09ca2,2026-10-03T15:01:31.846Z,200,success,645dd0f1f603e43c06c4662f2215cc7193cef9b4e544ef228e74aca47c11ec65
src_25984d7d7187,2026-10-03T15:01:32.812Z,200,success,d39a97b57310dbfcfdaaa30896d74efdcf5986809d004e6b5f9959dd6b21cd85
src_ef2bcd58ba61,2026-10-03T15:01:33.779Z,200,success,df792fafaad506ab6c7583940f62ad2602f7fb74e997deb0d0fed58f9ff29852
src_ae885e09480c,2026-10-03T15:01:34.882Z,200,success,064690862fc5e87d79e9686fac41d0837f1ee721e9f5b56654ad3381f8b707cb
src_ec1324e83b0d,2026-10-03T15:01:35.848Z,200,success,a4aa837881c46c3b22c328ac181d489804c0dc696b7414251b1f4fd7f1e5573b
src_2e545590ac0b,2026-10-03T15:01:36.871Z,200,success,534e71619d07ec1df342af3f2085f053bb21e42946ae6564523628972695dca2
src_d78bda3e984a,2026-10-03T15:01:37.842Z,200,success,7f297a99d88f849c437c0407fcbf878237527a361f87033cd0ce4c6a857b6543
src_68f759717bcc,2026-10-03T15:01:38.951Z,200,success,4524fbc0f0f288308f3766362ef4870e8ef1775936b0997ef5fc21a63e5b2a38
src_47d00d1e06ec,2026-10-03T15:01:40.072Z,200,success,7a582433b5824e2d71427c8923a334421a13b60e2a4f0dd604e32ea6f4e7926d
src_af198bab8499,2026-10-03T15:01:41.035Z,200,success,9ca397ad06092fa56b76a0421709b9694b3af221dae7621b9ab7002cff714748
src_104d9a727eaa,2026-10-03T15:01:41.971Z,200,success,501a6dcb93ca02dbe0fc47cb97d291d2ab25b2fc3b5fe4806e71fec4963732fc
src_c837d52ba812,2026-10-03T15:01:42.932Z,200,success,23e157d5184619f991116eeb8c42ad87b1ffaf5542954567d979c2c19021c970
src_6f4df3beacc9,2026-10-03T15:01:43.914Z,200,success,8efc8495f3e6deb31de20481ec0b29c1f054d5a23060ead2ba755024637c9cbf
src_a4ab9b077bc6,2026-10-03T15:01:44.909Z,200,success,bb028ff4e60bbb4feb4fb13f6b0cf3e56cc1a34b9199ba1d2bb148cb463167e7
src_4aa1df78a89f,2026-10-03T15:01:45.888Z,200,success,cfc544fbbb412006de076f23a3d81ea1aca36f0711ba08d0b1e7ccb626b7cfcf
src_154407e0c6f3,2026-10-03T15:01:46.878Z,200,success,20dd7fe083c5dd51dc2d3a6ac72851ce343bc85afc5f5f4fd55bcc3837971c92
src_97485f74fd4c,2026-10-03T15:01:47.899Z,200,success,13befb8b21422f5d11ac267b7a5c9077f3712f068301853c0f0b7127f327baa3
src_6bfafee16732,2026-10-03T15:01:48.925Z,200,success,cd0e0acda86656830aecbc17b540e77177983d4f694d404586373e51a23efad7
src_688fead178b4,2026-10-03T15:01:49.918Z,200,success,5e95e42cd64380538f418d7fce6bf38392e46cd7c321adf663252fb6de03064d
src_b8d6cf50c953,2026-10-03T15:01:50.880Z,200,success,9502daba713b3941b3ae8b3627f39b0e69f259b20e4c21d320c90bbbd5cb3ac0
src_25af3d37f440,2026-10-03T15:01:51.847Z,200,success,206a66d389febed720717ea409fecb45aae1f3409a1fcb70e55ad2f2e75d84a4
src_e292ec2ab3f8,2026-10-03T15:01:52.863Z,200,success,bdaee45d63fe2d6b3440d62bc425cf4a8a96d99305077dc83a7b75d7e6bb1660
src_430100a25e12,2026-10-03T15:01:53.837Z,200,success,36fc66253cf0658526dd5b1191fe176805f041d6851144a7ad29b79497f2d4f9
src_50cb836b3a85,2026-10-03T15:01:54.800Z,200,success,b1a5251bc3925e1deee028319a9c8d1c86ec1d659bc02affa00dad410e601383
src_e5d49a26272d,2026-10-03T15:01:55.760Z,200,success,a6769e0e2d6a1eda895b4062735b64545d99a31ebfccee714d852008505a7f4a
src_55753c48469a,2026-10-03T15:01:56.765Z,200,success,0a311ef73eafe579d5f0b6c1eacd994573677ab624be2e4f49b732a1bc15d5e8
src_54ed72cc98e5,2026-10-03T15:01:57.726Z,200,success,d815acd88cf1e7e36489bb81e1f7f3557af3f1ed3c65bc0837c64c986895f510
src_c3d6218599e0,2026-10-03T15:01:58.687Z,200,success,39499b926eaf1e91e7f5773e983cc80af68bddc4271d6189315ed2446f5d9ed5
src_bf038d713135,2026-10-03T15:01:59.810Z,200,success,7406edc269b9e6ffbfe12a4a4391694f551b3d66ce816b9aec34efd4dbce5875
src_1802c37dad40,2026-10-03T15:02:00.794Z,200,success,a0ceb27edba90106cdcdc73461b7fe18a0afdb75bfbf87612db20e93d703a31c
src_bcd514b5f73d,2026-10-03T15:02:01.753Z,200,success,6eaefe9e879f55121dea8c775c2ebd16698f58ac2fa38b8f3b31bb5596b78eb0
src_6f2056e5389e,2026-10-03T15:02:02.749Z,200,success,d14a96bf4239281357809d9c27bdcbe903836869370bc938ff320021401f8595
src_f9a761fd99ee,2026-10-03T15:02:03.731Z,200,success,7eeb3119b24903124a26d492ec7a15ad9e0fb9544fa562eebc9ac52e3a4dcd1e
src_63ad7f1d0270,2026-10-03T15:02:04.827Z,200,success,058ca7f8ecf694a357a42e8d71f75bf73bcd6bc3682b4d3f83cd199789090c84
src_6e9eb7f5d233,2026-10-03T15:02:05.782Z,200,success,f2f97fa6fc16fe05b036d1c021a6a7f629bdfabd73dc2a316248da8786882903
src_0946a7cc5cfb,2026-10-03T15:02:06.772Z,200,success,6967f7baee9cf8337e3d71538172e9b0464bc7b2da6c9f1af01df474a42854a8
src_f9078e7eddb3,2026-10-03T15:38:44.552Z,200,success,27c10635b03d7c24d544ca3640e87045297dd9811244775c901d78aeea1eb544
src_fd3351236900,2026-10-03T16:52:59.936Z,200,success,caf8e275157b66c4761f6ab9280005d1fe5f600b98cf6ec9c3da0919878b46dd
src_22fefd6fc574,2026-10-03T16:53:01.075Z,200,success,39e2bdb23cf8bfb43a42df3457e52cd7fcef85c57f02242e4747de2a99c0d3bd
src_0adf08e78b00,2026-10-03T16:53:02.968Z,200,success,786700a8415b561ff1d42dd1c6f56ad051b0b0b12e3e4762d96839c723ff467e
src_5e4b0ff5dd36,2026-10-03T16:53:04.219Z,200,success,f0624f8a6eb77f8d825bb50d20801edd94e03551116e27ab49764499b049a6d5
src_fd99c43283f3,2026-10-03T16:53:05.166Z,200,success,f8fc61a6f059c1071b49e30960946fec7217a4d3a054bc76af980d36c1314665
src_054c00a7b03c,2026-10-03T16:53:06.032Z,200,success,e4b81d3c0da8bd9098b6b2e7db6c366e2aeddb08a9666e6669aed2d9b8a76c6b
src_fd3351236900,2026-10-04T14:07:35.516Z,200,success,caf8e275157b66c4761f6ab9280005d1fe5f600b98cf6ec9c3da0919878b46dd
src_22fefd6fc574,2026-10-04T14:07:36.420Z,200,success,39e2bdb23cf8bfb43a42df3457e52cd7fcef85c57f02242e4747de2a99c0d3bd
src_0adf08e78b00,2026-10-04T14:07:38.087Z,200,success,786700a8415b561ff1d42dd1c6f56ad051b0b0b12e3e4762d96839c723ff467e
src_5e4b0ff5dd36,2026-10-04T14:07:39.051Z,200,success,f0624f8a6eb77f8d825bb50d20801edd94e03551116e27ab49764499b049a6d5
src_fd99c43283f3,2026-10-04T14:07:39.999Z,200,success,f8fc61a6f059c1071b49e30960946fec7217a4d3a054bc76af980d36c1314665
src_054c00a7b03c,2026-10-04T14:07:40.871Z,200,success,e4b81d3c0da8bd9098b6b2e7db6c366e2aeddb08a9666e6669aed2d9b8a76c6b
src_fd3351236900,2026-10-05T17:11:52.073Z,200,success,caf8e275157b66c4761f6ab9280005d1fe5f600b98cf6ec9c3da0919878b46dd
src_22fefd6fc574,2026-10-05T17:11:52.984Z,200,success,39e2bdb23cf8bfb43a42df3457e52cd7fcef85c57f02242e4747de2a99c0d3bd
src_0adf08e78b00,2026-10-05T17:11:54.661Z,200,success,786700a8415b561ff1d42dd1c6f56ad051b0b0b12e3e4762d96839c723ff467e
src_5e4b0ff5dd36,2026-10-05T17:11:55.649Z,200,success,543ac1e3bb4a9a015cccc2be8869b4f893dd8b9bb6dd6bbe61da3c3cb5036df1
src_fd99c43283f3,2026-10-05T17:11:56.606Z,200,success,83d2ce528f94fff8411a719cb4f00d4b69efb760b57e52051ec1cda94aae4ee5
src_054c00a7b03c,2026-10-05T17:11:57.483Z,200,success,e4b81d3c0da8bd9098b6b2e7db6c366e2aeddb08a9666e6669aed2d9b8a76c6b
src_3bbf709ff718,2026-10-06T06:01:45.273Z,200,success,626649ba18331fa4204fad818b74a087a642a25d264b7a53d82a4ea8acddfeed
src_3bbf709ff718,2026-10-06T13:24:32.003Z,200,success,0b9bc8ab9d4a85cfa21339ead62c3274c1aa68e6002e1e40b09b63b29cec5687
src_3bbf709ff718,2026-10-06T14:10:47.285Z,200,success,ab667d6040b80021295e6795dd1dc738f0dd50cf5b94b636ded1b4d932f8f503
src_3bbf709ff718,2026-10-06T15:05:15.672Z,200,success,f23cf0de219b5c863bf8a01b9a2dce3c457f60ff63df5f9179b983fa4089e9da
src_3bbf709ff718,2026-10-06T15:12:38.413Z,200,success,5c01752fbd9064901c4e26aab4302a95fefcf3eb6ed3ade3be91750a4f61185e
src_fd3351236900,2026-10-06T15:16:22.123Z,200,success,caf8e275157b66c4761f6ab9280005d1fe5f600b98cf6ec9c3da0919878b46dd
src_22fefd6fc574,2026-10-06T15:16:23.042Z,200,success,39e2bdb23cf8bfb43a42df3457e52cd7fcef85c57f02242e4747de2a99c0d3bd
src_3bbf709ff718,2026-10-06T15:16:23.953Z,200,success,5c01752fbd9064901c4e26aab4302a95fefcf3eb6ed3ade3be91750a4f61185e
src_0adf08e78b00,2026-10-06T15:16:24.842Z,200,success,dba5fb5b3f1040334b7bafc5bb669149dc8b80358105f0bb23e9723992e00ea4
src_5e4b0ff5dd36,2026-10-06T15:16:25.814Z,200,success,68ce08daa0806fbdd10541c4854c5582488e1361b5f14e279d6b9a1f929b562f
src_fd99c43283f3,2026-10-06T15:16:26.716Z,200,success,8438ffc967af91936292fcd6b1883b60b4e725bc917c704872c4f1081e2af937
src_054c00a7b03c,2026-10-06T15:16:27.697Z,200,success,619a18c693a4bc95bcda09209bfc9db818cda8ff7910e77d4da1c05639cf7f33
src_fd3351236900,2026-10-07T15:36:12.890Z,200,success,caf8e275157b66c4761f6ab9280005d1fe5f600b98cf6ec9c3da0919878b46dd
src_22fefd6fc574,2026-10-07T15:36:13.802Z,200,success,39e2bdb23cf8bfb43a42df3457e52cd7fcef85c57f02242e4747de2a99c0d3bd
src_3bbf709ff718,2026-10-07T15:36:14.680Z,200,success,460975ae47ab034598954326569c6f1421528c49cfce898a7f8bc38ed5b8ebf5
src_0adf08e78b00,2026-10-07T15:36:15.567Z,200,success,dba5fb5b3f1040334b7bafc5bb669149dc8b80358105f0bb23e9723992e00ea4
src_5e4b0ff5dd36,2026-10-07T15:36:16.591Z,200,success,9531f645b400040de189f8ea42ac468454817eb96ba26d3c84f21498d9643682
src_fd99c43283f3,2026-10-07T15:36:17.499Z,200,success,8438ffc967af91936292fcd6b1883b60b4e725bc917c704872c4f1081e2af937
src_054c00a7b03c,2026-10-07T15:36:18.391Z,200,success,686785f70f24de09d106b05a8ba06c2158d19a5e65013feb2ad296fd80067424
src_fd3351236900,2026-10-08T15:40:40.610Z,200,success,caf8e275157b66c4761f6ab9280005d1fe5f600b98cf6ec9c3da0919878b46dd
src_22fefd6fc574,2026-10-08T15:40:41.526Z,200,success,39e2bdb23cf8bfb43a42df3457e52cd7fcef85c57f02242e4747de2a99c0d3bd
src_3bbf709ff718,2026-10-08T15:40:42.402Z,200,success,54cede8615254740634bd2309311159231225a14c401bebafac46b553ffb934d
src_0adf08e78b00,2026-10-08T15:40:43.291Z,200,success,dba5fb5b3f1040334b7bafc5bb669149dc8b80358105f0bb23e9723992e00ea4
src_5e4b0ff5dd36,2026-10-08T15:40:44.333Z,200,success,9531f645b400040de189f8ea42ac468454817eb96ba26d3c84f21498d9643682
src_fd99c43283f3,2026-10-08T15:40:45.239Z,200,success,8438ffc967af91936292fcd6b1883b60b4e725bc917c704872c4f1081e2af937
src_054c00a7b03c,2026-10-08T15:40:46.123Z,200,success,686785f70f24de09d106b05a8ba06c2158d19a5e65013feb2ad296fd80067424
