source_id,sha256,pages,numeric_cells,status,ocr_status
src_b0ef08f0bdfb,c26a5170a309c1bee75c6b84dfec4c54b42ce987b62c9d4bb6250fbfac209d24,17,64,digital_cells_require_semantic_review,not_requested
src_e4c70ec5dd92,a9af62cedd785826b216531b071333d7a846986a7d529dab5c3809f175ab0a9a,17,66,digital_cells_require_semantic_review,not_requested
src_b57789261106,4357ed937cdc0116f88e540c0518e399792cc2bf5f3e54617747f5d86cd8ea80,19,144,digital_cells_require_semantic_review,not_requested
src_06599b3ec306,45ef3c494d73b914d3e9d07f773510841c7c9a728a68e9030504317afab94850,21,145,digital_cells_require_semantic_review,not_requested
src_b2d99a2a3c38,d2ec197c1896852d7b95140647d7405612f6c1bde73328638c3d10ffb773a120,24,0,scanned_or_no_numeric_cells,not_requested
src_cfa059b20a2d,e8bef6257887da713b73ea0b1eb67f8d943917e2f9e1101494b66833a64e07e6,22,358,digital_cells_require_semantic_review,not_requested
src_8e7bf04b4fe1,3437feac111fe3521b20e35fc4dffdfd10edb512536f61610fd4f1d3065afda6,20,0,scanned_or_no_numeric_cells,not_requested
src_59f64ad94c02,74bb0fa4cecff099ec0bb078e87815b7ffc8537653f336355a02c6b65e35c5cc,19,0,scanned_or_no_numeric_cells,not_requested
src_3b92b8cc26b6,100f73b90c8c6e6349bc59d21ccbebd56cd423fbb46bf769e1f9ca632f2bf328,20,0,scanned_or_no_numeric_cells,not_requested
src_251ab0443811,5efe9ce6bce21ac4a39ff001f6fbdf91e0e017e24bc456b28bef501d7c3b322c,21,0,scanned_or_no_numeric_cells,not_requested
src_392003166bb2,a356d94859a7c793d932709c26c5fe27ce17d6bd7234f0194b2e266a2163ec0e,23,0,scanned_or_no_numeric_cells,not_requested
src_cd2c60ae4c6f,ea8e15f8be9934e2b5ed789dd18a181b6fc24bb39265b3b6466dd95b7fdd98a1,16,15,digital_cells_require_semantic_review,not_requested
src_01db39f4e4f2,a890f6acc620d987b21d3b51804b5dc362d3cc52423c41e977adc95e434e3ce3,23,239,digital_cells_require_semantic_review,not_requested
src_8344685c75c9,ad913cbc216e3623c1e93b098748b502ba61b0d0dd9949528d450a3347c9af51,20,54,digital_cells_require_semantic_review,not_requested
src_4130101dd276,40f6e6c030a1518dd08599323bfc6b946b8af4d7acaef53a2386d56d67ab830a,21,41,digital_cells_require_semantic_review,not_requested
src_65edafd16f87,7df4d175c88b3e8f88abdd367dcb75a3d987e872cfec1f986c5ebd4e927b15c2,18,57,digital_cells_require_semantic_review,not_requested
src_7dd31b970087,6135c2b3c6fe3edff415c49abb3d3cf789a30d0717a07095f0cc2046e1bc587c,25,173,digital_cells_require_semantic_review,not_requested
src_21aaee328a50,995a34acfb78fce4f6d3142bd5aacd6a7ccb1950ce2aa4b3664c20a89402e979,21,173,digital_cells_require_semantic_review,not_requested
src_8577ec740ac7,3e53ba30811e4d3c28494f7291832b81f1858ce8c89a3103fe452d9ba5ae3ee9,20,304,digital_cells_require_semantic_review,not_requested
src_ac0cb08c837d,249e0ad8804f911345d0d7cde8b24dfaedb51ac691f37f2fdc0cb42318013ca8,22,72,digital_cells_require_semantic_review,not_requested
src_0e7cf8e163b5,cd140a657e14b7658df6b480217fe959ac4ca746bd7775bdc8450e05f37e1892,22,506,digital_cells_require_semantic_review,not_requested
src_f5ccbf4af143,8ff56cabc5b001553edc1fae566f0468be7530956d63f0b48fc3bd7a1817a7eb,11,0,scanned_or_no_numeric_cells,draft_requires_visual_review
src_b9dde0657417,284ec6032bba35e549eb2511f58bc8247e6806a6015cf59205012a0114b757d2,6,11,digital_cells_require_semantic_review,not_requested
src_e7b880c95d34,3b933d51164f06c053a32b79e842bc4bfe0df5c965079679f3e782a918d082bb,6,1,digital_cells_require_semantic_review,not_requested
src_7b1f1238df02,8b8f4e9c53d482ee4ae177e7faad7882fe6a346cf978af3d29f0f0d4deaa9ac3,20,75,digital_cells_require_semantic_review,not_requested
src_adc81a41ea0d,b8d702a31ac5b862d0eaf63af6dacc9d2a01865e96a26fd6a2d510a1a5cb3b20,21,38,digital_cells_require_semantic_review,not_requested
src_0d1d6cdde36f,3af4bb83e0ed828520dac5343588f8ed30f998d549fa33044fdc83d5ee608f77,17,125,digital_cells_require_semantic_review,not_requested
src_3cb676498080,682c48821eb0a16c32a680a83e9d2bfbaa3a06bc8fe617d56b095961343dd690,18,0,scanned_or_no_numeric_cells,not_requested
src_cdfd61f2d179,442efc57b56827262995c7b029e13cbdd09ec6f3a6c5639698d2a58ad73b62b1,24,4,digital_cells_require_semantic_review,not_requested
src_dd068e225997,274bbf9d9a07ab3bec97e9bf63cf07034297c45906915c3a2e280520fa3d925a,20,0,scanned_or_no_numeric_cells,not_requested
src_7e9e3954bd04,d609d8e56c44a6d43212780addf0ea87e06292d3646c4534b2116c160378242f,19,70,digital_cells_require_semantic_review,not_requested
src_73c753ead3d5,c4c1f8f0e2ec870ffeab0d83783b191d65faab8c5d70ae2a91e44956c82c64bc,21,70,digital_cells_require_semantic_review,not_requested
src_d2b064deac6f,5d55eac9d499f8d6348fc0edf927147dd7ee1cbf5c4a8de96cc97cf448bfa1f7,13,0,scanned_or_no_numeric_cells,not_requested
src_558d29f3a92b,9031708c996e51a5d161d2ddbad37cdc4881265e3bbdeaae98d586675c6574d9,19,74,digital_cells_require_semantic_review,not_requested
src_c5c8ca7eeeec,3425bc58591f96f6a38b502c6ee17707ba1922e9fc690a2cf3658720fcf47acc,21,205,digital_cells_require_semantic_review,not_requested
src_77b4511c2119,731848ebf4fc0d2a25829f2b90dbe10bdfb3418276c3f184c5ff8a5de86bd7c2,21,126,digital_cells_require_semantic_review,not_requested
src_f495bda36f8d,db6012d9d513e877da09cd90abcdcca42c5b6209087067bc79182d5a60b36c85,16,0,scanned_or_no_numeric_cells,not_requested
src_d99abe36efb8,5a2dfa1c76aae234e3abbd54b9f9166eb54d85a99c20e9ddfcb1f966fe4203ef,22,225,digital_cells_require_semantic_review,not_requested
src_c6d71d6d580d,172e7972589924a658c545af1d83f814f53db9f462c8f60b9a1f0b789c880591,19,36,digital_cells_require_semantic_review,not_requested
src_0430ecbf1742,67d042d0c164406f934ad46efc2be356bcd6d85d9d5914d7bd9c96077507f11f,19,90,digital_cells_require_semantic_review,not_requested
src_9cbc327320c6,31016f64609c0681759d80aa5aa48f908756790bebbe853e1e31e7eea5e0ee97,16,0,scanned_or_no_numeric_cells,not_requested
src_84d64b0bbdff,cc16a9e042c55c434934a66832f1936dab8832719d545544f63822b40ebf49f8,25,0,scanned_or_no_numeric_cells,not_requested
src_4fb8bcb556fb,b4b8fb40c163d4e89dcd93008606dd7fc59bb7d9c8ac972b80b626ff558585b2,20,0,scanned_or_no_numeric_cells,not_requested
src_5e280cd552cb,dcf768c32a205f2c33db52457897726d60987cdb42a992a335620ef70150e183,17,0,scanned_or_no_numeric_cells,not_requested
src_0d28abe6a2f0,4a8e24f1816289ddba962523d522f1414974012818ef120dd1b4003fffb6ee21,20,0,scanned_or_no_numeric_cells,not_requested
src_63d4ba97bf4f,07f0dd28af86be8a8451bd96b5316fe0d879bf5df7fadb28a64d8f413404dc6b,18,0,scanned_or_no_numeric_cells,not_requested
src_40e521c05526,50a0943b73af5e1c84acf00cff6c7ed1667cea271970dbb6984e36a56465531a,19,27,digital_cells_require_semantic_review,not_requested
src_e50ac29d2302,cc6a3c493459f6107fe7400d38a00f752b7161d375b45c32997245cf66a279d6,16,956,digital_cells_require_semantic_review,not_requested
src_4199d4233974,59673990d224087e36bc29f943d72af2f3dbdbb03b6c356176ba775d38f324e5,20,0,scanned_or_no_numeric_cells,not_requested
src_390a840e73f7,45fc49461a059b5bfe51bb915c974291ae8b9c0d5b48f943d2a2247ca8545c00,21,150,digital_cells_require_semantic_review,not_requested
src_31f2eb3b2622,c89b25879a716ce6591f00af40981e9bc61174b6747e73a884c16cf5f35f35ad,17,137,digital_cells_require_semantic_review,not_requested
src_d4169719140d,e04ed8a92e07abecec6de6a79c2216f0004e6825c84a0d32083463a922a161c1,20,0,scanned_or_no_numeric_cells,not_requested
src_e22f007bbf1a,bddc422f6eae1a47b17f61f6a42411ae10a6424431a5ba36523508651fdfbfa0,25,8,digital_cells_require_semantic_review,not_requested
src_fed3b569ec4c,f3fdb8517d3306e23b05bcdebc0c155300fb03f72971b440693e684245500d7c,21,261,digital_cells_require_semantic_review,not_requested
src_575d2987addb,91e2f7126e6a86380d9aaf2ffe984f349c81e8292c955419fc57eef88b5dabf8,17,0,scanned_or_no_numeric_cells,not_requested
src_39edca168dc8,34f9d4a2465b1c6ace8a13a6bc0c5dcb295051bffdcbc19351b5c1a381133105,19,0,scanned_or_no_numeric_cells,not_requested
src_13e09283669f,32b003ea686c456594f1f1a61b01aaecc63966fc2e233b19b8a24f0c09c9e3bc,20,9,digital_cells_require_semantic_review,not_requested
src_ce10886d40ac,bce4e2c7056dae7efd238471ca6ec38d22925c45887f26552469c06eacf749e7,14,0,scanned_or_no_numeric_cells,not_requested
src_01653decb21f,d5504bbcfd3af01da7a8dd65b588d24849bf85453ef773f3d79e5e4b868f4a1f,22,0,scanned_or_no_numeric_cells,not_requested
src_cc5cdeafbc27,b8a069467103e63826cb3ae7402743c2ed4285ddaf7c09cf073f3397bb52291e,19,0,scanned_or_no_numeric_cells,not_requested
src_b26df8df1011,47d51cd8eec7f6702665355b4cb47decbc1d908f8103df6c6de4b5581ddb113f,22,230,digital_cells_require_semantic_review,not_requested
src_da98722f41f3,a27ee1754ad1390edd7e4b364c30c6cbd8754ab6e72d86c4e63a1e6b5b253da4,17,11,digital_cells_require_semantic_review,not_requested
src_9d9a4eb99727,69db730312d0be89505581175b8213d5ed754b2d711878ef08182783aedb7017,22,273,digital_cells_require_semantic_review,not_requested
src_ed34c69c5ecd,26cce243bff186746970ff4ff21b25b6708b524824002ce452393f61ab0355fc,19,35,digital_cells_require_semantic_review,not_requested
src_d5d3dc32bb16,ba08581d11ae0be11caf68588524ea23c8b325bdd680d959645dfe7907a47d6b,20,0,scanned_or_no_numeric_cells,not_requested
src_a6523fa7d68d,ef75baf5a8565cc5d2f89f8feaa0d873c6066fc65af994a15524a8bdc4be8556,29,21,digital_cells_require_semantic_review,not_requested
src_08f6d4dd797b,0b44cb8776b0a3dd7ca6434bfed7f5dd226a9a2e674d4e02a8593129597e1dad,28,3,digital_cells_require_semantic_review,not_requested
src_71fd573af26d,dd4ad9d4df48473ea8f7496378f7c8b3a9e2523d713c5c940df11bfe790518d6,19,6,digital_cells_require_semantic_review,not_requested
src_6dbb95ae2ee7,e0af1ba4c03472a6f6e31fbbbdf3eaca698105ecf8a63cedfb26f0b5e91d85ac,44,1254,digital_cells_require_semantic_review,not_requested
src_22d2ccbe1ef9,d5fca5c3ff7276b8d47612cfa6d02a46001a75259c77ad712e6ee44694aa721a,6,0,scanned_or_no_numeric_cells,not_requested
src_904bc4c13c21,273f735aa20a99476727f465a2846400b20c770dceea8993153cca51161dd414,20,66,digital_cells_require_semantic_review,not_requested
src_8c6e64b8b7dd,9d068707b21c92de6ae0df88aac15c6dfd8b6dfc5129eb0de37a50c5b251b02d,18,1103,digital_cells_require_semantic_review,not_requested
src_4030453a1a09,571f3a0588705f7c35bcda1e56b608330035871ccf389bc370321bc8fce613a6,6,0,scanned_or_no_numeric_cells,not_requested
src_9b242a7b20c0,18dcf0b3c166742e5c56968bd7f1509e548d4efd982f6996d2eed553fcff3eb7,6,0,scanned_or_no_numeric_cells,not_requested
src_197bee911bd5,cc2308134ebe766827b9d8c0f352bb6a1742d325c24c01f2d1cbc6a0d1298088,5,0,scanned_or_no_numeric_cells,not_requested
src_563344971807,960c8d9ca9451d1362c2c7e09e454fa24735522964dcbd0bc2badcfce650d573,5,0,scanned_or_no_numeric_cells,not_requested
src_3457d4b19498,c8d5558e9669f0dd717d309762708cc2f5dfebdaa233aa75b5d5d7770ebbbce7,5,0,scanned_or_no_numeric_cells,not_requested
src_8b46f44f81a2,2a11c14a7a6ca99210e18f1271f6b5c0efc4708d6e77597ac22d4c10c7297866,20,0,scanned_or_no_numeric_cells,not_requested
src_c670b2ad96cd,b93e8cd576066b4a61cf6c991b428dc22f574eebdadd03a19e869bb689a2f5d6,17,41,digital_cells_require_semantic_review,not_requested
src_447546851c00,f96debbc70938ff9478c7e4fd373d345bddc1bbf8c9065d940d1911a00b44926,18,67,digital_cells_require_semantic_review,not_requested
src_c684e6486512,fd36c609a024b3bdc4203f262ac67a6c5300380e80f58f84d3726cea870975bf,20,0,scanned_or_no_numeric_cells,not_requested
src_be60303b8e1a,7a33e0cf1292197df1f074d6b56123b71831805ac62b12bd16de1873c4dc086b,19,0,scanned_or_no_numeric_cells,not_requested
src_d5493b320855,fc5069e2b2dba5db16d170fc2bef9aaa1ecfafe159cb0c378b8d10d971049592,25,136,digital_cells_require_semantic_review,not_requested
src_4ac6705b1733,08a14af1bcec086350904856092564a7d17051159d58df2006778aa010ead39b,28,55,digital_cells_require_semantic_review,not_requested
src_172d80020f33,067d482bf4545c36804d5eaa1c83faa70400cd28bcbbc1458e2cf79d45fbc553,17,0,scanned_or_no_numeric_cells,not_requested
src_9760322a26cc,ee6bda4c5d194682ab25727302a5cbdcb2e8640e51131932064abb676bb3b9ca,20,0,scanned_or_no_numeric_cells,not_requested
src_8fac60efafa5,9e89e4f169ab960c9c4c7e7489bdfe22f7cd8452a154da4531bf172f8fad7d54,20,148,digital_cells_require_semantic_review,not_requested
src_b5b4cb2a6f00,fbb60a3d26643193c18d1ac00c9421bbae1603f18f3061b94c1af6363e220bee,17,0,scanned_or_no_numeric_cells,not_requested
src_99371d5e70de,6021f00ed7d656aadd71a0e9895858bc0a354843ca75219ee2a1dd83eb5fa041,9,0,scanned_or_no_numeric_cells,not_requested
src_33f448bae42f,863230f93410965dc7a1ca8f5cf01cb1505ba4707be61e8301e05e8fec8bcc2f,19,0,scanned_or_no_numeric_cells,not_requested
src_71f42be68dcf,a7657551d0ee6f5818415ba507e2f5c51b92e2b4d12878f3a6349a9785c783cb,24,213,digital_cells_require_semantic_review,not_requested
src_1d3134adf692,951f8caccb95335a6c1865fc0eeeea41f08f783c3a7d807cb537c8aa46f8e19d,17,0,scanned_or_no_numeric_cells,not_requested
src_845baa6b22e3,0408bf4ad4833158607b45c3c37a8b7d5a38575662b6b11cdea6910ad755cf3d,20,0,scanned_or_no_numeric_cells,not_requested
src_0b7a46df3ff2,800378169c24032826572ba66598cc1f87435a7dbd2efe9a122b4101833f16a4,19,25,digital_cells_require_semantic_review,not_requested
src_eca05b07125b,51af737ab537db79f301516b7ce10adb67bbea9a70a3bb4233449be199b9d656,17,42,digital_cells_require_semantic_review,not_requested
src_16def4ce33a4,7fd063d884ae4d888dee0b2a7f314b02aa5e6b0e7b1e168df5b833a4bf0d7325,16,0,scanned_or_no_numeric_cells,not_requested
src_e7445643d3d4,1569f8dbafb5537323e0053127dc1089c0a0f0f3cd99f8857245c5854669e892,9,0,scanned_or_no_numeric_cells,not_requested
src_3d51b813921f,6c2470158c934b2c439e13ed993a4edcee409f1ec2948d3c814df34bb3a01c2c,27,0,scanned_or_no_numeric_cells,not_requested
src_06c98e429bbc,703052a9cf85afca641628e214daccae93a06099bd2c13e71b4741cb49245d9a,19,0,scanned_or_no_numeric_cells,not_requested
src_dd29e2c459c7,002d667e2cace017d15916111f3fe20cf29cc444ae2eddc4b1f962d16a97024e,17,0,scanned_or_no_numeric_cells,not_requested
src_945db0e19a86,55b54b53f55d7d8041f0276a8ba783af2e8d57d2b830e602d1258facf71d6b79,54,1389,digital_cells_require_semantic_review,not_requested
src_50e87f4bc76d,6867a5a0a44b4a41d22b348ee663f8e4108364cdf93f1112a917cfbf8ac3d620,20,8,digital_cells_require_semantic_review,not_requested
src_ef3f44f8c54b,ef28f4ef3b9972e55cee43d742a2ea756f77a3c802431de3664c3a9fd29e90a4,25,1277,digital_cells_require_semantic_review,not_requested
src_f87b90873988,edde3272c72895c6e6e89ecaab6211ddd7272b8fa194b0c53d7a39dc993f61ac,8,0,scanned_or_no_numeric_cells,not_requested
src_20b050cb2b74,a895b06750d66ced1900c07776e0cb8518b7afbe396bbb43be3fc5222daaba4d,6,0,scanned_or_no_numeric_cells,not_requested
src_678ea79704de,9137f603ffba4a024cfa625aaff778c235284bdcc1c88d6c4a0a45e9644a7868,6,0,scanned_or_no_numeric_cells,not_requested
src_2a046ae04271,4d3cc5b40e8cb9e299b02962a774ba653dc79137c0089eec657d388421daefbb,6,0,scanned_or_no_numeric_cells,not_requested
src_14dc136c3aa7,06c4974a62b93fdfb49af624bbecb9cac8205313fce6e9e874226ab782b4152d,6,0,scanned_or_no_numeric_cells,not_requested
src_ade90b033b7a,1db944ed378a1b1ed7de78d366bbe28e801b587fdddf1e0f66e5f4fdaebac6d4,6,0,scanned_or_no_numeric_cells,not_requested
src_214987e95e50,c113bf9ed515f1445230eb9387471d7910b28303402a71251c5ef44403781b2b,6,0,scanned_or_no_numeric_cells,not_requested
src_65713a00c1bc,9d1d7b4e3dc0cbeb8ec29a40ec3b007d7b225fb7abbb2895a4c6b9f3b0309c5f,6,0,scanned_or_no_numeric_cells,not_requested
src_cbaf90c3a68c,3f715c07ef344f6deb17a94574e17ec75325eb8444edb582e082075a75ff9f25,6,0,scanned_or_no_numeric_cells,not_requested
src_cdff887a5b04,bf15d93cbb5265a71c1277b6531540ec3767c31526e6f2ecaf81ed5b2974b758,6,0,scanned_or_no_numeric_cells,not_requested
src_c96ce46e6374,384bc3c1b9b8eaa654c1e0aecf1f20f2957425a3ed4b1fda2919f09d3dd390d9,6,0,scanned_or_no_numeric_cells,not_requested
src_bea0d9ef1d15,214f8e41b22ed93840de595c4ba615c0b721dbfd4315da66f1f136c5b4c8110a,6,0,scanned_or_no_numeric_cells,not_requested
src_04c89e4f89ee,a2613b1d5731f42d52aca5c3ed82da2379c6b0c61e9fbcc47e4d05c24658993a,6,0,scanned_or_no_numeric_cells,not_requested
src_9af91896facf,f1df58baaef60836e4ad7161424ed3a86d93bd9f0e9ad3f94b18d6daed2e861c,6,0,scanned_or_no_numeric_cells,not_requested
src_b09d549f52ad,4009a84510779bfa638c102f9ab921b329fbb81fe5d3099bd6be0db564fca86d,6,0,scanned_or_no_numeric_cells,not_requested
src_183a98cc0bf4,8bc60ddcb2cb06600eae9a136a6db2a8175916bf9b563165e9ab361f466c8d23,17,0,scanned_or_no_numeric_cells,not_requested
src_d69ef57bf71f,c6c929589d8faa22154f201fdb2ee585265a1aa95c20459ac6593b6e8f8a503a,17,0,scanned_or_no_numeric_cells,not_requested
src_2ec4ed615282,39e5df7ee3aed7897ba7892512fa0815c65ba8cc1e19edeb8526172ea9b6a0f5,17,0,scanned_or_no_numeric_cells,not_requested
src_839eb18fb2a9,78f75993b09a5ac6efd1cbebf99c3cf03e92cb9d6053de9afcc5a44e6b16720e,23,279,digital_cells_require_semantic_review,not_requested
src_6b9a22aa98e9,6b59923f808683c266a716d2379fa19cb6789f5843c9b5678501ee1bc47bf136,15,0,scanned_or_no_numeric_cells,not_requested
src_73b4206cabc5,22951020fdfdd6f953cfbeebdeb0b44dddd2451cb24cf813cf0931b4486d767b,17,0,scanned_or_no_numeric_cells,not_requested
src_27ed207ba624,428c6b2c421121e5935b0f5342aede5d1e4c0f947b1a63c7b0b417f41c81a061,19,0,scanned_or_no_numeric_cells,not_requested
src_5077ea4ccdc5,61d75c47b2a2142deb601371b829e9de546500bc6360a8f3ba57835b2c06ac4e,17,0,scanned_or_no_numeric_cells,not_requested
src_87672327e22a,c5b06e60afc7a56473758154e838542ba6734bddb63ff595f02a0cfad4bbef66,20,141,digital_cells_require_semantic_review,not_requested
src_d9a571d64a43,b6cf82bdab397ad698eefb7abcd2aadd43ace753fe0ced6b3bc0df1dc383d8be,17,0,scanned_or_no_numeric_cells,not_requested
src_9a1ea8f29823,e2e7143880a817af31c9eb2b0eda0d4b0cdce70a6aa3babcfef82a58b8c2da3f,19,0,scanned_or_no_numeric_cells,not_requested
src_f87c3bf527a2,1c5e05b2c74b08241edcf8b42a235cd077b1682192cf5b644831312285e0554e,15,57,digital_cells_require_semantic_review,not_requested
src_9f2f0f6c475b,7cab1bde2bc2663984b4d9171b33bc6a6f3573032f417f1ecb78f58fd358e70d,18,0,scanned_or_no_numeric_cells,not_requested
src_083d5316a9d7,bce0d75e44cac68bd406439a5a5686de92b54ff7c7edf70b8a08875218e2f04a,15,0,scanned_or_no_numeric_cells,not_requested
src_03307f0efba9,cbca1e34368974d9d1829c9a6d846843756b85a311b7c81e46353eba17a9aa90,20,0,scanned_or_no_numeric_cells,not_requested
src_8de2ad80413f,70715880e4d22c40e11cb0295c0bc28c98b838f85bec54fb272ad948bbb654f8,27,212,digital_cells_require_semantic_review,not_requested
src_c5dc594cb4e3,21b6bfe2f781fc5f95392b6cc33e06c9fc723db5e80c36b7b8f41387cab9c422,13,0,scanned_or_no_numeric_cells,not_requested
src_3418ed630670,3734046f1cdd754a28deefd3b64c524fe7812ed8564e7e9e9848620617419834,20,0,scanned_or_no_numeric_cells,not_requested
src_90967c6f4fa3,fa576227bea49e449e07c46701cede47eee9de68a700f2604cae07c4cf686b92,19,373,digital_cells_require_semantic_review,not_requested
src_7d9f5a4ca37e,2f70e6f9a74f464b638583eebae95802ffb6bff65263f477828016cd1eb0ef43,17,0,scanned_or_no_numeric_cells,not_requested
src_3881b6441404,3a797cac978a7973caa6c9bb98828a0cfec3a960631cddeb1aac926dbb663328,22,1229,digital_cells_require_semantic_review,not_requested
src_466e1d461a11,ce0168f5b7bddc29a73ca398b0f7ac7b60d0277508def81ecde4bf8a26add49c,8,0,scanned_or_no_numeric_cells,not_requested
src_a5755d671651,9a588d2c326b10926141ce8259661d162bb42e7867efdd547443ee691f4c1eb2,8,0,scanned_or_no_numeric_cells,not_requested
src_fb2651494845,fecfdabc4a5e07bf2a6aa0df7329157d63ba9564c5624f1f8af8e10ecef7ad01,17,0,scanned_or_no_numeric_cells,not_requested
src_115a079ab306,4997b579152da97023527287aac2f1cf3ac4a3c87b995ebe1206ae1f1187541e,16,0,scanned_or_no_numeric_cells,not_requested
src_c77306c24d74,06ace551518ff2a76e90b86251606885481b1f7af0cf9dd0d0e1257cef142794,22,0,scanned_or_no_numeric_cells,not_requested
src_54b48e4576fa,0882578f4c81f05cfbe2f9607e8d3d78ee81fe1f9b8495168d778c7d174dca5b,17,0,scanned_or_no_numeric_cells,not_requested
src_1a978f7fe3c7,1b7c1b8b91da0d6317e624da9ad6a6ce4b8f5e8ada6b0a6bcc1446b6cb8c3068,17,0,scanned_or_no_numeric_cells,not_requested
src_140312574af1,d30f43e87b1bf7b07dabcb5219761fb0117f7429427d801f0f61b619577e3491,17,21,digital_cells_require_semantic_review,not_requested
src_6a1b5d8db7aa,4c322635ce37ea60fe2cf95414565efc13e5dee3934dcd6ecd825078d9245e2a,14,8,digital_cells_require_semantic_review,not_requested
src_2cdc699b6ab3,c89dacac1a6bdc761b9bf09e6cb3f5b435823a160734e90e7c5abc89848e5f47,20,133,digital_cells_require_semantic_review,not_requested
src_194531bf16f2,b3a992fc8254a97587fedb61dd5154b62752b73c0021d94f3285c9daec6addf0,18,0,scanned_or_no_numeric_cells,not_requested
src_8762a1d8570a,f8a238102907c9f0ceb045a14a1d820b9ee672d5021dc31e34312522e90fed74,18,0,scanned_or_no_numeric_cells,not_requested
src_c58af81ddc84,dc4847af24ca9133773cce0f303d6387f64e72fad7506bfbdc30500c59a6ed39,17,0,scanned_or_no_numeric_cells,not_requested
src_47f2e29d249f,fa33f83ce01e303fc0949e40088779044865c5d6d5a86af2406dd552b193c567,18,0,scanned_or_no_numeric_cells,not_requested
src_8461772fb5b1,1df81f0fd64aef54f18c41e927b01d072fa36be68d8d2c10b2667a61c8966c4b,15,0,scanned_or_no_numeric_cells,not_requested
src_0491eb92dd0d,4405cf35b31022641ed400f31200046816e74a129624f8c4adc7ef48864208c8,16,67,digital_cells_require_semantic_review,not_requested
src_83b822a4511b,d0cdafc7480107ec14b4ca90870d77ddb14023e968a5c7c48661a8c3b7a78dfb,24,0,scanned_or_no_numeric_cells,not_requested
src_8d74c4a9707d,2ecad078387e5579d67dd776346de7f56607a94670154c1d1700ae040b5d28d9,17,0,scanned_or_no_numeric_cells,not_requested
src_4b97d93847fb,d59342fd7ba52cbbdaa9a51af2671467dd0211f0e3bf129bfea2ff6f74d36e84,20,0,scanned_or_no_numeric_cells,not_requested
src_30aa6da0cc8f,7db9922b90ac1cf26be3f26e8255bd4e7e0323ed59d76a5835417030ed2f06f1,24,35,digital_cells_require_semantic_review,not_requested
src_379eae41d674,05bb12ea27eeb81329d193614ed68f77e39b974aa396527f2e2e53c6c4b498db,16,33,digital_cells_require_semantic_review,not_requested
src_739db2c62342,910dd917f19aa2c0dc978223c10071e4f3fc47b930780297c682c46ce1e7cf13,12,0,scanned_or_no_numeric_cells,not_requested
src_3350f46b5b55,ea6065c0824439997e64c0f63f747ceac2c1a2fcca902d30c35af1b88f7155e9,24,1589,digital_cells_require_semantic_review,not_requested
src_f4a3c2665490,338ba171df9aaeb448cb8c3eecb843cf7538d86f1fce79ea6792cf54afc2f8e3,8,0,scanned_or_no_numeric_cells,not_requested
src_52df0c4c5fd7,785403adfa69b11df8cbf67e81d8c06d24526044d5424d0494068a52526b5253,8,0,scanned_or_no_numeric_cells,not_requested
src_70c6575d406d,c028ad604a82d3b6fb2c3081f9af89c82ef136647d9e94d3303be370603af739,9,14,digital_cells_require_semantic_review,not_requested
src_7ad103d64f43,63d6c52f717a1b97683bb7ce39859ae6330353bf3e7e02de4a4df36b3483ea56,17,123,digital_cells_require_semantic_review,not_requested
src_e772efa2dca2,116ecd8d43c05d6683f909f1ed99856a1b34031c759ed56c8a7885a113db7031,18,0,scanned_or_no_numeric_cells,not_requested
src_7be8c2b29cc2,fc39dcc1cf6e2ab77e5d339f53e5d774697925167898c363289b5c44aafaca7c,24,16,digital_cells_require_semantic_review,not_requested
src_1577b9d7a614,ce2bd2c1513b65b2d7057285b671260a4d9848be8ee4563ba7afae46860d6e5b,16,130,digital_cells_require_semantic_review,not_requested
src_54dae94ab22e,ee1e26568816af488e16b40ff0ad625f36d570369d162006562ac5458c495284,17,0,scanned_or_no_numeric_cells,not_requested
src_9db479e4b0d2,1e67c62f215b52993d9150aabc87d9440e0194374556560c52eba77c5d052571,17,0,scanned_or_no_numeric_cells,not_requested
src_64a4ea49bec9,8bea57619c5359ba5710170aad4d18b11b1af767570d14c5cf890a676c48574c,20,191,digital_cells_require_semantic_review,not_requested
src_6d6e4dbbb41c,cd1b928a5c91370b11b4a81c5acfbae59b15feed8a712650843b403fd0eda84c,17,0,scanned_or_no_numeric_cells,not_requested
src_10de0010b623,b64d5c3094d24955079799fc28d46dee994b6bd641b1c06a4753c22dc4931836,19,0,scanned_or_no_numeric_cells,not_requested
src_e468ade1c431,4889a474e7b85a48aba505a1dcc19aa560ba7a75b9db91b020b052fd648b51f8,19,132,digital_cells_require_semantic_review,not_requested
src_ae55a9b3eed8,8beab2c9839212e17badba4f50aaa7647a0d0aa74f6c89552f46ea30c4d4190e,18,0,scanned_or_no_numeric_cells,not_requested
src_34151d79a5b3,89ad1500017c411e0d811b7ff1af34f2eb4fffa582846d06718ab6d64f8db939,14,0,scanned_or_no_numeric_cells,not_requested
src_04c37da3c24d,aa389cee6bec6dd4341b9d9005831e38a78b33320d379378e9666b4d308299ac,15,42,digital_cells_require_semantic_review,not_requested
src_db7488a5731c,039533645dd65a56f6b6d0fa55b6c399b64275da93e735d7c33bf1f346347447,26,461,digital_cells_require_semantic_review,not_requested
src_cdf7b135c1b5,04f8ba13039ab63f5b5b1a30862866c719b1dd681437146d09fba8eb24fe1aad,17,0,scanned_or_no_numeric_cells,not_requested
src_f8958dbeb42a,052dba282453338de7c5b29b9bda77be0d3ed84c438d9856545b4b75c072fcb7,21,258,digital_cells_require_semantic_review,not_requested
src_01dced0b049a,4df1b33200b6fc0e15159f2022492341e9b509d2ec6e94194e4e8956c9541ed9,15,0,scanned_or_no_numeric_cells,not_requested
src_a302b48cf94d,10d51a3ecffd9b2a5ff1e1c8a93b89e124131cc4ebb1e18075d067cdb7f2e240,44,0,scanned_or_no_numeric_cells,not_requested
src_a58efc86a53b,48e97ed90316d86f30c6eec5e807dde6f613e3425049782e739dc16a7e72242c,17,51,digital_cells_require_semantic_review,not_requested
src_cd6992b2ac73,5b26c084d2e9a921e13b35cdaac38633598e390e537d0ae92800274b6929c218,24,1682,digital_cells_require_semantic_review,not_requested
src_fa55dc6c0172,ab7c645761db741bf7acd15f4b1e0ce8ac13f515500a2f33841853f25a2afc01,9,11,digital_cells_require_semantic_review,not_requested
src_6efacfc3cc2b,a0015cda3c7dfad435a75df57c23e9af5f11620c0c39c519360c7fd78b8c2105,6,0,scanned_or_no_numeric_cells,not_requested
src_04c15c593c29,c9b69a2ffd9e48622befff8bdc6e3e48c89e2b88d164cd6eee1de71c8a4f2767,6,0,scanned_or_no_numeric_cells,not_requested
src_81d75ee6bec2,d351fbf00a303557c0751f9f8ce7cc1b401390c6b41b44b3fdebf94d81c2cccc,6,8,digital_cells_require_semantic_review,not_requested
src_57a86a9a7233,a2faaabbb0e8da1d1b6990d317f9c6b6b406caf2f2306e11d21cdca3c0958ed9,6,3,digital_cells_require_semantic_review,not_requested
src_4d318dab12bb,d81ebdbfbe2f827384466131e789101c9ab9884f37a0de57bd6877b9c808d1f4,143,1991,digital_cells_require_semantic_review,not_requested
src_2757b8f9e694,ec90215a03cdbfa254aba659a33b24a9684ac536180feb46a6cb919c5ed07771,144,2631,digital_cells_require_semantic_review,not_requested
src_c91c894a665a,3c2f8aebb1699dce1baa94de75c5debcb43d474a15df9933c6be0a762ef256d5,153,1974,digital_cells_require_semantic_review,not_requested
src_33bf1e694f01,26547e60832543480800b4934232d0104d5cda9ac547818504a66fbde98f24f2,167,2067,digital_cells_require_semantic_review,not_requested
src_1ad1d7d4bce2,1b98b3c6e9c4a57461251ce9d37fba40de11f09db6b7df35a8d8b996a0353178,1,43,digital_cells_require_semantic_review,not_requested
src_b6b8da657b49,0c26f4c0e849e882dc5706d94e6e06e712295fb61915ef9d4916f6c9ea70e2ae,2,56,digital_cells_require_semantic_review,not_requested
src_e8dfdf2d589b,0c6ac078d8e2cc704a58f6c82847814c87e2d65b2591b8e788d3e1a37bcd21bb,1,53,digital_cells_require_semantic_review,not_requested
src_fcb0c6109e23,3d8eb0535a4254c1635984b8640453a45f4be77f23bb3db365e9ba47c84b3872,2,53,digital_cells_require_semantic_review,not_requested
src_cbd9eaeff4c7,e043e5dc01dc7d6fcecb41ae51bdc87389dd0f0b2be7a43fbdf3e5e41d6352a4,2,61,digital_cells_require_semantic_review,not_requested
src_b91168ebe47f,d68043bc0b5be1474064e874d1bb4f1a4b7b0d82e946f3aa1d7c8afd629e08a8,2,66,digital_cells_require_semantic_review,not_requested
src_a38edcb55657,ea899ec39e199975c5754d4db7f3297a731fc41c3e386a8c613d7c5f65373ac2,2,56,digital_cells_require_semantic_review,not_requested
src_cfe22416fb0b,7edabcfd58433fde1dc106d958277b6914a669dde8998854d03a37fa76d134c4,1,42,digital_cells_require_semantic_review,not_requested
src_f097f1933104,c0a8ae9485305a4e3943651911c78f874ebf83877f6c568b59dd61729ebfd969,2,58,digital_cells_require_semantic_review,not_requested
src_85c842ba25d7,e64c3849408ce5baa91b522a60e89a2b12c5baa52a28b064f9dde1f5766c22d6,2,66,digital_cells_require_semantic_review,not_requested
src_0e99e006f132,2518244231496846f297eddd7376536203bb58f8647f8151020871dba2abeb2b,5,177,digital_cells_require_semantic_review,not_requested
src_9ddc65070b51,f39950c9218d91d139546babc8f27690ab6f25f6750e81d31a1353c5f7349a5e,1,38,digital_cells_require_semantic_review,not_requested
src_7edae706c80f,cf45d108134e0c38eaeab61fc843a322abd23d7b01a22f61c7872f3f021af880,4,142,digital_cells_require_semantic_review,not_requested
src_a835da1cb6e8,1b53337e963c8e1c47022211261e8b662cc22ae3b17bc22ec63884b7bc3d5140,3,89,digital_cells_require_semantic_review,not_requested
src_2efb37ecb0cc,8c25c00ef11c0b0f26fa4cc5750ac432a84aec687a11dcbc276fd136e7d1ce29,2,49,digital_cells_require_semantic_review,not_requested
src_bc27f2afd192,3b293063b3452c8a12381b5cb72956248f26e23762c83513fa34e509ff3f82db,2,57,digital_cells_require_semantic_review,not_requested
src_e0df11670b07,2044ec145c12cdea95890b0bc1761b36e8e553a308d99fa2be0ad351391157f7,3,0,scanned_or_no_numeric_cells,not_requested
src_a1b8ce3f9327,41f4626777eeb1c7becd7cca9209e1af30f444df18e10e7255d221db97898fe2,4,0,scanned_or_no_numeric_cells,not_requested
src_599c155a843f,72fdff6f9119078503f9d85aa1cc6695ee2bbf6ab2bfe09637f732f4b15c1b12,1,38,digital_cells_require_semantic_review,not_requested
