review_hash,source_id,source_page,entity_name_source,review_status,review_method,reviewed_on
9d4b5e83c5a159720aea6770d3f3d304b5d9a4fd8e12d20f50bac67bf24ded86,src_f5ccbf4af143,1,Alliance pour la famille et les communautés,visually_verified,Comparaison des huit cellules numériques TOTAL DE L’ENTITÉ avec pages PDF rendues; tirets laissés manquants; correction des libellés OCR.,2026-10-03
c578e47203c7dcbb367bc696042c92eadc30573ad5079d0c87108a5662866a67,src_f5ccbf4af143,1,Bloc Montréal - Équipe Balarama Holness,visually_verified,Comparaison des huit cellules numériques TOTAL DE L’ENTITÉ avec pages PDF rendues; tirets laissés manquants; correction des libellés OCR.,2026-10-03
68aff8f30c2c2d16a4d7de4236c204271defc2d470c11632d900782c8c0fc8d7,src_f5ccbf4af143,1,Bloc pot,visually_verified,Comparaison des huit cellules numériques TOTAL DE L’ENTITÉ avec pages PDF rendues; tirets laissés manquants; correction des libellés OCR.,2026-10-03
1e038aced1966d2587e7d193328b5e1fab99162c2f706ef8e2aa9ac340ede381,src_f5ccbf4af143,1,Coalition avenir Québec,visually_verified,Comparaison des huit cellules numériques TOTAL DE L’ENTITÉ avec pages PDF rendues; tirets laissés manquants; correction des libellés OCR.,2026-10-03
69e4151172ca694cfe1e71648442a9514365c1cdf63b03d6348fa8b95593f079,src_f5ccbf4af143,1,Climat Québec,visually_verified,Comparaison des huit cellules numériques TOTAL DE L’ENTITÉ avec pages PDF rendues; tirets laissés manquants; correction des libellés OCR.,2026-10-03
91bdf570ed4cda19650a0a292cad085d1adecd0f99b8839f5cbc31815a279af7,src_f5ccbf4af143,2,Démocratie directe,visually_verified,Comparaison des huit cellules numériques TOTAL DE L’ENTITÉ avec pages PDF rendues; tirets laissés manquants; correction des libellés OCR.,2026-10-03
b1fd241a1768397d5b655fafb34a459dc02bec568e0cc7d7e0d4c77241c1ddf0,src_f5ccbf4af143,2,Équipe autonomiste,visually_verified,Comparaison des huit cellules numériques TOTAL DE L’ENTITÉ avec pages PDF rendues; tirets laissés manquants; correction des libellés OCR.,2026-10-03
73975186ae224dd705fb290084ec4040d387b009d445302eb1140f76ff04a5af,src_f5ccbf4af143,2,Parti accès propriété et équité,visually_verified,Comparaison des huit cellules numériques TOTAL DE L’ENTITÉ avec pages PDF rendues; tirets laissés manquants; correction des libellés OCR.,2026-10-03
bd0addbf28945c00ddfb4896e5ac12d18de63fdb51b80d7ee8523e97d43483de,src_f5ccbf4af143,2,Parti conservateur du Québec,visually_verified,Comparaison des huit cellules numériques TOTAL DE L’ENTITÉ avec pages PDF rendues; tirets laissés manquants; correction des libellés OCR.,2026-10-03
080e834ec9bb348d8bbae90ecb184b863e7e65357faf65d3a3c49ae644e5bd57,src_f5ccbf4af143,3,Parti communiste du Québec,visually_verified,Comparaison des huit cellules numériques TOTAL DE L’ENTITÉ avec pages PDF rendues; tirets laissés manquants; correction des libellés OCR.,2026-10-03
70766d9637e8c7f53efa9cdd3215500153f37813be8373681d8ac9680211a608,src_f5ccbf4af143,3,Parti canadien du Québec / Canadian Party of Québec,visually_verified,Comparaison des huit cellules numériques TOTAL DE L’ENTITÉ avec pages PDF rendues; tirets laissés manquants; correction des libellés OCR.,2026-10-03
fac2fb5ee94f82917daeef619aa866c432b03d33b036d7b71a628d190da7b379,src_f5ccbf4af143,3,Parti culinaire du Québec,visually_verified,Comparaison des huit cellules numériques TOTAL DE L’ENTITÉ avec pages PDF rendues; tirets laissés manquants; correction des libellés OCR.,2026-10-03
7b4dca2f2e9be19b63c45773e5c48131491bdbb78e4c0a06d47fba96db369d0f,src_f5ccbf4af143,3,Parti libertarien du Québec,visually_verified,Comparaison des huit cellules numériques TOTAL DE L’ENTITÉ avec pages PDF rendues; tirets laissés manquants; correction des libellés OCR.,2026-10-03
6ddc9ad92b7f1c467d555b3c09627a6dfd492b937fd976c98e16c7c978552415,src_f5ccbf4af143,9,Parti libéral du Québec/Quebec Liberal Party,visually_verified,Comparaison des huit cellules numériques TOTAL DE L’ENTITÉ avec pages PDF rendues; tirets laissés manquants; correction des libellés OCR.,2026-10-03
f3c6e58d875440afb7a7707785a7faec500ff32abf8206de1aa71b66b752174c,src_f5ccbf4af143,9,Parti marxiste-léniniste du Québec,visually_verified,Comparaison des huit cellules numériques TOTAL DE L’ENTITÉ avec pages PDF rendues; tirets laissés manquants; correction des libellés OCR.,2026-10-03
d40bfc15c84814d20dcf88f5432312824d9214cf1785f31769fb4d74df5eaa64,src_f5ccbf4af143,9,Parti nul,visually_verified,Comparaison des huit cellules numériques TOTAL DE L’ENTITÉ avec pages PDF rendues; tirets laissés manquants; correction des libellés OCR.,2026-10-03
4c791f7c8b3ab929e341110420e66fb6470173753d1f882570d5630c0bbd7775,src_f5ccbf4af143,9,Parti québécois,visually_verified,Comparaison des huit cellules numériques TOTAL DE L’ENTITÉ avec pages PDF rendues; tirets laissés manquants; correction des libellés OCR.,2026-10-03
cdd5bfaf481d2cb39652acf7d14db9e77d7fdf2c599adf76ecf0e38686965f4e,src_f5ccbf4af143,10,Présence Québec,visually_verified,Comparaison des huit cellules numériques TOTAL DE L’ENTITÉ avec pages PDF rendues; tirets laissés manquants; correction des libellés OCR.,2026-10-03
33217964863011589b1df52eb9e4d889ba64adcb88aa4a7b11423f636c671ea1,src_f5ccbf4af143,10,Parti vert du Québec/Green Party of Québec,visually_verified,Comparaison des huit cellules numériques TOTAL DE L’ENTITÉ avec pages PDF rendues; tirets laissés manquants; correction des libellés OCR.,2026-10-03
19ff67d72e207018027f952281ae093ff935dc6ccf3d9d9e3aff6881094c7c30,src_f5ccbf4af143,10,Québec innovant,visually_verified,Comparaison des huit cellules numériques TOTAL DE L’ENTITÉ avec pages PDF rendues; tirets laissés manquants; correction des libellés OCR.,2026-10-03
09737fcecb2773802af1ef99ec231583b7d9cadaea5363537b8bdf7e476eec3e,src_f5ccbf4af143,11,Québec solidaire,visually_verified,Comparaison des huit cellules numériques TOTAL DE L’ENTITÉ avec pages PDF rendues; tirets laissés manquants; correction des libellés OCR.,2026-10-03
d5d644c43f93990268bec07ef013dada661e8edacedd5f892274e068a0a6c942,src_f5ccbf4af143,11,Union nationale,visually_verified,Comparaison des huit cellules numériques TOTAL DE L’ENTITÉ avec pages PDF rendues; tirets laissés manquants; correction des libellés OCR.,2026-10-03
