source_id,raw_sha256,source_page,line_label_source,source_numeric_column,table,financial_year,entity_name_source,review_status
src_0e7cf8e163b5,cd140a657e14b7658df6b480217fe959ac4ca746bd7775bdc8450e05f37e1892,5,Produits [page 9],1,party_finance_income,2025,Québec solidaire,digital_layout_and_pdf_visually_verified
src_0e7cf8e163b5,cd140a657e14b7658df6b480217fe959ac4ca746bd7775bdc8450e05f37e1892,5,Ressources humaines [page 9],1,party_finance_expenses,2025,Québec solidaire,digital_layout_and_pdf_visually_verified
src_0e7cf8e163b5,cd140a657e14b7658df6b480217fe959ac4ca746bd7775bdc8450e05f37e1892,5,Dépenses ayant trait aux élections [page 9],1,party_finance_expenses,2025,Québec solidaire,digital_layout_and_pdf_visually_verified
src_0e7cf8e163b5,cd140a657e14b7658df6b480217fe959ac4ca746bd7775bdc8450e05f37e1892,5,Administration [page 10],1,party_finance_expenses,2025,Québec solidaire,digital_layout_and_pdf_visually_verified
src_0e7cf8e163b5,cd140a657e14b7658df6b480217fe959ac4ca746bd7775bdc8450e05f37e1892,5,Coordination de l'action politique [page 10],1,party_finance_expenses,2025,Québec solidaire,digital_layout_and_pdf_visually_verified
src_0e7cf8e163b5,cd140a657e14b7658df6b480217fe959ac4ca746bd7775bdc8450e05f37e1892,5,Communications et diffusion [page 10],1,party_finance_expenses,2025,Québec solidaire,digital_layout_and_pdf_visually_verified
src_0e7cf8e163b5,cd140a657e14b7658df6b480217fe959ac4ca746bd7775bdc8450e05f37e1892,7,Excédent des produits sur les charges,1,party_cashflows,2025,Québec solidaire,digital_layout_and_pdf_visually_verified
src_0e7cf8e163b5,cd140a657e14b7658df6b480217fe959ac4ca746bd7775bdc8450e05f37e1892,7,Perte sur disposition d'actifs,1,party_cashflows,2025,Québec solidaire,digital_layout_and_pdf_visually_verified
src_0e7cf8e163b5,cd140a657e14b7658df6b480217fe959ac4ca746bd7775bdc8450e05f37e1892,7,Amortissement des immobilisations corporelles,1,party_cashflows,2025,Québec solidaire,digital_layout_and_pdf_visually_verified
src_0e7cf8e163b5,cd140a657e14b7658df6b480217fe959ac4ca746bd7775bdc8450e05f37e1892,7,Créances,1,party_cashflows,2025,Québec solidaire,digital_layout_and_pdf_visually_verified
src_0e7cf8e163b5,cd140a657e14b7658df6b480217fe959ac4ca746bd7775bdc8450e05f37e1892,7,Frais payés d’avance,1,party_cashflows,2025,Québec solidaire,digital_layout_and_pdf_visually_verified
src_0e7cf8e163b5,cd140a657e14b7658df6b480217fe959ac4ca746bd7775bdc8450e05f37e1892,7,Fournisseurs et charges à payer,1,party_cashflows,2025,Québec solidaire,digital_layout_and_pdf_visually_verified
src_0e7cf8e163b5,cd140a657e14b7658df6b480217fe959ac4ca746bd7775bdc8450e05f37e1892,7,Flux de trésorerie liés aux activités de fonctionnement,1,party_cashflows,2025,Québec solidaire,digital_layout_and_pdf_visually_verified
src_0e7cf8e163b5,cd140a657e14b7658df6b480217fe959ac4ca746bd7775bdc8450e05f37e1892,7,Acquisition d’immobilisations corporelles,1,party_cashflows,2025,Québec solidaire,digital_layout_and_pdf_visually_verified
src_0e7cf8e163b5,cd140a657e14b7658df6b480217fe959ac4ca746bd7775bdc8450e05f37e1892,7,Variation du dépôt de loyer et services publics,1,party_cashflows,2025,Québec solidaire,digital_layout_and_pdf_visually_verified
src_0e7cf8e163b5,cd140a657e14b7658df6b480217fe959ac4ca746bd7775bdc8450e05f37e1892,7,Flux de trésorerie liés aux activités d'investissement,1,party_cashflows,2025,Québec solidaire,digital_layout_and_pdf_visually_verified
src_0e7cf8e163b5,cd140a657e14b7658df6b480217fe959ac4ca746bd7775bdc8450e05f37e1892,7,Augmentation de la trésorerie et équivalents de trésorerie,1,party_cashflows,2025,Québec solidaire,digital_layout_and_pdf_visually_verified
src_0e7cf8e163b5,cd140a657e14b7658df6b480217fe959ac4ca746bd7775bdc8450e05f37e1892,7,Trésorerie et équivalents de trésorerie au début,1,party_cashflows,2025,Québec solidaire,digital_layout_and_pdf_visually_verified
src_0e7cf8e163b5,cd140a657e14b7658df6b480217fe959ac4ca746bd7775bdc8450e05f37e1892,7,Trésorerie et équivalents de trésorerie à la fin,1,party_cashflows,2025,Québec solidaire,digital_layout_and_pdf_visually_verified
src_0e7cf8e163b5,cd140a657e14b7658df6b480217fe959ac4ca746bd7775bdc8450e05f37e1892,7,Encaisse,1,party_cashflows,2025,Québec solidaire,digital_layout_and_pdf_visually_verified
src_0e7cf8e163b5,cd140a657e14b7658df6b480217fe959ac4ca746bd7775bdc8450e05f37e1892,7,Placement temporaire,1,party_cashflows,2025,Québec solidaire,digital_layout_and_pdf_visually_verified
src_0e7cf8e163b5,cd140a657e14b7658df6b480217fe959ac4ca746bd7775bdc8450e05f37e1892,8,Encaisse,1,party_balance_sheet,2025,Québec solidaire,digital_layout_and_pdf_visually_verified
src_0e7cf8e163b5,cd140a657e14b7658df6b480217fe959ac4ca746bd7775bdc8450e05f37e1892,8,"Placement temporaire, au coût",1,party_balance_sheet,2025,Québec solidaire,digital_layout_and_pdf_visually_verified
src_0e7cf8e163b5,cd140a657e14b7658df6b480217fe959ac4ca746bd7775bdc8450e05f37e1892,8,Créances [note 3],1,party_balance_sheet,2025,Québec solidaire,digital_layout_and_pdf_visually_verified
src_0e7cf8e163b5,cd140a657e14b7658df6b480217fe959ac4ca746bd7775bdc8450e05f37e1892,8,Frais payés d’avance,1,party_balance_sheet,2025,Québec solidaire,digital_layout_and_pdf_visually_verified
src_0e7cf8e163b5,cd140a657e14b7658df6b480217fe959ac4ca746bd7775bdc8450e05f37e1892,8,Immobilisations corporelles [note 4],1,party_balance_sheet,2025,Québec solidaire,digital_layout_and_pdf_visually_verified
src_0e7cf8e163b5,cd140a657e14b7658df6b480217fe959ac4ca746bd7775bdc8450e05f37e1892,8,Dépôt de loyer et services publics,1,party_balance_sheet,2025,Québec solidaire,digital_layout_and_pdf_visually_verified
src_0e7cf8e163b5,cd140a657e14b7658df6b480217fe959ac4ca746bd7775bdc8450e05f37e1892,8,Fournisseurs et charges à payer [note 6],1,party_balance_sheet,2025,Québec solidaire,digital_layout_and_pdf_visually_verified
src_0e7cf8e163b5,cd140a657e14b7658df6b480217fe959ac4ca746bd7775bdc8450e05f37e1892,8,Grevé d'affectations internes [note 7],1,party_balance_sheet,2025,Québec solidaire,digital_layout_and_pdf_visually_verified
src_0e7cf8e163b5,cd140a657e14b7658df6b480217fe959ac4ca746bd7775bdc8450e05f37e1892,8,Non grevé d'affectations,1,party_balance_sheet,2025,Québec solidaire,digital_layout_and_pdf_visually_verified
