check,source_id,first_observed_at,last_error_at,status,resolution,historical_error_details
geometry,src_038f7589e400,2026-10-03T14:28:30.843Z,2026-10-03T14:28:30.843Z,corrected_parser_current_build_succeeded,Source relue dans la reconstruction complète réussie; contrôler le rapport actuel et la provenance pour les tables concernées.,cannot open file 'data/interim/geography/98f8b968f5bdc9bd0c9e4fa389543f895d3304b9d1b51edd174517beef9db32f/Circonscriptions_<82>lectorales_2017_shapefile.dbf': Illegal byte sequence
legacy_elections:ballots,NA,2026-10-03T15:43:35.337Z,2026-10-03T15:47:41.346Z,official_source_issue_preserved,"Valeurs officielles conservées; exception limitée à la table, unité et empreinte dans known_source_issues.csv.",exprimés = valides + rejetés
legacy_historical_district_results:ballots,NA,2026-10-03T15:43:35.346Z,2026-10-03T15:47:41.355Z,official_source_issue_preserved,"Valeurs officielles conservées; exception limitée à la table, unité et empreinte dans known_source_issues.csv.",exprimés = valides + rejetés
legacy_json,src_04249426efff,2026-10-03T15:13:31.237Z,2026-10-03T15:13:31.237Z,corrected_parser_current_build_succeeded,Source relue dans la reconstruction complète réussie; contrôler le rapport actuel et la provenance pour les tables concernées.,Can't combine `..1$party_code_source` <character> and `..2$party_code_source` <integer>.
legacy_json,src_23a95c0b8ace,2026-10-03T15:13:31.034Z,2026-10-03T15:13:31.034Z,corrected_parser_current_build_succeeded,Source relue dans la reconstruction complète réussie; contrôler le rapport actuel et la provenance pour les tables concernées.,Can't combine `..1$party_code_source` <character> and `..2$party_code_source` <integer>.
legacy_json,src_2d4e90d4e476,2026-10-03T15:13:31.171Z,2026-10-03T15:13:31.171Z,corrected_parser_current_build_succeeded,Source relue dans la reconstruction complète réussie; contrôler le rapport actuel et la provenance pour les tables concernées.,Can't combine `..1$party_code_source` <character> and `..2$party_code_source` <integer>.
legacy_json,src_335c9751e725,2026-10-03T15:13:31.077Z,2026-10-03T15:13:31.077Z,corrected_parser_current_build_succeeded,Source relue dans la reconstruction complète réussie; contrôler le rapport actuel et la provenance pour les tables concernées.,Can't combine `..1$party_code_source` <character> and `..2$party_code_source` <integer>.
legacy_json,src_46b2b80361d8,2026-10-03T15:13:31.197Z,2026-10-03T15:13:31.197Z,corrected_parser_current_build_succeeded,Source relue dans la reconstruction complète réussie; contrôler le rapport actuel et la provenance pour les tables concernées.,Can't combine `..1$party_code_source` <character> and `..2$party_code_source` <integer>.
legacy_json,src_4e9171631c9b,2026-10-03T15:13:31.155Z,2026-10-03T15:13:31.155Z,corrected_parser_current_build_succeeded,Source relue dans la reconstruction complète réussie; contrôler le rapport actuel et la provenance pour les tables concernées.,Can't combine `..1$party_code_source` <character> and `..2$party_code_source` <integer>.
legacy_json,src_53258148a5e9,2026-10-03T15:13:31.101Z,2026-10-03T15:13:31.101Z,corrected_parser_current_build_succeeded,Source relue dans la reconstruction complète réussie; contrôler le rapport actuel et la provenance pour les tables concernées.,Can't combine `..1$party_code_source` <character> and `..2$party_code_source` <integer>.
legacy_json,src_68477afa07d6,2026-10-03T15:13:31.221Z,2026-10-03T15:13:31.221Z,corrected_parser_current_build_succeeded,Source relue dans la reconstruction complète réussie; contrôler le rapport actuel et la provenance pour les tables concernées.,Can't combine `..1$party_code_source` <character> and `..2$party_code_source` <integer>.
legacy_json,src_81c5fe8d1b02,2026-10-03T15:13:31.118Z,2026-10-03T15:13:31.118Z,corrected_parser_current_build_succeeded,Source relue dans la reconstruction complète réussie; contrôler le rapport actuel et la provenance pour les tables concernées.,Can't combine `..1$party_code_source` <character> and `..2$party_code_source` <integer>.
legacy_json,src_8f0698d69120,2026-10-03T15:13:31.090Z,2026-10-03T15:13:31.090Z,corrected_parser_current_build_succeeded,Source relue dans la reconstruction complète réussie; contrôler le rapport actuel et la provenance pour les tables concernées.,Can't combine `..1$party_code_source` <character> and `..2$party_code_source` <integer>.
legacy_json,src_9869ef080ebd,2026-10-03T15:13:31.184Z,2026-10-03T15:13:31.184Z,corrected_parser_current_build_succeeded,Source relue dans la reconstruction complète réussie; contrôler le rapport actuel et la provenance pour les tables concernées.,Can't combine `..1$party_code_source` <character> and `..2$party_code_source` <integer>.
legacy_json,src_9ef2a7b66e04,2026-10-03T15:13:31.130Z,2026-10-03T15:13:31.130Z,corrected_parser_current_build_succeeded,Source relue dans la reconstruction complète réussie; contrôler le rapport actuel et la provenance pour les tables concernées.,Can't combine `..1$party_code_source` <character> and `..2$party_code_source` <integer>.
legacy_json,src_a0bedefcbbb2,2026-10-03T15:13:31.248Z,2026-10-03T15:13:31.248Z,corrected_parser_current_build_succeeded,Source relue dans la reconstruction complète réussie; contrôler le rapport actuel et la provenance pour les tables concernées.,Can't combine `..1$party_code_source` <character> and `..2$party_code_source` <integer>.
legacy_json,src_c0d45adf2a1b,2026-10-03T15:13:31.143Z,2026-10-03T15:13:31.143Z,corrected_parser_current_build_succeeded,Source relue dans la reconstruction complète réussie; contrôler le rapport actuel et la provenance pour les tables concernées.,Can't combine `..1$party_code_source` <character> and `..2$party_code_source` <integer>.
legacy_json,src_d0efa9a1d2ca,2026-10-03T15:13:31.209Z,2026-10-03T15:13:31.209Z,corrected_parser_current_build_succeeded,Source relue dans la reconstruction complète réussie; contrôler le rapport actuel et la provenance pour les tables concernées.,Can't combine `..1$party_code_source` <character> and `..2$party_code_source` <integer>.
legacy_json,src_d46eedaf6c55,2026-10-03T15:13:31.047Z,2026-10-03T15:13:31.047Z,corrected_parser_current_build_succeeded,Source relue dans la reconstruction complète réussie; contrôler le rapport actuel et la provenance pour les tables concernées.,Can't combine `..1$party_code_source` <character> and `..2$party_code_source` <integer>.
legacy_json,src_fc8fc11eea9d,2026-10-03T15:13:31.064Z,2026-10-03T15:13:31.064Z,corrected_parser_current_build_succeeded,Source relue dans la reconstruction complète réussie; contrôler le rapport actuel et la provenance pour les tables concernées.,Can't combine `..1$party_code_source` <character> and `..2$party_code_source` <integer>.
legacy_polling,src_52c4ab07b017,2026-10-03T15:32:36.111Z,2026-10-03T15:39:40.523Z,corrected_parser_current_build_succeeded,Source relue dans la reconstruction complète réussie; contrôler le rapport actuel et la provenance pour les tables concernées.,Colonnes de bulletins absentes dans bloc historique
legacy_polling,src_97943df8aee2,2026-10-03T15:13:36.307Z,2026-10-03T15:29:52.616Z,corrected_parser_current_build_succeeded,Source relue dans la reconstruction complète réussie; contrôler le rapport actuel et la provenance pour les tables concernées.,Territoire historique ambigu : ¿les-de-la-Madeleine
legacy_polling,src_e1bd95cfcae7,2026-10-03T15:13:34.365Z,2026-10-03T15:29:51.762Z,corrected_parser_current_build_succeeded,Source relue dans la reconstruction complète réussie; contrôler le rapport actuel et la provenance pour les tables concernées.,Territoire historique ambigu : ¿les-de-la-Madeleine
supplemental,src_e91d45d3f2aa,2026-10-03T14:21:36.920Z,2026-10-03T14:28:28.998Z,corrected_parser_current_build_succeeded,Source relue dans la reconstruction complète réussie; contrôler le rapport actuel et la provenance pour les tables concernées.,Feuille démographique introuvable
transform,src_02de9feae13c,2026-10-03T14:09:27.975Z,2026-10-03T14:09:27.975Z,corrected_parser_current_build_succeeded,Source relue dans la reconstruction complète réussie; contrôler le rapport actuel et la provenance pour les tables concernées.,Colonnes circonscription manquantes
transform,src_04249426efff,2026-10-03T15:09:23.590Z,2026-10-03T15:09:23.590Z,corrected_parser_current_build_succeeded,Source relue dans la reconstruction complète réussie; contrôler le rapport actuel et la provenance pour les tables concernées.,the condition has length > 1
transform,src_0ce80283f028,2026-10-03T14:09:28.211Z,2026-10-03T14:09:28.211Z,corrected_parser_current_build_succeeded,Source relue dans la reconstruction complète réussie; contrôler le rapport actuel et la provenance pour les tables concernées.,cannot open file 'data/interim/polls/6269a5a5ed76d8c579c79c88f1780bec124e45675f71b75dc3b07f6322ae1207/Richelieu_R<82>sultats officiels_20150309.csv': Illegal byte sequence
transform,src_0fb95c6f3b76,2026-10-03T14:09:28.246Z,2026-10-03T14:09:28.246Z,corrected_parser_current_build_succeeded,Source relue dans la reconstruction complète réussie; contrôler le rapport actuel et la provenance pour les tables concernées.,cannot open file 'data/interim/polls/a3a7400acdd123d8f22301ebb9ff7cf10f54d9f1e4195cd515041fe2efc84b9f/DGE-80.10_C<93>te-du-Sud_sans_SE.csv': Illegal byte sequence
transform,src_1320ae322de0,2026-10-03T14:09:28.252Z,2026-10-03T14:09:28.252Z,corrected_parser_current_build_succeeded,Source relue dans la reconstruction complète réussie; contrôler le rapport actuel et la provenance pour les tables concernées.,Colonnes circonscription manquantes
transform,src_23a95c0b8ace,2026-10-03T15:09:25.915Z,2026-10-03T15:09:25.915Z,corrected_parser_current_build_succeeded,Source relue dans la reconstruction complète réussie; contrôler le rapport actuel et la provenance pour les tables concernées.,the condition has length > 1
transform,src_2d4e90d4e476,2026-10-03T15:09:28.319Z,2026-10-03T15:09:28.319Z,corrected_parser_current_build_succeeded,Source relue dans la reconstruction complète réussie; contrôler le rapport actuel et la provenance pour les tables concernées.,the condition has length > 1
transform,src_324607d7dfe9,2026-10-03T14:09:30.707Z,2026-10-03T14:09:30.707Z,corrected_parser_current_build_succeeded,Source relue dans la reconstruction complète réussie; contrôler le rapport actuel et la provenance pour les tables concernées.,cannot open file 'data/interim/polls/87dfcb40e5c15c03400baac769218ba206d873305982f81a4367d32157c3aab8/2017-10-02/Louis-H<82>bert_R<82>sultats officiels_20171002.csv': Illegal byte sequence
transform,src_335c9751e725,2026-10-03T15:09:30.572Z,2026-10-03T15:09:30.572Z,corrected_parser_current_build_succeeded,Source relue dans la reconstruction complète réussie; contrôler le rapport actuel et la provenance pour les tables concernées.,the condition has length > 1
transform,src_3c0feca35341,2026-10-03T14:09:30.768Z,2026-10-03T14:09:30.768Z,corrected_parser_current_build_succeeded,Source relue dans la reconstruction complète réussie; contrôler le rapport actuel et la provenance pour les tables concernées.,cannot open file 'data/interim/polls/e1a7ebd45acd1152ce6f437724312affb81f6702a1066d3afb6ee7fa51f1a758/L<82>vis_R<82>sultats officiels_20141020.csv': Illegal byte sequence
transform,src_46b2b80361d8,2026-10-03T15:09:36.849Z,2026-10-03T15:09:36.849Z,corrected_parser_current_build_succeeded,Source relue dans la reconstruction complète réussie; contrôler le rapport actuel et la provenance pour les tables concernées.,the condition has length > 1
transform,src_4b31782ef406,2026-10-03T14:09:33.931Z,2026-10-03T14:09:33.931Z,corrected_parser_current_build_succeeded,Source relue dans la reconstruction complète réussie; contrôler le rapport actuel et la provenance pour les tables concernées.,cannot open file 'data/interim/polls/54260fb53117882655e195065eaf83e49593aa102d39ac2f93d8ba48b658c9b5/Chauveau_R<82>sultats officiels_20150608.csv': Illegal byte sequence
transform,src_4e9171631c9b,2026-10-03T15:09:36.989Z,2026-10-03T15:09:36.989Z,corrected_parser_current_build_succeeded,Source relue dans la reconstruction complète réussie; contrôler le rapport actuel et la provenance pour les tables concernées.,the condition has length > 1
transform,src_53258148a5e9,2026-10-03T15:09:40.590Z,2026-10-03T15:09:40.590Z,corrected_parser_current_build_succeeded,Source relue dans la reconstruction complète réussie; contrôler le rapport actuel et la provenance pour les tables concernées.,the condition has length > 1
transform,src_68477afa07d6,2026-10-03T15:09:41.064Z,2026-10-03T15:09:41.064Z,corrected_parser_current_build_succeeded,Source relue dans la reconstruction complète réussie; contrôler le rapport actuel et la provenance pour les tables concernées.,the condition has length > 1
transform,src_70d5ee7502b1,2026-10-03T14:09:38.167Z,2026-10-03T14:09:38.167Z,corrected_parser_current_build_succeeded,Source relue dans la reconstruction complète réussie; contrôler le rapport actuel et la provenance pour les tables concernées.,cannot open file 'data/interim/polls/53f6cc135c27757786ef3824e6727edd8dbba3e59ea841d88515b2d66664ef14/2018-12-10/Roberval_R<82>sultats officiels_20181210.csv': Illegal byte sequence
transform,src_71477ce5c01a,2026-10-03T14:09:38.173Z,2026-10-03T14:09:38.173Z,corrected_parser_current_build_succeeded,Source relue dans la reconstruction complète réussie; contrôler le rapport actuel et la provenance pour les tables concernées.,cannot open file 'data/interim/polls/d7c32e3d92d9e8d967398b10871e10618283dfb0d78680d3e9f50f0fcce4472f/2016-04-11/Chicoutimi_R<82>sultats officiels_20160411.csv': Illegal byte sequence
transform,src_71826904d44e,2026-10-03T14:09:38.183Z,2026-10-03T14:09:38.183Z,corrected_parser_current_build_succeeded,Source relue dans la reconstruction complète réussie; contrôler le rapport actuel et la provenance pour les tables concernées.,cannot open file 'data/interim/polls/a682194c0eae43f4955aad0facfa112fb5103e3cd7c4349b60fcd097e62537f6/Bourassa-Sauv<82>_officiels2014.csv': Illegal byte sequence
transform,src_73afd1588720,2026-10-03T14:09:38.191Z,2026-10-03T14:09:38.191Z,corrected_parser_current_build_succeeded,Source relue dans la reconstruction complète réussie; contrôler le rapport actuel et la provenance pour les tables concernées.,Colonnes circonscription manquantes
transform,src_790afb52d855,2026-10-03T14:09:38.198Z,2026-10-03T14:09:38.198Z,corrected_parser_current_build_succeeded,Source relue dans la reconstruction complète réussie; contrôler le rapport actuel et la provenance pour les tables concernées.,cannot open file 'data/interim/polls/c3a83a0f1af23cba250e6481e6047479077d4b109ddead68f20edbc653bcd187/20151109/Beauce-Sud_R<82>sultats officiels_20151109.csv': Illegal byte sequence
transform,src_81c5fe8d1b02,2026-10-03T15:09:55.975Z,2026-10-03T15:09:55.975Z,corrected_parser_current_build_succeeded,Source relue dans la reconstruction complète réussie; contrôler le rapport actuel et la provenance pour les tables concernées.,the condition has length > 1
transform,src_827a94931755,2026-10-03T14:09:38.305Z,2026-10-03T14:09:38.305Z,corrected_parser_current_build_succeeded,Source relue dans la reconstruction complète réussie; contrôler le rapport actuel et la provenance pour les tables concernées.,cannot open file 'data/interim/polls/7d2fd7da9355ff4737a5a5dbd572c93ec8555dd854813d040bdbd211a9c2a04e/2017-05-29/Gouin_R<82>sultats officiels_20170529.csv': Illegal byte sequence
transform,src_8f0698d69120,2026-10-03T15:09:56.174Z,2026-10-03T15:09:56.174Z,corrected_parser_current_build_succeeded,Source relue dans la reconstruction complète réussie; contrôler le rapport actuel et la provenance pour les tables concernées.,the condition has length > 1
transform,src_95002082f0df,2026-10-03T14:09:38.433Z,2026-10-03T14:09:38.433Z,corrected_parser_current_build_succeeded,Source relue dans la reconstruction complète réussie; contrôler le rapport actuel et la provenance pour les tables concernées.,cannot open file 'data/interim/polls/6a30178633a6650822a60d2916dc1f4ed475b053c735923aa3d87f42d42c874e/2013-12-09/Outremont_R<82>sultats officiels_20131209.csv': Illegal byte sequence
transform,src_979ff86575ac,2026-10-03T14:09:38.439Z,2026-10-03T14:09:38.439Z,corrected_parser_current_build_succeeded,Source relue dans la reconstruction complète réussie; contrôler le rapport actuel et la provenance pour les tables concernées.,cannot open file 'data/interim/polls/4a9d99c5b456b1275270b5aec7379c50f86cd123d7d58a6630a57d52e6cab191/2016-12-05/Arthabaska_R<82>sultats officiels_20161205.csv': Illegal byte sequence
transform,src_9869ef080ebd,2026-10-03T15:09:56.587Z,2026-10-03T15:09:56.587Z,corrected_parser_current_build_succeeded,Source relue dans la reconstruction complète réussie; contrôler le rapport actuel et la provenance pour les tables concernées.,the condition has length > 1
transform,src_9ef2a7b66e04,2026-10-03T15:09:56.596Z,2026-10-03T15:09:56.596Z,corrected_parser_current_build_succeeded,Source relue dans la reconstruction complète réussie; contrôler le rapport actuel et la provenance pour les tables concernées.,the condition has length > 1
transform,src_a0bedefcbbb2,2026-10-03T15:09:56.604Z,2026-10-03T15:09:56.604Z,corrected_parser_current_build_succeeded,Source relue dans la reconstruction complète réussie; contrôler le rapport actuel et la provenance pour les tables concernées.,the condition has length > 1
transform,src_c0d45adf2a1b,2026-10-03T15:10:18.872Z,2026-10-03T15:10:18.872Z,corrected_parser_current_build_succeeded,Source relue dans la reconstruction complète réussie; contrôler le rapport actuel et la provenance pour les tables concernées.,the condition has length > 1
transform,src_d0efa9a1d2ca,2026-10-03T15:10:19.082Z,2026-10-03T15:10:19.082Z,corrected_parser_current_build_succeeded,Source relue dans la reconstruction complète réussie; contrôler le rapport actuel et la provenance pour les tables concernées.,the condition has length > 1
transform,src_d46eedaf6c55,2026-10-03T15:10:19.091Z,2026-10-03T15:10:19.091Z,corrected_parser_current_build_succeeded,Source relue dans la reconstruction complète réussie; contrôler le rapport actuel et la provenance pour les tables concernées.,the condition has length > 1
transform,src_f80644e75365,2026-10-03T14:09:54.546Z,2026-10-03T14:09:54.546Z,corrected_parser_current_build_succeeded,Source relue dans la reconstruction complète réussie; contrôler le rapport actuel et la provenance pour les tables concernées.,cannot open file 'data/interim/polls/f7ba0f9d3a9c284e78797f4e6f4131e7e72b2caa240ce716d7a650fd5b87c007/JeanTalon_R<82>sultats officiels_20191202.csv': Illegal byte sequence
transform,src_fc8fc11eea9d,2026-10-03T15:10:38.523Z,2026-10-03T15:10:38.523Z,corrected_parser_current_build_succeeded,Source relue dans la reconstruction complète réussie; contrôler le rapport actuel et la provenance pour les tables concernées.,the condition has length > 1
