artifact,baseline_sha256,rebuilt_sha256,identical_payload
data/processed/by_elections.csv,15cb694066c76015f2a66bdcac9be9477c08a7f6aa4e9364e3fd83a05f7cf7be,15cb694066c76015f2a66bdcac9be9477c08a7f6aa4e9364e3fd83a05f7cf7be,True
data/processed/candidates.csv,80f3ea3c232362d7c761cf29bd62cd764e3b6748d926a9d4a84223628672e91b,80f3ea3c232362d7c761cf29bd62cd764e3b6748d926a9d4a84223628672e91b,True
data/processed/candidates_2012.csv,f83ad15c4f424ad1b36283abe8b267bcd3eae9475ee9ff0f1f5cf3d05200bd51,f83ad15c4f424ad1b36283abe8b267bcd3eae9475ee9ff0f1f5cf3d05200bd51,True
data/processed/district_crosswalk_2017_2026.csv,0c51573d912a804332a99c9ad38443529ea2e40b277db117879122b1db80ebc5,0c51573d912a804332a99c9ad38443529ea2e40b277db117879122b1db80ebc5,True
data/processed/district_indicators.csv,ec341ef200a67773379bbc4ab5a6dd4ef13b5bdff27cecbbe68c13a4b39cb7ac,ec341ef200a67773379bbc4ab5a6dd4ef13b5bdff27cecbbe68c13a4b39cb7ac,True
data/processed/district_map_changes_spatial.csv,8ab7fd265dcf182c50393f1d9874359b91d1ff783b65f327ee2eb629a7a85540,8ab7fd265dcf182c50393f1d9874359b91d1ff783b65f327ee2eb629a7a85540,True
data/processed/election_calendar_2026.csv,4b5b7f554697c33fe67337abee52becfe00ac074fb479ced192182e6a630c762,4b5b7f554697c33fe67337abee52becfe00ac074fb479ced192182e6a630c762,True
data/processed/elections.csv,70f3d05fe97a2751c1780cd062b233d67e14ca99a090e12567e768f75f4f70aa,70f3d05fe97a2751c1780cd062b233d67e14ca99a090e12567e768f75f4f70aa,True
data/processed/electoral_district_geometries.csv,b23ede89b680514bfabb3d9c3dfca157cee268783ddc9452077282035eaeb8a8,b23ede89b680514bfabb3d9c3dfca157cee268783ddc9452077282035eaeb8a8,True
data/processed/electoral_districts.csv,e7b15898f6e598942cae1d31f53c045b7e491fa0dc2b69d902da70a6852dee7d,e7b15898f6e598942cae1d31f53c045b7e491fa0dc2b69d902da70a6852dee7d,True
data/processed/geography/districts_2017_simplified.geojson,c2dfa6b3249902d38dcfe3c681a681cacee94031bada8fa7b63fa113eec218f6,c2dfa6b3249902d38dcfe3c681a681cacee94031bada8fa7b63fa113eec218f6,True
data/processed/geography/districts_2022_simplified.geojson,7aa2d0578cb4f9aac6cbeed4f5100e50295872a36b9a45b073bbddadd10e1f12,7aa2d0578cb4f9aac6cbeed4f5100e50295872a36b9a45b073bbddadd10e1f12,True
data/processed/geography/districts_2026_simplified.geojson,429b12c92e61a0299a7fc768970c368331bcf361b48a0c70a7aca4eddc546e75,429b12c92e61a0299a7fc768970c368331bcf361b48a0c70a7aca4eddc546e75,True
data/processed/historical_candidate_results.csv,86068cbd288401dbcb38f5a6439d48beaa75766008e923913f91456c9e44e347,86068cbd288401dbcb38f5a6439d48beaa75766008e923913f91456c9e44e347,True
data/processed/historical_district_results.csv,34646cd7c87a09f3d3ce114eab702fc4e5cbfcf83688b4627f08014c0b37c21d,34646cd7c87a09f3d3ce114eab702fc4e5cbfcf83688b4627f08014c0b37c21d,True
data/processed/historical_party_results.csv,00ddc809c8ffebb5a6239e26ed53a4e462288687509d919c3ab705da61f9aff0,00ddc809c8ffebb5a6239e26ed53a4e462288687509d919c3ab705da61f9aff0,True
data/processed/historical_turnout.csv,34646cd7c87a09f3d3ce114eab702fc4e5cbfcf83688b4627f08014c0b37c21d,34646cd7c87a09f3d3ce114eab702fc4e5cbfcf83688b4627f08014c0b37c21d,True
data/processed/local_only/assnat_historical_source_tables.csv.gz,877855a22bcbca19e103cfcbf757b3a1512e87c35ec871695a22f44f786d63b5,877855a22bcbca19e103cfcbf757b3a1512e87c35ec871695a22f44f786d63b5,True
data/processed/local_only/candidate_statistics.csv,2f19e0dacd89917100977f8044003389f6e2c5cf7c36e6b0f105c3872a1f486a,2f19e0dacd89917100977f8044003389f6e2c5cf7c36e6b0f105c3872a1f486a,True
data/processed/local_only/district_demographics.csv.gz,dd7799911ace6253f6c273ca397cff942eafbce769ca79f08b9f0a66a057be5c,dd7799911ace6253f6c273ca397cff942eafbce769ca79f08b9f0a66a057be5c,True
data/processed/local_only/district_map_changes.csv,ef86c35ffe1c05525080d7f2780314a6fdcf9d9af48ed585172b4950fec0a6dd,ef86c35ffe1c05525080d7f2780314a6fdcf9d9af48ed585172b4950fec0a6dd,True
data/processed/local_only/election_expense_limits.csv,5e0101d5f4be3a3e89384e5dd355e29cf20ffce1ae5f54488f587ae84199106d,5e0101d5f4be3a3e89384e5dd355e29cf20ffce1ae5f54488f587ae84199106d,True
data/processed/local_only/finance_source_tables.csv,589535599b2b20196a099da7f75654b2793f7faf87fda35f02e46fae72b767ff,589535599b2b20196a099da7f75654b2793f7faf87fda35f02e46fae72b767ff,True
data/processed/local_only/financial_document_index.csv,3033dd82525056e573539dca9075454ed45eff4de8ad08946e861fc554ea5a5a,3033dd82525056e573539dca9075454ed45eff4de8ad08946e861fc554ea5a5a,True
data/processed/local_only/financial_source_cells.csv,a3805037ba553b2521b262044a594dbc61043e2c1c851dc3727334924b895a0a,a3805037ba553b2521b262044a594dbc61043e2c1c851dc3727334924b895a0a,True
data/processed/local_only/legacy_election_source_tables.csv,a98037c06db97726548b2fd909f576f47860b5b5bd15722571eb315a17f502ef,a98037c06db97726548b2fd909f576f47860b5b5bd15722571eb315a17f502ef,True
data/processed/local_only/legacy_elections.csv,cfbc437fa0887cad1affc5c1135a2829608bf967b247e9373283234e182419a8,cfbc437fa0887cad1affc5c1135a2829608bf967b247e9373283234e182419a8,True
data/processed/local_only/legacy_historical_candidate_results.csv,2c55eff186b40ca0da7fa0422f74fd377373530265e2fae7b8cc0fb8c00ca51a,2c55eff186b40ca0da7fa0422f74fd377373530265e2fae7b8cc0fb8c00ca51a,True
data/processed/local_only/legacy_historical_district_results.csv,df499c2a34bd14bb54d9b15c35d5919e133cb0491b5f76828a248edf07796d64,df499c2a34bd14bb54d9b15c35d5919e133cb0491b5f76828a248edf07796d64,True
data/processed/local_only/legacy_historical_party_results.csv,ab734ceb1b42e992a6c134a93b0dc4e5bfc7239c606f69936dcaa6679be37a12,ab734ceb1b42e992a6c134a93b0dc4e5bfc7239c606f69936dcaa6679be37a12,True
data/processed/local_only/legacy_polling_division_results.csv.gz,3951e6b328fe310f150766b1859f0151554549259838b32dc0f3d94df4cc065c,3951e6b328fe310f150766b1859f0151554549259838b32dc0f3d94df4cc065c,True
data/processed/local_only/legacy_polling_units.csv,10e05ecbb36053a41cf7943bbf101f333a6af3bd3af2e205459b68aa9a1cfb3f,10e05ecbb36053a41cf7943bbf101f333a6af3bd3af2e205459b68aa9a1cfb3f,True
data/processed/local_only/party_balance_sheet.csv,74dc1e2734be5454adcbe3cfb90ae21b67cab45e39c9b8cdf61f91add32f3022,74dc1e2734be5454adcbe3cfb90ae21b67cab45e39c9b8cdf61f91add32f3022,True
data/processed/local_only/party_cashflows.csv,639870ebfa923412964e2d2c82380783926b4ab349748d6972e99ce72ab293d2,639870ebfa923412964e2d2c82380783926b4ab349748d6972e99ce72ab293d2,True
data/processed/local_only/party_finance_expenses.csv,43f3bf5436dbdc2446bf01427e7b9fac32685674bad1822e5085e96e4f9dd639,43f3bf5436dbdc2446bf01427e7b9fac32685674bad1822e5085e96e4f9dd639,True
data/processed/local_only/party_finance_income.csv,665f62afdd86c974220a4228b70eaeb9230807f1a69e33d04191887b5e1dbe4b,665f62afdd86c974220a4228b70eaeb9230807f1a69e33d04191887b5e1dbe4b,True
data/processed/local_only/party_finance_income_summary.csv,fae62fc258f44b43366a8df0af370349dabf9d148cdba041fd20ce501cc6d0a4,fae62fc258f44b43366a8df0af370349dabf9d148cdba041fd20ce501cc6d0a4,True
data/processed/local_only/party_finances_annual.csv,0bc1d07355c10d6b3c367e614dcdc4211e1c8e481a1c951dc9c94913b19c4259,0bc1d07355c10d6b3c367e614dcdc4211e1c8e481a1c951dc9c94913b19c4259,True
data/processed/local_only/party_public_funding.csv,d7668d1a6699c44cb44d29bd296de5ad707b55dd8478d0524d5ee3908e33989a,d7668d1a6699c44cb44d29bd296de5ad707b55dd8478d0524d5ee3908e33989a,True
data/processed/local_only/political_contributions_aggregated.csv,879dcc5f8f505e5f574f10c168d1b69ad957bc491c30606ae9eb6967d6a8da1a,879dcc5f8f505e5f574f10c168d1b69ad957bc491c30606ae9eb6967d6a8da1a,True
data/processed/local_only/political_contributions_city.csv,0759123dbec6d23297934e9da84bc89fdd4d249bf6161d36324d859295273b31,0759123dbec6d23297934e9da84bc89fdd4d249bf6161d36324d859295273b31,True
data/processed/local_only/turnout_history_source.csv,1a4742434152bbf34cd4ac2d828fdfccc8c474732ecdfd6008b1682dc7b82a4b,1a4742434152bbf34cd4ac2d828fdfccc8c474732ecdfd6008b1682dc7b82a4b,True
data/processed/local_only/turnout_preliminary_2026.csv,8b8446a2f33180daf2f3defc998c75fcde270d1cca377491955c1a42c3196f97,8b8446a2f33180daf2f3defc998c75fcde270d1cca377491955c1a42c3196f97,True
data/processed/parties.csv,db9bfdc9f3902f7e31396ea3e19dd11826343e9ba23a518062736a8a3ba7da44,db9bfdc9f3902f7e31396ea3e19dd11826343e9ba23a518062736a8a3ba7da44,True
data/processed/party_authorization_history.csv,3b104ab9106c33b9404af1da075391519a8fb9511f67f8ab16b01e841677b7df,3b104ab9106c33b9404af1da075391519a8fb9511f67f8ab16b01e841677b7df,True
data/processed/party_officials.csv,1c680b22e63ef4d2f2d33f3ba0f127df3f7686c2b35db3171379ab1f7231bd3e,1c680b22e63ef4d2f2d33f3ba0f127df3f7686c2b35db3171379ab1f7231bd3e,True
data/processed/polling_candidate_links.csv,b314cf963a980f50221caf30d3c33b204713dd0db24880e4a1fee81b97f628a1,b314cf963a980f50221caf30d3c33b204713dd0db24880e4a1fee81b97f628a1,True
data/processed/polling_division_results.csv.gz,ee037284d546fa44f4b83db6cf7f7e2ab89b955809cc36abdad5a391258d33bb,ee037284d546fa44f4b83db6cf7f7e2ab89b955809cc36abdad5a391258d33bb,True
data/processed/polling_summary_fields.csv,be8f32236700cd8980b01d5e8a9c92df3f66f6ec19be072a27e0bd7cfa11f0f7,be8f32236700cd8980b01d5e8a9c92df3f66f6ec19be072a27e0bd7cfa11f0f7,True
data/processed/polling_units.csv,4f2dda994839c37f6a95e0f478d5c945aa070d9e709dfcde6d92a2d659c89ae2,4f2dda994839c37f6a95e0f478d5c945aa070d9e709dfcde6d92a2d659c89ae2,True
data/processed/registered_electors.csv,c188645e8d052eb9331538ae711389839c50565324333a0782f15c0a9d7be636,c188645e8d052eb9331538ae711389839c50565324333a0782f15c0a9d7be636,True
data/processed/result_source_fields.csv,1a2196baae4bbcb0de529ebb58413bd56f55134eba75f1ac8b14efcbdb129dd0,1a2196baae4bbcb0de529ebb58413bd56f55134eba75f1ac8b14efcbdb129dd0,True
data/processed/results_candidate.csv,86068cbd288401dbcb38f5a6439d48beaa75766008e923913f91456c9e44e347,86068cbd288401dbcb38f5a6439d48beaa75766008e923913f91456c9e44e347,True
data/processed/results_party.csv,00ddc809c8ffebb5a6239e26ed53a4e462288687509d919c3ab705da61f9aff0,00ddc809c8ffebb5a6239e26ed53a4e462288687509d919c3ab705da61f9aff0,True
data/processed/teaching/qc2026_candidates.csv,80f3ea3c232362d7c761cf29bd62cd764e3b6748d926a9d4a84223628672e91b,80f3ea3c232362d7c761cf29bd62cd764e3b6748d926a9d4a84223628672e91b,True
data/processed/teaching/qc2026_districts.csv,4be9154cf6329c1e76cdef37d3c360332ec9f7cb7548c9e9c3ebd5aed9f1a92e,4be9154cf6329c1e76cdef37d3c360332ec9f7cb7548c9e9c3ebd5aed9f1a92e,True
data/processed/teaching/qc2026_registered_electors.csv,c188645e8d052eb9331538ae711389839c50565324333a0782f15c0a9d7be636,c188645e8d052eb9331538ae711389839c50565324333a0782f15c0a9d7be636,True
data/processed/teaching/qc_elections_history.csv,86068cbd288401dbcb38f5a6439d48beaa75766008e923913f91456c9e44e347,86068cbd288401dbcb38f5a6439d48beaa75766008e923913f91456c9e44e347,True
data/processed/teaching/qc_electoral_map_crosswalk.csv,0c51573d912a804332a99c9ad38443529ea2e40b277db117879122b1db80ebc5,0c51573d912a804332a99c9ad38443529ea2e40b277db117879122b1db80ebc5,True
data/processed/teaching/qc_turnout_history.csv,34646cd7c87a09f3d3ce114eab702fc4e5cbfcf83688b4627f08014c0b37c21d,34646cd7c87a09f3d3ce114eab702fc4e5cbfcf83688b4627f08014c0b37c21d,True
data/processed/turnout.csv,34646cd7c87a09f3d3ce114eab702fc4e5cbfcf83688b4627f08014c0b37c21d,34646cd7c87a09f3d3ce114eab702fc4e5cbfcf83688b4627f08014c0b37c21d,True
data/processed/turnout_history.csv,34646cd7c87a09f3d3ce114eab702fc4e5cbfcf83688b4627f08014c0b37c21d,34646cd7c87a09f3d3ce114eab702fc4e5cbfcf83688b4627f08014c0b37c21d,True
