source_id,identified,retrieved,latest_retrieved_at,latest_attempt_outcome,normalized_tables,public_tables,publication_policy,interpretation_status
src_0ce97686fd47,TRUE,FALSE,NA,not_attempted,,,public,not_normalized
src_fd3351236900,TRUE,TRUE,2026-10-07T15:36:12.890Z,success,registered_electors,registered_electors,public,see_table_status_and_dictionary
src_ec3de0c7b369,TRUE,TRUE,2026-10-03T14:01:15.418Z,success,,,public,not_normalized
src_22fefd6fc574,TRUE,TRUE,2026-10-07T15:36:13.802Z,success,candidates;elections,candidates;elections,public,see_table_status_and_dictionary
src_3bbf709ff718,TRUE,TRUE,2026-10-07T15:36:14.680Z,success,district_indicators;elections;result_source_fields;results_candidate;results_candidate_2026;results_party;results_party_2026;turnout,district_indicators;elections;result_source_fields;results_candidate;results_candidate_2026;results_party;results_party_2026;turnout,public,see_table_status_and_dictionary
src_4b65f66b8f83,TRUE,FALSE,NA,not_attempted,,,public,not_normalized
src_efecad5c5373,TRUE,FALSE,NA,not_attempted,,,public,not_normalized
src_fd975590ed7c,TRUE,FALSE,NA,not_attempted,,,public,not_normalized
src_a1df7ac938d0,TRUE,FALSE,NA,not_attempted,,,public,not_normalized
src_7af300273d44,TRUE,FALSE,NA,not_attempted,,,public,not_normalized
src_6d260c49cd29,TRUE,TRUE,2026-10-03T14:01:21.294Z,success,electoral_districts,electoral_districts,public,see_table_status_and_dictionary
src_f799526b615d,TRUE,TRUE,2026-10-03T14:01:28.275Z,success,,,public,not_normalized
src_53f384df61ef,TRUE,TRUE,2026-10-03T14:02:39.467Z,success,,,public,not_normalized
src_4a2457749372,TRUE,TRUE,2026-10-03T14:02:46.376Z,success,district_crosswalk_2017_2026;district_map_changes_spatial;electoral_district_geometries,district_crosswalk_2017_2026;district_map_changes_spatial;electoral_district_geometries,public,see_table_status_and_dictionary
src_33b873a220a5,TRUE,FALSE,NA,not_attempted,,,public,not_normalized
src_e15bb161b6e0,TRUE,FALSE,NA,not_attempted,,,public,not_normalized
src_0adf08e78b00,TRUE,TRUE,2026-10-07T15:36:15.567Z,success,parties;party_authorization_history;party_officials,parties;party_authorization_history;party_officials,public,see_table_status_and_dictionary
src_d8627eb5b5ab,TRUE,FALSE,NA,not_attempted,,,public,not_normalized
src_0d9340fc9b7a,TRUE,FALSE,NA,not_attempted,,,public,not_normalized
src_67d4a1289223,TRUE,FALSE,NA,not_attempted,,,public,not_normalized
src_23a95c0b8ace,TRUE,TRUE,2026-10-03T14:01:42.962Z,success,by_elections;district_indicators;elections;historical_candidate_results;historical_district_results;historical_party_results;historical_turnout;result_source_fields;results_candidate;results_party;turnout;turnout_history,by_elections;district_indicators;elections;historical_candidate_results;historical_district_results;historical_party_results;historical_turnout;result_source_fields;results_candidate;results_party;turnout;turnout_history,public,see_table_status_and_dictionary
src_6011833babd8,TRUE,FALSE,NA,not_attempted,,,public,not_normalized
src_f6d12b3326cb,TRUE,FALSE,NA,not_attempted,,,public,not_normalized
src_8e5c4e00902f,TRUE,FALSE,NA,not_attempted,,,public,not_normalized
src_06b07942a203,TRUE,FALSE,NA,not_attempted,,,public,not_normalized
src_50ca3bc20ced,TRUE,FALSE,NA,not_attempted,,,public,not_normalized
src_04bf0e127029,TRUE,TRUE,2026-10-03T14:02:49.631Z,success,polling_candidate_links;polling_division_results;polling_summary_fields;polling_units,polling_candidate_links;polling_division_results;polling_summary_fields;polling_units,public,see_table_status_and_dictionary
src_393706c76d4a,TRUE,FALSE,NA,not_attempted,,,public,not_normalized
src_6e5e0f9774e1,TRUE,FALSE,NA,not_attempted,,,public,not_normalized
src_d46eedaf6c55,TRUE,TRUE,2026-10-03T14:01:47.121Z,success,by_elections;district_indicators;elections;historical_candidate_results;historical_district_results;historical_party_results;historical_turnout;result_source_fields;results_candidate;results_party;turnout;turnout_history,by_elections;district_indicators;elections;historical_candidate_results;historical_district_results;historical_party_results;historical_turnout;result_source_fields;results_candidate;results_party;turnout;turnout_history,public,see_table_status_and_dictionary
src_36170693a02e,TRUE,FALSE,NA,not_attempted,,,public,not_normalized
src_a39218badba1,TRUE,FALSE,NA,not_attempted,,,public,not_normalized
src_4badeb356749,TRUE,FALSE,NA,not_attempted,,,public,not_normalized
src_115f2be644fb,TRUE,FALSE,NA,not_attempted,,,public,not_normalized
src_f4d6923670a2,TRUE,FALSE,NA,not_attempted,,,public,not_normalized
src_8c25176b3b11,TRUE,TRUE,2026-10-03T14:02:52.690Z,success,polling_candidate_links;polling_division_results;polling_summary_fields;polling_units,polling_candidate_links;polling_division_results;polling_summary_fields;polling_units,public,see_table_status_and_dictionary
src_10a986574e7f,TRUE,FALSE,NA,not_attempted,,,public,not_normalized
src_9fd87907d413,TRUE,FALSE,NA,not_attempted,,,public,not_normalized
src_fc8fc11eea9d,TRUE,TRUE,2026-10-03T14:01:49.425Z,success,by_elections;district_indicators;elections;historical_candidate_results;historical_district_results;historical_party_results;historical_turnout;result_source_fields;results_candidate;results_party;turnout;turnout_history,by_elections;district_indicators;elections;historical_candidate_results;historical_district_results;historical_party_results;historical_turnout;result_source_fields;results_candidate;results_party;turnout;turnout_history,public,see_table_status_and_dictionary
src_c828bcd8fd71,TRUE,FALSE,NA,not_attempted,,,public,not_normalized
src_cd13c10c53d4,TRUE,FALSE,NA,not_attempted,,,public,not_normalized
src_c86720fd5cdc,TRUE,FALSE,NA,not_attempted,,,public,not_normalized
src_b7fd9d9c392d,TRUE,FALSE,NA,not_attempted,,,public,not_normalized
src_3ecea4ce3522,TRUE,FALSE,NA,not_attempted,,,public,not_normalized
src_57c005bbf0f6,TRUE,TRUE,2026-10-03T14:02:55.399Z,success,polling_candidate_links;polling_division_results;polling_summary_fields;polling_units,polling_candidate_links;polling_division_results;polling_summary_fields;polling_units,public,see_table_status_and_dictionary
src_7a70349609bf,TRUE,FALSE,NA,not_attempted,,,public,not_normalized
src_7f77cc902dca,TRUE,FALSE,NA,not_attempted,,,public,not_normalized
src_335c9751e725,TRUE,TRUE,2026-10-03T14:01:51.793Z,success,by_elections;district_indicators;elections;historical_candidate_results;historical_district_results;historical_party_results;historical_turnout;result_source_fields;results_candidate;results_party;turnout;turnout_history,by_elections;district_indicators;elections;historical_candidate_results;historical_district_results;historical_party_results;historical_turnout;result_source_fields;results_candidate;results_party;turnout;turnout_history,public,see_table_status_and_dictionary
src_aaf9983e1b33,TRUE,FALSE,NA,not_attempted,,,public,not_normalized
src_dc71e180f4c0,TRUE,FALSE,NA,not_attempted,,,public,not_normalized
src_760702ffee2c,TRUE,FALSE,NA,not_attempted,,,public,not_normalized
src_63e48268c1cc,TRUE,FALSE,NA,not_attempted,,,public,not_normalized
src_660b148c60c9,TRUE,FALSE,NA,not_attempted,,,public,not_normalized
src_e82b708fe54b,TRUE,TRUE,2026-10-03T14:02:58.799Z,success,polling_candidate_links;polling_division_results;polling_summary_fields;polling_units,polling_candidate_links;polling_division_results;polling_summary_fields;polling_units,public,see_table_status_and_dictionary
src_ee58b776cb75,TRUE,FALSE,NA,not_attempted,,,public,not_normalized
src_866a294a66a2,TRUE,FALSE,NA,not_attempted,,,public,not_normalized
src_8f0698d69120,TRUE,TRUE,2026-10-03T14:01:54.281Z,success,by_elections;district_indicators;elections;historical_candidate_results;historical_district_results;historical_party_results;historical_turnout;result_source_fields;results_candidate;results_party;turnout;turnout_history,by_elections;district_indicators;elections;historical_candidate_results;historical_district_results;historical_party_results;historical_turnout;result_source_fields;results_candidate;results_party;turnout;turnout_history,public,see_table_status_and_dictionary
src_5b3f2a996e54,TRUE,FALSE,NA,not_attempted,,,public,not_normalized
src_a8f6aad72621,TRUE,FALSE,NA,not_attempted,,,public,not_normalized
src_cfbf5b37b68c,TRUE,FALSE,NA,not_attempted,,,public,not_normalized
src_47efbd387bac,TRUE,FALSE,NA,not_attempted,,,public,not_normalized
src_21401fd151e6,TRUE,FALSE,NA,not_attempted,,,public,not_normalized
src_02aae4952a51,TRUE,TRUE,2026-10-03T14:03:01.990Z,success,polling_candidate_links;polling_division_results;polling_summary_fields;polling_units,polling_candidate_links;polling_division_results;polling_summary_fields;polling_units,public,see_table_status_and_dictionary
src_f443117ee7ae,TRUE,FALSE,NA,not_attempted,,,public,not_normalized
src_cf9f8ae62b6d,TRUE,FALSE,NA,not_attempted,,,public,not_normalized
src_3ee19c14cf6d,TRUE,TRUE,2026-10-03T14:02:00.305Z,success,district_indicators;elections;historical_candidate_results;historical_district_results;historical_party_results;historical_turnout;result_source_fields;results_candidate;results_party;turnout;turnout_history,district_indicators;elections;historical_candidate_results;historical_district_results;historical_party_results;historical_turnout;result_source_fields;results_candidate;results_party;turnout;turnout_history,public,see_table_status_and_dictionary
src_d24f9f5d5f16,TRUE,FALSE,NA,not_attempted,,,public,not_normalized
src_d75f9e911e34,TRUE,FALSE,NA,not_attempted,,,public,not_normalized
src_699dcb22cedb,TRUE,FALSE,NA,not_attempted,,,public,not_normalized
src_12c777e59ebd,TRUE,FALSE,NA,not_attempted,,,public,not_normalized
src_eb656f509178,TRUE,FALSE,NA,not_attempted,,,public,not_normalized
src_0fb95c6f3b76,TRUE,TRUE,2026-10-03T14:03:06.387Z,success,polling_candidate_links;polling_division_results;polling_summary_fields;polling_units,polling_candidate_links;polling_division_results;polling_summary_fields;polling_units,public,see_table_status_and_dictionary
src_57c9acb345c1,TRUE,FALSE,NA,not_attempted,,,public,not_normalized
src_a4f04c81b342,TRUE,FALSE,NA,not_attempted,,,public,not_normalized
src_53258148a5e9,TRUE,TRUE,2026-10-03T14:02:05.560Z,success,by_elections;district_indicators;elections;historical_candidate_results;historical_district_results;historical_party_results;historical_turnout;result_source_fields;results_candidate;results_party;turnout;turnout_history,by_elections;district_indicators;elections;historical_candidate_results;historical_district_results;historical_party_results;historical_turnout;result_source_fields;results_candidate;results_party;turnout;turnout_history,public,see_table_status_and_dictionary
src_1d61988f3ad4,TRUE,FALSE,NA,not_attempted,,,public,not_normalized
src_2881f1030948,TRUE,FALSE,NA,not_attempted,,,public,not_normalized
src_e3cfc46ae6c5,TRUE,FALSE,NA,not_attempted,,,public,not_normalized
src_b230a8d92448,TRUE,FALSE,NA,not_attempted,,,public,not_normalized
src_623a19ad7493,TRUE,FALSE,NA,not_attempted,,,public,not_normalized
src_0f7998c94572,TRUE,TRUE,2026-10-03T14:03:09.252Z,success,polling_candidate_links;polling_division_results;polling_summary_fields;polling_units,polling_candidate_links;polling_division_results;polling_summary_fields;polling_units,public,see_table_status_and_dictionary
src_d7763cf5c24a,TRUE,FALSE,NA,not_attempted,,,public,not_normalized
src_cd4776f298e0,TRUE,FALSE,NA,not_attempted,,,public,not_normalized
src_81c5fe8d1b02,TRUE,TRUE,2026-10-03T14:02:09.382Z,success,by_elections;district_indicators;elections;historical_candidate_results;historical_district_results;historical_party_results;historical_turnout;result_source_fields;results_candidate;results_party;turnout;turnout_history,by_elections;district_indicators;elections;historical_candidate_results;historical_district_results;historical_party_results;historical_turnout;result_source_fields;results_candidate;results_party;turnout;turnout_history,public,see_table_status_and_dictionary
src_80bb592e8c97,TRUE,FALSE,NA,not_attempted,,,public,not_normalized
src_123aa4fb3432,TRUE,FALSE,NA,not_attempted,,,public,not_normalized
src_b7a078e29393,TRUE,FALSE,NA,not_attempted,,,public,not_normalized
src_b62dd404d625,TRUE,FALSE,NA,not_attempted,,,public,not_normalized
src_0f6e5bbb3d21,TRUE,FALSE,NA,not_attempted,,,public,not_normalized
src_f80644e75365,TRUE,TRUE,2026-10-03T14:03:12.048Z,success,polling_candidate_links;polling_division_results;polling_summary_fields;polling_units,polling_candidate_links;polling_division_results;polling_summary_fields;polling_units,public,see_table_status_and_dictionary
src_1b992747e75b,TRUE,FALSE,NA,not_attempted,,,public,not_normalized
src_5b6ceaa50b7f,TRUE,FALSE,NA,not_attempted,,,public,not_normalized
src_9ef2a7b66e04,TRUE,TRUE,2026-10-03T14:02:13.368Z,success,by_elections;district_indicators;elections;historical_candidate_results;historical_district_results;historical_party_results;historical_turnout;result_source_fields;results_candidate;results_party;turnout;turnout_history,by_elections;district_indicators;elections;historical_candidate_results;historical_district_results;historical_party_results;historical_turnout;result_source_fields;results_candidate;results_party;turnout;turnout_history,public,see_table_status_and_dictionary
src_80db6096b2e1,TRUE,FALSE,NA,not_attempted,,,public,not_normalized
src_2a8b153c40d4,TRUE,FALSE,NA,not_attempted,,,public,not_normalized
src_da8e5c87fd8e,TRUE,FALSE,NA,not_attempted,,,public,not_normalized
src_bc00e81baa8e,TRUE,FALSE,NA,not_attempted,,,public,not_normalized
src_a9593fc218a1,TRUE,FALSE,NA,not_attempted,,,public,not_normalized
src_70d5ee7502b1,TRUE,TRUE,2026-10-03T14:03:14.930Z,success,polling_candidate_links;polling_division_results;polling_summary_fields;polling_units,polling_candidate_links;polling_division_results;polling_summary_fields;polling_units,public,see_table_status_and_dictionary
src_5cd5f9fdf426,TRUE,FALSE,NA,not_attempted,,,public,not_normalized
src_4ffb33696bad,TRUE,FALSE,NA,not_attempted,,,public,not_normalized
src_6ce929ca1736,TRUE,TRUE,2026-10-03T14:02:19.940Z,success,district_indicators;elections;historical_candidate_results;historical_district_results;historical_party_results;historical_turnout;result_source_fields;results_candidate;results_party;turnout;turnout_history,district_indicators;elections;historical_candidate_results;historical_district_results;historical_party_results;historical_turnout;result_source_fields;results_candidate;results_party;turnout;turnout_history,public,see_table_status_and_dictionary
src_190d17846ca5,TRUE,FALSE,NA,not_attempted,,,public,not_normalized
src_85069913393f,TRUE,FALSE,NA,not_attempted,,,public,not_normalized
src_ee2068956d7f,TRUE,FALSE,NA,not_attempted,,,public,not_normalized
src_cacbcf31fd8a,TRUE,FALSE,NA,not_attempted,,,public,not_normalized
src_05f1cf94dc38,TRUE,FALSE,NA,not_attempted,,,public,not_normalized
src_a0012cc28850,TRUE,TRUE,2026-10-03T14:03:19.439Z,success,polling_candidate_links;polling_division_results;polling_summary_fields;polling_units,polling_candidate_links;polling_division_results;polling_summary_fields;polling_units,public,see_table_status_and_dictionary
src_b5bcf6cd6028,TRUE,FALSE,NA,not_attempted,,,public,not_normalized
src_de6664b5237e,TRUE,FALSE,NA,not_attempted,,,public,not_normalized
src_c0d45adf2a1b,TRUE,TRUE,2026-10-03T14:02:26.450Z,success,by_elections;district_indicators;elections;historical_candidate_results;historical_district_results;historical_party_results;historical_turnout;result_source_fields;results_candidate;results_party;turnout;turnout_history,by_elections;district_indicators;elections;historical_candidate_results;historical_district_results;historical_party_results;historical_turnout;result_source_fields;results_candidate;results_party;turnout;turnout_history,public,see_table_status_and_dictionary
src_8d87c7099661,TRUE,FALSE,NA,not_attempted,,,public,not_normalized
src_bda3be5ec969,TRUE,FALSE,NA,not_attempted,,,public,not_normalized
src_6f661b23e4b0,TRUE,FALSE,NA,not_attempted,,,public,not_normalized
src_92b3fb7eb932,TRUE,FALSE,NA,not_attempted,,,public,not_normalized
src_5d6cd90118dd,TRUE,FALSE,NA,not_attempted,,,public,not_normalized
src_324607d7dfe9,TRUE,TRUE,2026-10-03T14:03:21.670Z,success,polling_candidate_links;polling_division_results;polling_summary_fields;polling_units,polling_candidate_links;polling_division_results;polling_summary_fields;polling_units,public,see_table_status_and_dictionary
src_1e7acd829314,TRUE,FALSE,NA,not_attempted,,,public,not_normalized
src_c0f026d4e2c4,TRUE,FALSE,NA,not_attempted,,,public,not_normalized
src_4e9171631c9b,TRUE,TRUE,2026-10-03T14:03:23.293Z,success,by_elections;district_indicators;elections;historical_candidate_results;historical_district_results;historical_party_results;historical_turnout;result_source_fields;results_candidate;results_party;turnout;turnout_history,by_elections;district_indicators;elections;historical_candidate_results;historical_district_results;historical_party_results;historical_turnout;result_source_fields;results_candidate;results_party;turnout;turnout_history,public,see_table_status_and_dictionary
src_808b93f37473,TRUE,FALSE,NA,not_attempted,,,public,not_normalized
src_c6e34a960a7f,TRUE,FALSE,NA,not_attempted,,,public,not_normalized
src_ef2203eee937,TRUE,FALSE,NA,not_attempted,,,public,not_normalized
src_e3b05abc0ccd,TRUE,FALSE,NA,not_attempted,,,public,not_normalized
src_802dafc4ec60,TRUE,FALSE,NA,not_attempted,,,public,not_normalized
src_827a94931755,TRUE,TRUE,2026-10-03T14:03:25.367Z,success,polling_candidate_links;polling_division_results;polling_summary_fields;polling_units,polling_candidate_links;polling_division_results;polling_summary_fields;polling_units,public,see_table_status_and_dictionary
src_7bbf1de818ea,TRUE,FALSE,NA,not_attempted,,,public,not_normalized
src_88f59b484c33,TRUE,FALSE,NA,not_attempted,,,public,not_normalized
src_2d4e90d4e476,TRUE,TRUE,2026-10-03T14:03:27.324Z,success,by_elections;district_indicators;elections;historical_candidate_results;historical_district_results;historical_party_results;historical_turnout;result_source_fields;results_candidate;results_party;turnout;turnout_history,by_elections;district_indicators;elections;historical_candidate_results;historical_district_results;historical_party_results;historical_turnout;result_source_fields;results_candidate;results_party;turnout;turnout_history,public,see_table_status_and_dictionary
src_b48971da6cff,TRUE,FALSE,NA,not_attempted,,,public,not_normalized
src_a2519a4e9f15,TRUE,FALSE,NA,not_attempted,,,public,not_normalized
src_3ac387abee63,TRUE,FALSE,NA,not_attempted,,,public,not_normalized
src_e37fa1d69577,TRUE,FALSE,NA,not_attempted,,,public,not_normalized
src_6511f00e91fc,TRUE,FALSE,NA,not_attempted,,,public,not_normalized
src_979ff86575ac,TRUE,TRUE,2026-10-03T14:03:29.369Z,success,polling_candidate_links;polling_division_results;polling_summary_fields;polling_units,polling_candidate_links;polling_division_results;polling_summary_fields;polling_units,public,see_table_status_and_dictionary
src_a19bc4d24000,TRUE,FALSE,NA,not_attempted,,,public,not_normalized
src_6af47ec0d274,TRUE,FALSE,NA,not_attempted,,,public,not_normalized
src_9869ef080ebd,TRUE,TRUE,2026-10-03T14:03:31.509Z,success,by_elections;district_indicators;elections;historical_candidate_results;historical_district_results;historical_party_results;historical_turnout;result_source_fields;results_candidate;results_party;turnout;turnout_history,by_elections;district_indicators;elections;historical_candidate_results;historical_district_results;historical_party_results;historical_turnout;result_source_fields;results_candidate;results_party;turnout;turnout_history,public,see_table_status_and_dictionary
src_7d8c813b1817,TRUE,FALSE,NA,not_attempted,,,public,not_normalized
src_330c8d7c4ee2,TRUE,FALSE,NA,not_attempted,,,public,not_normalized
src_6ab46dc94dd8,TRUE,FALSE,NA,not_attempted,,,public,not_normalized
src_eaa906f8a672,TRUE,FALSE,NA,not_attempted,,,public,not_normalized
src_1a0bfb15b66c,TRUE,FALSE,NA,not_attempted,,,public,not_normalized
src_71477ce5c01a,TRUE,TRUE,2026-10-03T14:03:33.827Z,success,polling_candidate_links;polling_division_results;polling_summary_fields;polling_units,polling_candidate_links;polling_division_results;polling_summary_fields;polling_units,public,see_table_status_and_dictionary
src_1401048227f5,TRUE,FALSE,NA,not_attempted,,,public,not_normalized
src_d8948207d46b,TRUE,FALSE,NA,not_attempted,,,public,not_normalized
src_46b2b80361d8,TRUE,TRUE,2026-10-03T14:03:35.992Z,success,by_elections;district_indicators;elections;historical_candidate_results;historical_district_results;historical_party_results;historical_turnout;result_source_fields;results_candidate;results_party;turnout;turnout_history,by_elections;district_indicators;elections;historical_candidate_results;historical_district_results;historical_party_results;historical_turnout;result_source_fields;results_candidate;results_party;turnout;turnout_history,public,see_table_status_and_dictionary
src_b695180539dd,TRUE,FALSE,NA,not_attempted,,,public,not_normalized
src_0c47c29d752f,TRUE,FALSE,NA,not_attempted,,,public,not_normalized
src_8f2baf71b5a5,TRUE,FALSE,NA,not_attempted,,,public,not_normalized
src_43d255051970,TRUE,FALSE,NA,not_attempted,,,public,not_normalized
src_ec5f4ebdb258,TRUE,FALSE,NA,not_attempted,,,public,not_normalized
src_790afb52d855,TRUE,TRUE,2026-10-03T14:03:38.370Z,success,polling_candidate_links;polling_division_results;polling_summary_fields;polling_units,polling_candidate_links;polling_division_results;polling_summary_fields;polling_units,public,see_table_status_and_dictionary
src_c7edd85ffcc3,TRUE,FALSE,NA,not_attempted,,,public,not_normalized
src_403a156ac12a,TRUE,FALSE,NA,not_attempted,,,public,not_normalized
src_d0efa9a1d2ca,TRUE,TRUE,2026-10-03T14:03:40.726Z,success,by_elections;district_indicators;elections;historical_candidate_results;historical_district_results;historical_party_results;historical_turnout;result_source_fields;results_candidate;results_party;turnout;turnout_history,by_elections;district_indicators;elections;historical_candidate_results;historical_district_results;historical_party_results;historical_turnout;result_source_fields;results_candidate;results_party;turnout;turnout_history,public,see_table_status_and_dictionary
src_a3752a00baf5,TRUE,FALSE,NA,not_attempted,,,public,not_normalized
src_dab9e5e1652a,TRUE,FALSE,NA,not_attempted,,,public,not_normalized
src_48ee21569bc5,TRUE,FALSE,NA,not_attempted,,,public,not_normalized
src_9a4e8dfed70e,TRUE,FALSE,NA,not_attempted,,,public,not_normalized
src_ca1048617210,TRUE,FALSE,NA,not_attempted,,,public,not_normalized
src_4b31782ef406,TRUE,TRUE,2026-10-03T14:03:42.581Z,success,polling_candidate_links;polling_division_results;polling_summary_fields;polling_units,polling_candidate_links;polling_division_results;polling_summary_fields;polling_units,public,see_table_status_and_dictionary
src_f09c8f143206,TRUE,FALSE,NA,not_attempted,,,public,not_normalized
src_abcf2f107f8e,TRUE,FALSE,NA,not_attempted,,,public,not_normalized
src_68477afa07d6,TRUE,TRUE,2026-10-03T14:03:44.878Z,success,by_elections;district_indicators;elections;historical_candidate_results;historical_district_results;historical_party_results;historical_turnout;result_source_fields;results_candidate;results_party;turnout;turnout_history,by_elections;district_indicators;elections;historical_candidate_results;historical_district_results;historical_party_results;historical_turnout;result_source_fields;results_candidate;results_party;turnout;turnout_history,public,see_table_status_and_dictionary
src_99acf90e5008,TRUE,FALSE,NA,not_attempted,,,public,not_normalized
src_19600b0ef61f,TRUE,FALSE,NA,not_attempted,,,public,not_normalized
src_7683e6033b35,TRUE,FALSE,NA,not_attempted,,,public,not_normalized
src_6d3ff45e39c4,TRUE,FALSE,NA,not_attempted,,,public,not_normalized
src_108e9c420045,TRUE,FALSE,NA,not_attempted,,,public,not_normalized
src_0ce80283f028,TRUE,TRUE,2026-10-03T14:03:47.272Z,success,polling_candidate_links;polling_division_results;polling_summary_fields;polling_units,polling_candidate_links;polling_division_results;polling_summary_fields;polling_units,public,see_table_status_and_dictionary
src_29d8ae1c3144,TRUE,FALSE,NA,not_attempted,,,public,not_normalized
src_cf3dcde9fd69,TRUE,FALSE,NA,not_attempted,,,public,not_normalized
src_04249426efff,TRUE,TRUE,2026-10-03T14:03:49.166Z,success,by_elections;district_indicators;elections;historical_candidate_results;historical_district_results;historical_party_results;historical_turnout;result_source_fields;results_candidate;results_party;turnout;turnout_history,by_elections;district_indicators;elections;historical_candidate_results;historical_district_results;historical_party_results;historical_turnout;result_source_fields;results_candidate;results_party;turnout;turnout_history,public,see_table_status_and_dictionary
src_43b88aeb23c0,TRUE,FALSE,NA,not_attempted,,,public,not_normalized
src_c7363bb75dd8,TRUE,FALSE,NA,not_attempted,,,public,not_normalized
src_f87bacee9943,TRUE,FALSE,NA,not_attempted,,,public,not_normalized
src_2758d4473670,TRUE,FALSE,NA,not_attempted,,,public,not_normalized
src_b25a005a35fb,TRUE,FALSE,NA,not_attempted,,,public,not_normalized
src_3c0feca35341,TRUE,TRUE,2026-10-03T14:03:51.238Z,success,polling_candidate_links;polling_division_results;polling_summary_fields;polling_units,polling_candidate_links;polling_division_results;polling_summary_fields;polling_units,public,see_table_status_and_dictionary
src_6bf4cdbbe7db,TRUE,FALSE,NA,not_attempted,,,public,not_normalized
src_dfdca2120b56,TRUE,FALSE,NA,not_attempted,,,public,not_normalized
src_f5041537304c,TRUE,TRUE,2026-10-03T14:03:53.452Z,success,district_indicators;elections;historical_candidate_results;historical_district_results;historical_party_results;historical_turnout;result_source_fields;results_candidate;results_party;turnout;turnout_history,district_indicators;elections;historical_candidate_results;historical_district_results;historical_party_results;historical_turnout;result_source_fields;results_candidate;results_party;turnout;turnout_history,public,see_table_status_and_dictionary
src_b65969813087,TRUE,FALSE,NA,not_attempted,,,public,not_normalized
src_343ddf3d6622,TRUE,FALSE,NA,not_attempted,,,public,not_normalized
src_3195e635d56f,TRUE,FALSE,NA,not_attempted,,,public,not_normalized
src_9270ff954fa1,TRUE,FALSE,NA,not_attempted,,,public,not_normalized
src_b4ec6fe93a60,TRUE,FALSE,NA,not_attempted,,,public,not_normalized
src_71826904d44e,TRUE,TRUE,2026-10-03T14:03:56.217Z,success,polling_candidate_links;polling_division_results;polling_summary_fields;polling_units,polling_candidate_links;polling_division_results;polling_summary_fields;polling_units,public,see_table_status_and_dictionary
src_a0bedefcbbb2,TRUE,TRUE,2026-10-03T14:03:58.582Z,success,by_elections;district_indicators;elections;historical_candidate_results;historical_district_results;historical_party_results;historical_turnout;result_source_fields;results_candidate;results_party;turnout;turnout_history,by_elections;district_indicators;elections;historical_candidate_results;historical_district_results;historical_party_results;historical_turnout;result_source_fields;results_candidate;results_party;turnout;turnout_history,public,see_table_status_and_dictionary
src_7aa3654393a5,TRUE,FALSE,NA,not_attempted,,,public,not_normalized
src_c07617b97e4a,TRUE,FALSE,NA,not_attempted,,,public,not_normalized
src_75de6efa8f89,TRUE,FALSE,NA,not_attempted,,,public,not_normalized
src_afc67bde2485,TRUE,FALSE,NA,not_attempted,,,public,not_normalized
src_ffaa3ff9c549,TRUE,FALSE,NA,not_attempted,,,public,not_normalized
src_95002082f0df,TRUE,TRUE,2026-10-03T14:04:00.560Z,success,polling_candidate_links;polling_division_results;polling_summary_fields;polling_units,polling_candidate_links;polling_division_results;polling_summary_fields;polling_units,public,see_table_status_and_dictionary
src_e91d45d3f2aa,TRUE,TRUE,2026-10-03T14:13:55.122Z,success,candidates_2012,candidates_2012,public,see_table_status_and_dictionary
src_f428cc11d231,TRUE,TRUE,2026-10-03T14:04:04.715Z,success,district_indicators;elections;historical_candidate_results;historical_district_results;historical_party_results;historical_turnout;polling_candidate_links;polling_division_results;polling_units;results_candidate;results_party;turnout;turnout_history,district_indicators;elections;historical_candidate_results;historical_district_results;historical_party_results;historical_turnout;polling_candidate_links;polling_division_results;polling_units;results_candidate;results_party;turnout;turnout_history,public,see_table_status_and_dictionary
src_02de9feae13c,TRUE,TRUE,2026-10-03T14:04:06.939Z,success,electoral_districts,electoral_districts,public,see_table_status_and_dictionary
src_55a022bf40dc,TRUE,FALSE,NA,not_attempted,,,public,not_normalized
src_982233d9cc25,TRUE,TRUE,2026-10-03T14:04:09.656Z,success,district_crosswalk_2017_2026;district_map_changes_spatial;electoral_district_geometries,district_crosswalk_2017_2026;district_map_changes_spatial;electoral_district_geometries,public,see_table_status_and_dictionary
src_73afd1588720,TRUE,TRUE,2026-10-03T14:04:10.927Z,success,electoral_districts,electoral_districts,public,see_table_status_and_dictionary
src_58ab46e87edc,TRUE,FALSE,NA,not_attempted,,,public,not_normalized
src_038f7589e400,TRUE,TRUE,2026-10-03T14:04:14.796Z,success,electoral_district_geometries,electoral_district_geometries,public,see_table_status_and_dictionary
src_1320ae322de0,TRUE,TRUE,2026-10-03T14:04:16.110Z,success,electoral_districts,electoral_districts,public,see_table_status_and_dictionary
src_fff9f7d68b5b,TRUE,FALSE,NA,not_attempted,,,public,not_normalized
src_5103d4eb62df,TRUE,FALSE,NA,not_attempted,,,public,not_normalized
src_3a14a265de29,TRUE,FALSE,NA,not_attempted,,,public,not_normalized
src_fb6e036fc5c2,TRUE,FALSE,NA,not_attempted,,,public,not_normalized
src_fbb8a3df7132,TRUE,FALSE,NA,not_attempted,,,public,not_normalized
src_68ba8c08b190,TRUE,TRUE,2026-10-03T14:04:20.957Z,success,election_calendar_2026,election_calendar_2026,public,see_table_status_and_dictionary
src_8aa6dad1bef2,TRUE,FALSE,NA,not_attempted,,,local_only,not_normalized
src_e18feb7f6138,TRUE,FALSE,NA,not_attempted,,,local_only,not_normalized
src_0986c7e08891,TRUE,FALSE,NA,not_attempted,,,local_only,not_normalized
src_ce7ebc96c846,TRUE,FALSE,NA,not_attempted,,,local_only,not_normalized
src_19ef63732e62,TRUE,FALSE,NA,not_attempted,,,local_only,not_normalized
src_26d0b0bb30fe,TRUE,FALSE,NA,not_attempted,,,local_only,not_normalized
src_7fa1837ed31d,TRUE,FALSE,NA,not_attempted,,,local_only,not_normalized
src_f6745914d8d9,TRUE,FALSE,NA,not_attempted,,,local_only,not_normalized
src_057f3c4b5ba9,TRUE,FALSE,NA,not_attempted,,,local_only,not_normalized
src_e046bda5a5e3,TRUE,FALSE,NA,not_attempted,,,local_only,not_normalized
src_7766f5e7804b,TRUE,FALSE,NA,not_attempted,,,local_only,not_normalized
src_fba2defabe48,TRUE,FALSE,NA,not_attempted,,,local_only,not_normalized
src_ea8ed4f61e2d,TRUE,FALSE,NA,not_attempted,,,local_only,not_normalized
src_afb3fb9f348b,TRUE,FALSE,NA,not_attempted,,,local_only,not_normalized
src_170e30bf3bd6,TRUE,FALSE,NA,not_attempted,,,local_only,not_normalized
src_5444ff196d7e,TRUE,FALSE,NA,not_attempted,,,local_only,not_normalized
src_6d046ba5e3a1,TRUE,FALSE,NA,not_attempted,,,local_only,not_normalized
src_4ebaa48de588,TRUE,TRUE,2026-10-03T14:04:28.548Z,success,district_demographics,,local_only,see_table_status_and_dictionary
src_495ef4dbd856,TRUE,FALSE,NA,not_attempted,,,local_only,not_normalized
src_db7b85b09fae,TRUE,FALSE,NA,not_attempted,,,local_only,not_normalized
src_a4c4c328cbac,TRUE,FALSE,NA,not_attempted,,,local_only,not_normalized
src_1e59303c651c,TRUE,FALSE,NA,not_attempted,,,local_only,not_normalized
src_839c58575dc4,TRUE,FALSE,NA,not_attempted,,,local_only,not_normalized
src_54537d31b097,TRUE,FALSE,NA,not_attempted,,,local_only,not_normalized
src_40018b75ac27,TRUE,FALSE,NA,not_attempted,,,local_only,not_normalized
src_c3fc30f54411,TRUE,FALSE,NA,not_attempted,,,local_only,not_normalized
src_769c93874735,TRUE,FALSE,NA,not_attempted,,,local_only,not_normalized
src_43bc8d648d76,TRUE,FALSE,NA,not_attempted,,,local_only,not_normalized
src_27878ecf6c46,TRUE,FALSE,NA,not_attempted,,,local_only,not_normalized
src_15c37fd2f551,TRUE,FALSE,NA,not_attempted,,,local_only,not_normalized
src_3c60c14c17fb,TRUE,FALSE,NA,not_attempted,,,local_only,not_normalized
src_caef94c1269b,TRUE,FALSE,NA,not_attempted,,,local_only,not_normalized
src_50d5d6e8cccd,TRUE,FALSE,NA,not_attempted,,,local_only,not_normalized
src_302170bfda91,TRUE,FALSE,NA,not_attempted,,,local_only,not_normalized
src_5e4b0ff5dd36,TRUE,TRUE,2026-10-07T15:36:16.591Z,success,,,local_only,not_normalized
src_fd99c43283f3,TRUE,TRUE,2026-10-07T15:36:17.499Z,success,turnout_preliminary_2026,,local_only,see_table_status_and_dictionary
src_c4d0e6a0340b,TRUE,TRUE,2026-10-03T14:04:36.949Z,success,,,local_only,not_normalized
src_b0ef08f0bdfb,TRUE,TRUE,2026-10-03T14:04:40.430Z,success,financial_document_index;financial_source_cells,,local_only,see_table_status_and_dictionary
src_e4c70ec5dd92,TRUE,TRUE,2026-10-03T14:04:44.380Z,success,financial_document_index;financial_source_cells,,local_only,see_table_status_and_dictionary
src_b57789261106,TRUE,TRUE,2026-10-03T14:04:49.855Z,success,financial_document_index;financial_source_cells,,local_only,see_table_status_and_dictionary
src_06599b3ec306,TRUE,TRUE,2026-10-03T14:04:53.560Z,success,financial_document_index;financial_source_cells,,local_only,see_table_status_and_dictionary
src_b2d99a2a3c38,TRUE,TRUE,2026-10-03T14:04:57.443Z,success,financial_document_index,,local_only,see_table_status_and_dictionary
src_cfa059b20a2d,TRUE,TRUE,2026-10-03T14:05:00.318Z,success,financial_document_index;financial_source_cells,,local_only,see_table_status_and_dictionary
src_8e7bf04b4fe1,TRUE,TRUE,2026-10-03T14:05:03.702Z,success,financial_document_index,,local_only,see_table_status_and_dictionary
src_59f64ad94c02,TRUE,TRUE,2026-10-03T14:05:06.341Z,success,financial_document_index,,local_only,see_table_status_and_dictionary
src_3b92b8cc26b6,TRUE,TRUE,2026-10-03T14:05:09.049Z,success,financial_document_index,,local_only,see_table_status_and_dictionary
src_251ab0443811,TRUE,TRUE,2026-10-03T14:05:17.501Z,success,financial_document_index,,local_only,see_table_status_and_dictionary
src_392003166bb2,TRUE,TRUE,2026-10-03T14:05:19.615Z,success,financial_document_index,,local_only,see_table_status_and_dictionary
src_cd2c60ae4c6f,TRUE,TRUE,2026-10-03T14:05:21.377Z,success,financial_document_index;financial_source_cells,,local_only,see_table_status_and_dictionary
src_01db39f4e4f2,TRUE,TRUE,2026-10-03T14:05:23.500Z,success,financial_document_index;financial_source_cells,,local_only,see_table_status_and_dictionary
src_8344685c75c9,TRUE,TRUE,2026-10-03T14:05:25.401Z,success,financial_document_index;financial_source_cells,,local_only,see_table_status_and_dictionary
src_4130101dd276,TRUE,TRUE,2026-10-03T14:05:30.455Z,success,financial_document_index;financial_source_cells,,local_only,see_table_status_and_dictionary
src_65edafd16f87,TRUE,TRUE,2026-10-03T14:05:32.051Z,success,financial_document_index;financial_source_cells,,local_only,see_table_status_and_dictionary
src_7dd31b970087,TRUE,TRUE,2026-10-03T14:05:33.393Z,success,financial_document_index;financial_source_cells,,local_only,see_table_status_and_dictionary
src_21aaee328a50,TRUE,TRUE,2026-10-03T14:05:34.767Z,success,financial_document_index;financial_source_cells,,local_only,see_table_status_and_dictionary
src_8577ec740ac7,TRUE,TRUE,2026-10-03T14:05:35.947Z,success,financial_document_index;financial_source_cells,,local_only,see_table_status_and_dictionary
src_ac0cb08c837d,TRUE,TRUE,2026-10-03T14:05:37.555Z,success,financial_document_index;financial_source_cells,,local_only,see_table_status_and_dictionary
src_0e7cf8e163b5,TRUE,TRUE,2026-10-03T14:05:39.074Z,success,financial_document_index;financial_source_cells;party_balance_sheet;party_cashflows;party_finance_expenses;party_finance_income,,local_only,see_table_status_and_dictionary
src_f5ccbf4af143,TRUE,TRUE,2026-10-03T14:05:40.679Z,success,financial_document_index;party_finance_income_summary;party_finances_annual,,local_only,see_table_status_and_dictionary
src_b9dde0657417,TRUE,TRUE,2026-10-03T14:05:42.170Z,success,financial_document_index;financial_source_cells,,local_only,see_table_status_and_dictionary
src_e7b880c95d34,TRUE,TRUE,2026-10-03T14:05:43.500Z,success,financial_document_index;financial_source_cells,,local_only,see_table_status_and_dictionary
src_7b1f1238df02,TRUE,TRUE,2026-10-03T14:05:45.151Z,success,financial_document_index;financial_source_cells,,local_only,see_table_status_and_dictionary
src_adc81a41ea0d,TRUE,TRUE,2026-10-03T14:05:46.639Z,success,financial_document_index;financial_source_cells,,local_only,see_table_status_and_dictionary
src_0d1d6cdde36f,TRUE,TRUE,2026-10-03T14:05:48.811Z,success,financial_document_index;financial_source_cells,,local_only,see_table_status_and_dictionary
src_3cb676498080,TRUE,TRUE,2026-10-03T14:05:51.903Z,success,financial_document_index,,local_only,see_table_status_and_dictionary
src_cdfd61f2d179,TRUE,TRUE,2026-10-03T14:05:54.146Z,success,financial_document_index;financial_source_cells,,local_only,see_table_status_and_dictionary
src_dd068e225997,TRUE,TRUE,2026-10-03T14:05:56.219Z,success,financial_document_index,,local_only,see_table_status_and_dictionary
src_7e9e3954bd04,TRUE,TRUE,2026-10-03T14:05:58.427Z,success,financial_document_index;financial_source_cells,,local_only,see_table_status_and_dictionary
src_73c753ead3d5,TRUE,TRUE,2026-10-03T14:06:00.584Z,success,financial_document_index;financial_source_cells,,local_only,see_table_status_and_dictionary
src_d2b064deac6f,TRUE,TRUE,2026-10-03T14:06:02.978Z,success,financial_document_index,,local_only,see_table_status_and_dictionary
src_558d29f3a92b,TRUE,TRUE,2026-10-03T14:06:04.615Z,success,financial_document_index;financial_source_cells,,local_only,see_table_status_and_dictionary
src_c5c8ca7eeeec,TRUE,TRUE,2026-10-03T14:06:06.268Z,success,financial_document_index;financial_source_cells,,local_only,see_table_status_and_dictionary
src_77b4511c2119,TRUE,TRUE,2026-10-03T14:06:08.673Z,success,financial_document_index;financial_source_cells,,local_only,see_table_status_and_dictionary
src_f495bda36f8d,TRUE,TRUE,2026-10-03T14:06:10.129Z,success,financial_document_index,,local_only,see_table_status_and_dictionary
src_d99abe36efb8,TRUE,TRUE,2026-10-03T14:06:12.028Z,success,financial_document_index;financial_source_cells,,local_only,see_table_status_and_dictionary
src_c6d71d6d580d,TRUE,TRUE,2026-10-03T14:06:13.357Z,success,financial_document_index;financial_source_cells,,local_only,see_table_status_and_dictionary
src_0430ecbf1742,TRUE,TRUE,2026-10-03T14:06:14.670Z,success,financial_document_index;financial_source_cells,,local_only,see_table_status_and_dictionary
src_9cbc327320c6,TRUE,TRUE,2026-10-03T14:06:19.286Z,success,financial_document_index,,local_only,see_table_status_and_dictionary
src_84d64b0bbdff,TRUE,TRUE,2026-10-03T14:06:20.865Z,success,financial_document_index,,local_only,see_table_status_and_dictionary
src_4fb8bcb556fb,TRUE,TRUE,2026-10-03T14:06:22.236Z,success,financial_document_index,,local_only,see_table_status_and_dictionary
src_5e280cd552cb,TRUE,TRUE,2026-10-03T14:06:24.068Z,success,financial_document_index,,local_only,see_table_status_and_dictionary
src_0d28abe6a2f0,TRUE,TRUE,2026-10-03T14:06:26.419Z,success,financial_document_index,,local_only,see_table_status_and_dictionary
src_63d4ba97bf4f,TRUE,TRUE,2026-10-03T14:06:27.760Z,success,financial_document_index,,local_only,see_table_status_and_dictionary
src_40e521c05526,TRUE,TRUE,2026-10-03T14:06:29.070Z,success,financial_document_index;financial_source_cells,,local_only,see_table_status_and_dictionary
src_e50ac29d2302,TRUE,TRUE,2026-10-03T14:06:30.145Z,success,financial_document_index;financial_source_cells,,local_only,see_table_status_and_dictionary
src_4199d4233974,TRUE,TRUE,2026-10-03T14:06:33.048Z,success,financial_document_index,,local_only,see_table_status_and_dictionary
src_390a840e73f7,TRUE,TRUE,2026-10-03T14:06:36.085Z,success,financial_document_index;financial_source_cells,,local_only,see_table_status_and_dictionary
src_31f2eb3b2622,TRUE,TRUE,2026-10-03T14:06:37.386Z,success,financial_document_index;financial_source_cells,,local_only,see_table_status_and_dictionary
src_d4169719140d,TRUE,TRUE,2026-10-03T14:06:39.170Z,success,financial_document_index,,local_only,see_table_status_and_dictionary
src_e22f007bbf1a,TRUE,TRUE,2026-10-03T14:06:41.563Z,success,financial_document_index;financial_source_cells,,local_only,see_table_status_and_dictionary
src_fed3b569ec4c,TRUE,TRUE,2026-10-03T14:06:43.311Z,success,financial_document_index;financial_source_cells,,local_only,see_table_status_and_dictionary
src_575d2987addb,TRUE,TRUE,2026-10-03T14:06:44.498Z,success,financial_document_index,,local_only,see_table_status_and_dictionary
src_39edca168dc8,TRUE,TRUE,2026-10-03T14:06:46.122Z,success,financial_document_index,,local_only,see_table_status_and_dictionary
src_13e09283669f,TRUE,TRUE,2026-10-03T14:06:47.371Z,success,financial_document_index;financial_source_cells,,local_only,see_table_status_and_dictionary
src_ce10886d40ac,TRUE,TRUE,2026-10-03T14:06:49.583Z,success,financial_document_index,,local_only,see_table_status_and_dictionary
src_01653decb21f,TRUE,TRUE,2026-10-03T14:06:51.062Z,success,financial_document_index,,local_only,see_table_status_and_dictionary
src_cc5cdeafbc27,TRUE,TRUE,2026-10-03T14:06:56.945Z,success,financial_document_index,,local_only,see_table_status_and_dictionary
src_b26df8df1011,TRUE,TRUE,2026-10-03T14:06:58.800Z,success,financial_document_index;financial_source_cells,,local_only,see_table_status_and_dictionary
src_da98722f41f3,TRUE,TRUE,2026-10-03T14:07:02.132Z,success,financial_document_index;financial_source_cells,,local_only,see_table_status_and_dictionary
src_9d9a4eb99727,TRUE,TRUE,2026-10-03T14:07:04.909Z,success,financial_document_index;financial_source_cells,,local_only,see_table_status_and_dictionary
src_ed34c69c5ecd,TRUE,TRUE,2026-10-03T14:07:08.280Z,success,financial_document_index;financial_source_cells,,local_only,see_table_status_and_dictionary
src_d5d3dc32bb16,TRUE,TRUE,2026-10-03T14:07:13.053Z,success,financial_document_index,,local_only,see_table_status_and_dictionary
src_a6523fa7d68d,TRUE,TRUE,2026-10-03T14:07:21.995Z,success,financial_document_index;financial_source_cells,,local_only,see_table_status_and_dictionary
src_08f6d4dd797b,TRUE,TRUE,2026-10-03T14:07:23.753Z,success,financial_document_index;financial_source_cells,,local_only,see_table_status_and_dictionary
src_71fd573af26d,TRUE,TRUE,2026-10-03T14:07:27.987Z,success,financial_document_index;financial_source_cells,,local_only,see_table_status_and_dictionary
src_6dbb95ae2ee7,TRUE,TRUE,2026-10-03T14:07:31.106Z,success,financial_document_index;financial_source_cells,,local_only,see_table_status_and_dictionary
src_22d2ccbe1ef9,TRUE,TRUE,2026-10-03T14:07:34.173Z,success,financial_document_index,,local_only,see_table_status_and_dictionary
src_904bc4c13c21,TRUE,TRUE,2026-10-03T14:07:37.085Z,success,financial_document_index;financial_source_cells,,local_only,see_table_status_and_dictionary
src_8c6e64b8b7dd,TRUE,TRUE,2026-10-03T14:07:38.515Z,success,financial_document_index;financial_source_cells,,local_only,see_table_status_and_dictionary
src_4030453a1a09,TRUE,TRUE,2026-10-03T14:07:40.642Z,success,financial_document_index,,local_only,see_table_status_and_dictionary
src_9b242a7b20c0,TRUE,TRUE,2026-10-03T14:07:42.508Z,success,financial_document_index,,local_only,see_table_status_and_dictionary
src_197bee911bd5,TRUE,TRUE,2026-10-03T14:07:44.298Z,success,financial_document_index,,local_only,see_table_status_and_dictionary
src_563344971807,TRUE,TRUE,2026-10-03T14:07:46.067Z,success,financial_document_index,,local_only,see_table_status_and_dictionary
src_3457d4b19498,TRUE,TRUE,2026-10-03T14:07:47.782Z,success,financial_document_index,,local_only,see_table_status_and_dictionary
src_8b46f44f81a2,TRUE,TRUE,2026-10-03T14:07:50.303Z,success,financial_document_index,,local_only,see_table_status_and_dictionary
src_c670b2ad96cd,TRUE,TRUE,2026-10-03T14:07:52.969Z,success,financial_document_index;financial_source_cells,,local_only,see_table_status_and_dictionary
src_447546851c00,TRUE,TRUE,2026-10-03T14:07:54.808Z,success,financial_document_index;financial_source_cells,,local_only,see_table_status_and_dictionary
src_c684e6486512,TRUE,TRUE,2026-10-03T14:07:57.700Z,success,financial_document_index,,local_only,see_table_status_and_dictionary
src_be60303b8e1a,TRUE,TRUE,2026-10-03T14:07:59.935Z,success,financial_document_index,,local_only,see_table_status_and_dictionary
src_d5493b320855,TRUE,TRUE,2026-10-03T14:08:01.671Z,success,financial_document_index;financial_source_cells,,local_only,see_table_status_and_dictionary
src_4ac6705b1733,TRUE,TRUE,2026-10-03T14:08:03.567Z,success,financial_document_index;financial_source_cells,,local_only,see_table_status_and_dictionary
src_172d80020f33,TRUE,TRUE,2026-10-03T14:08:05.686Z,success,financial_document_index,,local_only,see_table_status_and_dictionary
src_9760322a26cc,TRUE,TRUE,2026-10-03T14:08:07.819Z,success,financial_document_index,,local_only,see_table_status_and_dictionary
src_8fac60efafa5,TRUE,TRUE,2026-10-03T14:08:10.302Z,success,financial_document_index;financial_source_cells,,local_only,see_table_status_and_dictionary
src_b5b4cb2a6f00,TRUE,TRUE,2026-10-03T14:08:13.182Z,success,financial_document_index,,local_only,see_table_status_and_dictionary
src_99371d5e70de,TRUE,TRUE,2026-10-03T14:08:14.612Z,success,financial_document_index,,local_only,see_table_status_and_dictionary
src_33f448bae42f,TRUE,TRUE,2026-10-03T14:08:16.465Z,success,financial_document_index,,local_only,see_table_status_and_dictionary
src_71f42be68dcf,TRUE,TRUE,2026-10-03T14:08:18.893Z,success,financial_document_index;financial_source_cells,,local_only,see_table_status_and_dictionary
src_1d3134adf692,TRUE,TRUE,2026-10-03T14:08:21.600Z,success,financial_document_index,,local_only,see_table_status_and_dictionary
src_845baa6b22e3,TRUE,TRUE,2026-10-03T14:08:24.531Z,success,financial_document_index,,local_only,see_table_status_and_dictionary
src_0b7a46df3ff2,TRUE,TRUE,2026-10-03T14:08:26.431Z,success,financial_document_index;financial_source_cells,,local_only,see_table_status_and_dictionary
src_eca05b07125b,TRUE,TRUE,2026-10-03T14:08:28.337Z,success,financial_document_index;financial_source_cells,,local_only,see_table_status_and_dictionary
src_16def4ce33a4,TRUE,TRUE,2026-10-03T14:08:30.679Z,success,financial_document_index,,local_only,see_table_status_and_dictionary
src_e7445643d3d4,TRUE,TRUE,2026-10-03T14:08:32.944Z,success,financial_document_index,,local_only,see_table_status_and_dictionary
src_3d51b813921f,TRUE,TRUE,2026-10-03T14:08:34.480Z,success,financial_document_index,,local_only,see_table_status_and_dictionary
src_06c98e429bbc,TRUE,TRUE,2026-10-03T14:08:36.030Z,success,financial_document_index,,local_only,see_table_status_and_dictionary
src_dd29e2c459c7,TRUE,TRUE,2026-10-03T14:08:37.826Z,success,financial_document_index,,local_only,see_table_status_and_dictionary
src_945db0e19a86,TRUE,TRUE,2026-10-03T14:08:39.554Z,success,financial_document_index;financial_source_cells,,local_only,see_table_status_and_dictionary
src_50e87f4bc76d,TRUE,TRUE,2026-10-03T14:08:41.670Z,success,financial_document_index;financial_source_cells,,local_only,see_table_status_and_dictionary
src_ef3f44f8c54b,TRUE,TRUE,2026-10-03T14:08:43.513Z,success,financial_document_index;financial_source_cells,,local_only,see_table_status_and_dictionary
src_f87b90873988,TRUE,TRUE,2026-10-03T14:08:46.341Z,success,financial_document_index,,local_only,see_table_status_and_dictionary
src_20b050cb2b74,TRUE,TRUE,2026-10-03T14:08:48.210Z,success,financial_document_index,,local_only,see_table_status_and_dictionary
src_678ea79704de,TRUE,TRUE,2026-10-03T14:08:51.181Z,success,financial_document_index,,local_only,see_table_status_and_dictionary
src_2a046ae04271,TRUE,TRUE,2026-10-03T14:08:53.073Z,success,financial_document_index,,local_only,see_table_status_and_dictionary
src_14dc136c3aa7,TRUE,TRUE,2026-10-03T14:08:55.103Z,success,financial_document_index,,local_only,see_table_status_and_dictionary
src_ade90b033b7a,TRUE,TRUE,2026-10-03T14:08:56.638Z,success,financial_document_index,,local_only,see_table_status_and_dictionary
src_214987e95e50,TRUE,TRUE,2026-10-03T14:08:58.076Z,success,financial_document_index,,local_only,see_table_status_and_dictionary
src_65713a00c1bc,TRUE,TRUE,2026-10-03T14:08:59.497Z,success,financial_document_index,,local_only,see_table_status_and_dictionary
src_cbaf90c3a68c,TRUE,TRUE,2026-10-03T14:09:01.074Z,success,financial_document_index,,local_only,see_table_status_and_dictionary
src_cdff887a5b04,TRUE,TRUE,2026-10-03T14:09:02.825Z,success,financial_document_index,,local_only,see_table_status_and_dictionary
src_c96ce46e6374,TRUE,TRUE,2026-10-03T14:09:04.481Z,success,financial_document_index,,local_only,see_table_status_and_dictionary
src_bea0d9ef1d15,TRUE,TRUE,2026-10-03T14:09:06.510Z,success,financial_document_index,,local_only,see_table_status_and_dictionary
src_04c89e4f89ee,TRUE,TRUE,2026-10-03T14:09:07.992Z,success,financial_document_index,,local_only,see_table_status_and_dictionary
src_9af91896facf,TRUE,TRUE,2026-10-03T14:09:09.549Z,success,financial_document_index,,local_only,see_table_status_and_dictionary
src_b09d549f52ad,TRUE,TRUE,2026-10-03T14:09:11.014Z,success,financial_document_index,,local_only,see_table_status_and_dictionary
src_183a98cc0bf4,TRUE,TRUE,2026-10-03T14:09:12.976Z,success,financial_document_index,,local_only,see_table_status_and_dictionary
src_d69ef57bf71f,TRUE,TRUE,2026-10-03T14:09:16.135Z,success,financial_document_index,,local_only,see_table_status_and_dictionary
src_2ec4ed615282,TRUE,TRUE,2026-10-03T14:09:19.954Z,success,financial_document_index,,local_only,see_table_status_and_dictionary
src_839eb18fb2a9,TRUE,TRUE,2026-10-03T14:09:22.058Z,success,financial_document_index;financial_source_cells,,local_only,see_table_status_and_dictionary
src_6b9a22aa98e9,TRUE,TRUE,2026-10-03T14:09:24.312Z,success,financial_document_index,,local_only,see_table_status_and_dictionary
src_73b4206cabc5,TRUE,TRUE,2026-10-03T14:09:27.752Z,success,financial_document_index,,local_only,see_table_status_and_dictionary
src_27ed207ba624,TRUE,TRUE,2026-10-03T14:09:31.595Z,success,financial_document_index,,local_only,see_table_status_and_dictionary
src_5077ea4ccdc5,TRUE,TRUE,2026-10-03T14:09:33.878Z,success,financial_document_index,,local_only,see_table_status_and_dictionary
src_87672327e22a,TRUE,TRUE,2026-10-03T14:09:35.480Z,success,financial_document_index;financial_source_cells,,local_only,see_table_status_and_dictionary
src_d9a571d64a43,TRUE,TRUE,2026-10-03T14:09:37.595Z,success,financial_document_index,,local_only,see_table_status_and_dictionary
src_9a1ea8f29823,TRUE,TRUE,2026-10-03T14:09:40.040Z,success,financial_document_index,,local_only,see_table_status_and_dictionary
src_f87c3bf527a2,TRUE,TRUE,2026-10-03T14:09:41.914Z,success,financial_document_index;financial_source_cells,,local_only,see_table_status_and_dictionary
src_9f2f0f6c475b,TRUE,TRUE,2026-10-03T14:09:44.297Z,success,financial_document_index,,local_only,see_table_status_and_dictionary
src_083d5316a9d7,TRUE,TRUE,2026-10-03T14:09:45.965Z,success,financial_document_index,,local_only,see_table_status_and_dictionary
src_03307f0efba9,TRUE,TRUE,2026-10-03T14:09:48.433Z,success,financial_document_index,,local_only,see_table_status_and_dictionary
src_8de2ad80413f,TRUE,TRUE,2026-10-03T14:09:50.524Z,success,financial_document_index;financial_source_cells,,local_only,see_table_status_and_dictionary
src_c5dc594cb4e3,TRUE,TRUE,2026-10-03T14:09:52.659Z,success,financial_document_index,,local_only,see_table_status_and_dictionary
src_3418ed630670,TRUE,TRUE,2026-10-03T14:09:54.882Z,success,financial_document_index,,local_only,see_table_status_and_dictionary
src_90967c6f4fa3,TRUE,TRUE,2026-10-03T14:09:56.931Z,success,financial_document_index;financial_source_cells,,local_only,see_table_status_and_dictionary
src_7d9f5a4ca37e,TRUE,TRUE,2026-10-03T14:09:58.936Z,success,financial_document_index,,local_only,see_table_status_and_dictionary
src_3881b6441404,TRUE,TRUE,2026-10-03T14:10:00.774Z,success,financial_document_index;financial_source_cells,,local_only,see_table_status_and_dictionary
src_466e1d461a11,TRUE,TRUE,2026-10-03T14:10:02.606Z,success,financial_document_index,,local_only,see_table_status_and_dictionary
src_a5755d671651,TRUE,TRUE,2026-10-03T14:10:05.157Z,success,financial_document_index,,local_only,see_table_status_and_dictionary
src_fb2651494845,TRUE,TRUE,2026-10-03T14:10:07.285Z,success,financial_document_index,,local_only,see_table_status_and_dictionary
src_115a079ab306,TRUE,TRUE,2026-10-03T14:10:09.668Z,success,financial_document_index,,local_only,see_table_status_and_dictionary
src_c77306c24d74,TRUE,TRUE,2026-10-03T14:10:13.338Z,success,financial_document_index,,local_only,see_table_status_and_dictionary
src_54b48e4576fa,TRUE,TRUE,2026-10-03T14:10:16.182Z,success,financial_document_index,,local_only,see_table_status_and_dictionary
src_1a978f7fe3c7,TRUE,TRUE,2026-10-03T14:10:19.307Z,success,financial_document_index,,local_only,see_table_status_and_dictionary
src_140312574af1,TRUE,TRUE,2026-10-03T14:10:21.965Z,success,financial_document_index;financial_source_cells,,local_only,see_table_status_and_dictionary
src_6a1b5d8db7aa,TRUE,TRUE,2026-10-03T14:10:24.343Z,success,financial_document_index;financial_source_cells,,local_only,see_table_status_and_dictionary
src_2cdc699b6ab3,TRUE,TRUE,2026-10-03T14:10:26.111Z,success,financial_document_index;financial_source_cells,,local_only,see_table_status_and_dictionary
src_194531bf16f2,TRUE,TRUE,2026-10-03T14:10:28.944Z,success,financial_document_index,,local_only,see_table_status_and_dictionary
src_8762a1d8570a,TRUE,TRUE,2026-10-03T14:10:32.240Z,success,financial_document_index,,local_only,see_table_status_and_dictionary
src_c58af81ddc84,TRUE,TRUE,2026-10-03T14:10:34.869Z,success,financial_document_index,,local_only,see_table_status_and_dictionary
src_47f2e29d249f,TRUE,TRUE,2026-10-03T14:10:38.679Z,success,financial_document_index,,local_only,see_table_status_and_dictionary
src_8461772fb5b1,TRUE,TRUE,2026-10-03T14:10:54.138Z,success,financial_document_index,,local_only,see_table_status_and_dictionary
src_0491eb92dd0d,TRUE,TRUE,2026-10-03T14:10:56.860Z,success,financial_document_index;financial_source_cells,,local_only,see_table_status_and_dictionary
src_83b822a4511b,TRUE,TRUE,2026-10-03T14:10:59.827Z,success,financial_document_index,,local_only,see_table_status_and_dictionary
src_8d74c4a9707d,TRUE,TRUE,2026-10-03T14:11:05.019Z,success,financial_document_index,,local_only,see_table_status_and_dictionary
src_4b97d93847fb,TRUE,TRUE,2026-10-03T14:11:09.553Z,success,financial_document_index,,local_only,see_table_status_and_dictionary
src_30aa6da0cc8f,TRUE,TRUE,2026-10-03T14:11:17.310Z,success,financial_document_index;financial_source_cells,,local_only,see_table_status_and_dictionary
src_379eae41d674,TRUE,TRUE,2026-10-03T14:11:25.957Z,success,financial_document_index;financial_source_cells,,local_only,see_table_status_and_dictionary
src_739db2c62342,TRUE,TRUE,2026-10-03T14:11:33.243Z,success,financial_document_index,,local_only,see_table_status_and_dictionary
src_3350f46b5b55,TRUE,TRUE,2026-10-03T14:11:34.852Z,success,financial_document_index;financial_source_cells,,local_only,see_table_status_and_dictionary
src_f4a3c2665490,TRUE,TRUE,2026-10-03T14:11:36.906Z,success,financial_document_index,,local_only,see_table_status_and_dictionary
src_52df0c4c5fd7,TRUE,TRUE,2026-10-03T14:11:38.521Z,success,financial_document_index,,local_only,see_table_status_and_dictionary
src_70c6575d406d,TRUE,TRUE,2026-10-03T14:11:40.761Z,success,financial_document_index;financial_source_cells,,local_only,see_table_status_and_dictionary
src_7ad103d64f43,TRUE,TRUE,2026-10-03T14:11:42.852Z,success,financial_document_index;financial_source_cells,,local_only,see_table_status_and_dictionary
src_e772efa2dca2,TRUE,TRUE,2026-10-03T14:11:44.855Z,success,financial_document_index,,local_only,see_table_status_and_dictionary
src_7be8c2b29cc2,TRUE,TRUE,2026-10-03T14:11:50.125Z,success,financial_document_index;financial_source_cells,,local_only,see_table_status_and_dictionary
src_1577b9d7a614,TRUE,TRUE,2026-10-03T14:11:53.665Z,success,financial_document_index;financial_source_cells,,local_only,see_table_status_and_dictionary
src_54dae94ab22e,TRUE,TRUE,2026-10-03T14:11:58.745Z,success,financial_document_index,,local_only,see_table_status_and_dictionary
src_9db479e4b0d2,TRUE,TRUE,2026-10-03T14:12:00.913Z,success,financial_document_index,,local_only,see_table_status_and_dictionary
src_64a4ea49bec9,TRUE,TRUE,2026-10-03T14:12:02.750Z,success,financial_document_index;financial_source_cells,,local_only,see_table_status_and_dictionary
src_6d6e4dbbb41c,TRUE,TRUE,2026-10-03T14:12:05.758Z,success,financial_document_index,,local_only,see_table_status_and_dictionary
src_10de0010b623,TRUE,TRUE,2026-10-03T14:12:14.669Z,success,financial_document_index,,local_only,see_table_status_and_dictionary
src_e468ade1c431,TRUE,TRUE,2026-10-03T14:12:17.251Z,success,financial_document_index;financial_source_cells,,local_only,see_table_status_and_dictionary
src_ae55a9b3eed8,TRUE,TRUE,2026-10-03T14:12:22.709Z,success,financial_document_index,,local_only,see_table_status_and_dictionary
src_34151d79a5b3,TRUE,TRUE,2026-10-03T14:12:24.707Z,success,financial_document_index,,local_only,see_table_status_and_dictionary
src_04c37da3c24d,TRUE,TRUE,2026-10-03T14:12:27.980Z,success,financial_document_index;financial_source_cells,,local_only,see_table_status_and_dictionary
src_db7488a5731c,TRUE,TRUE,2026-10-03T14:12:30.820Z,success,financial_document_index;financial_source_cells,,local_only,see_table_status_and_dictionary
src_cdf7b135c1b5,TRUE,TRUE,2026-10-03T14:12:34.280Z,success,financial_document_index,,local_only,see_table_status_and_dictionary
src_f8958dbeb42a,TRUE,TRUE,2026-10-03T14:12:38.481Z,success,financial_document_index;financial_source_cells,,local_only,see_table_status_and_dictionary
src_01dced0b049a,TRUE,TRUE,2026-10-03T14:12:43.055Z,success,financial_document_index,,local_only,see_table_status_and_dictionary
src_a302b48cf94d,TRUE,TRUE,2026-10-03T14:12:45.205Z,success,financial_document_index,,local_only,see_table_status_and_dictionary
src_a58efc86a53b,TRUE,TRUE,2026-10-03T14:12:51.570Z,success,financial_document_index;financial_source_cells,,local_only,see_table_status_and_dictionary
src_cd6992b2ac73,TRUE,TRUE,2026-10-03T14:12:52.697Z,success,financial_document_index;financial_source_cells,,local_only,see_table_status_and_dictionary
src_fa55dc6c0172,TRUE,TRUE,2026-10-03T14:12:53.936Z,success,financial_document_index;financial_source_cells,,local_only,see_table_status_and_dictionary
src_6efacfc3cc2b,TRUE,TRUE,2026-10-03T14:12:55.544Z,success,financial_document_index,,local_only,see_table_status_and_dictionary
src_04c15c593c29,TRUE,TRUE,2026-10-03T14:13:04.045Z,success,financial_document_index,,local_only,see_table_status_and_dictionary
src_81d75ee6bec2,TRUE,TRUE,2026-10-03T14:13:05.980Z,success,financial_document_index;financial_source_cells,,local_only,see_table_status_and_dictionary
src_57a86a9a7233,TRUE,TRUE,2026-10-03T14:13:08.114Z,success,financial_document_index;financial_source_cells,,local_only,see_table_status_and_dictionary
src_4ce38e76d0b3,TRUE,TRUE,2026-10-03T14:13:10.696Z,success,,,local_only,not_normalized
src_4d318dab12bb,TRUE,TRUE,2026-10-03T14:13:14.782Z,success,financial_document_index;financial_source_cells,,local_only,see_table_status_and_dictionary
src_2757b8f9e694,TRUE,TRUE,2026-10-03T14:13:16.462Z,success,financial_document_index;financial_source_cells,,local_only,see_table_status_and_dictionary
src_c91c894a665a,TRUE,TRUE,2026-10-03T14:13:18.549Z,success,financial_document_index;financial_source_cells,,local_only,see_table_status_and_dictionary
src_33bf1e694f01,TRUE,TRUE,2026-10-03T14:13:20.539Z,success,financial_document_index;financial_source_cells,,local_only,see_table_status_and_dictionary
src_1ad1d7d4bce2,TRUE,TRUE,2026-10-03T14:13:21.917Z,success,financial_document_index;financial_source_cells,,local_only,see_table_status_and_dictionary
src_b6b8da657b49,TRUE,TRUE,2026-10-03T14:13:23.166Z,success,financial_document_index;financial_source_cells,,local_only,see_table_status_and_dictionary
src_e8dfdf2d589b,TRUE,TRUE,2026-10-03T14:13:24.501Z,success,financial_document_index;financial_source_cells,,local_only,see_table_status_and_dictionary
src_fcb0c6109e23,TRUE,TRUE,2026-10-03T14:13:25.923Z,success,financial_document_index;financial_source_cells,,local_only,see_table_status_and_dictionary
src_cbd9eaeff4c7,TRUE,TRUE,2026-10-03T14:13:27.268Z,success,financial_document_index;financial_source_cells,,local_only,see_table_status_and_dictionary
src_b91168ebe47f,TRUE,TRUE,2026-10-03T14:13:28.610Z,success,financial_document_index;financial_source_cells,,local_only,see_table_status_and_dictionary
src_a38edcb55657,TRUE,TRUE,2026-10-03T14:13:30.012Z,success,financial_document_index;financial_source_cells,,local_only,see_table_status_and_dictionary
src_cfe22416fb0b,TRUE,TRUE,2026-10-03T14:13:31.408Z,success,financial_document_index;financial_source_cells,,local_only,see_table_status_and_dictionary
src_f097f1933104,TRUE,TRUE,2026-10-03T14:13:32.896Z,success,financial_document_index;financial_source_cells,,local_only,see_table_status_and_dictionary
src_85c842ba25d7,TRUE,TRUE,2026-10-03T14:13:34.349Z,success,financial_document_index;financial_source_cells,,local_only,see_table_status_and_dictionary
src_0e99e006f132,TRUE,TRUE,2026-10-03T14:13:35.713Z,success,financial_document_index;financial_source_cells,,local_only,see_table_status_and_dictionary
src_9ddc65070b51,TRUE,TRUE,2026-10-03T14:13:38.105Z,success,financial_document_index;financial_source_cells,,local_only,see_table_status_and_dictionary
src_7edae706c80f,TRUE,TRUE,2026-10-03T14:13:40.470Z,success,financial_document_index;financial_source_cells,,local_only,see_table_status_and_dictionary
src_a835da1cb6e8,TRUE,TRUE,2026-10-03T14:13:41.565Z,success,financial_document_index;financial_source_cells,,local_only,see_table_status_and_dictionary
src_2efb37ecb0cc,TRUE,TRUE,2026-10-03T14:13:42.870Z,success,financial_document_index;financial_source_cells,,local_only,see_table_status_and_dictionary
src_bc27f2afd192,TRUE,TRUE,2026-10-03T14:13:44.095Z,success,financial_document_index;financial_source_cells,,local_only,see_table_status_and_dictionary
src_e0df11670b07,TRUE,TRUE,2026-10-03T14:13:46.968Z,success,financial_document_index,,local_only,see_table_status_and_dictionary
src_a1b8ce3f9327,TRUE,TRUE,2026-10-03T14:13:48.419Z,success,financial_document_index,,local_only,see_table_status_and_dictionary
src_599c155a843f,TRUE,TRUE,2026-10-03T14:13:49.845Z,success,financial_document_index;financial_source_cells,,local_only,see_table_status_and_dictionary
src_054c00a7b03c,TRUE,TRUE,2026-10-07T15:36:18.391Z,success,candidate_statistics,,local_only,see_table_status_and_dictionary
src_6c3e3712dabd,TRUE,TRUE,2026-10-03T14:13:52.924Z,success,turnout_history_source,,local_only,see_table_status_and_dictionary
src_d61e09ea1753,TRUE,TRUE,2026-10-03T14:13:54.072Z,success,,,local_only,not_normalized
src_89b1dcb3bd18,TRUE,TRUE,2026-10-03T14:13:55.324Z,success,,,local_only,not_normalized
src_3f77879fe5f9,TRUE,TRUE,2026-10-03T14:13:56.575Z,success,legacy_election_source_tables,,local_only,see_table_status_and_dictionary
src_3079060e6e05,TRUE,TRUE,2026-10-03T14:13:57.763Z,success,legacy_election_source_tables,,local_only,see_table_status_and_dictionary
src_ef8b71b53e21,TRUE,TRUE,2026-10-03T14:13:59.132Z,success,legacy_election_source_tables,,local_only,see_table_status_and_dictionary
src_8e75d31e857d,TRUE,TRUE,2026-10-03T14:14:01.392Z,success,legacy_election_source_tables,,local_only,see_table_status_and_dictionary
src_bd95fc36ff7d,TRUE,TRUE,2026-10-03T14:14:02.592Z,success,legacy_election_source_tables,,local_only,see_table_status_and_dictionary
src_2fbd7c4b9831,TRUE,TRUE,2026-10-03T14:14:03.792Z,success,legacy_election_source_tables,,local_only,see_table_status_and_dictionary
src_6c7c3c7f0abb,TRUE,TRUE,2026-10-03T14:14:05.233Z,success,legacy_election_source_tables,,local_only,see_table_status_and_dictionary
src_268f1a4a8b31,TRUE,TRUE,2026-10-03T14:14:06.500Z,success,legacy_election_source_tables,,local_only,see_table_status_and_dictionary
src_d3981d15025d,TRUE,TRUE,2026-10-03T14:14:07.947Z,success,legacy_election_source_tables,,local_only,see_table_status_and_dictionary
src_31b9081adafa,TRUE,TRUE,2026-10-03T14:14:09.178Z,success,legacy_election_source_tables,,local_only,see_table_status_and_dictionary
src_b03ffef94773,TRUE,TRUE,2026-10-03T14:14:10.437Z,success,legacy_election_source_tables,,local_only,see_table_status_and_dictionary
src_406874c1e392,TRUE,TRUE,2026-10-03T14:14:11.900Z,success,legacy_election_source_tables,,local_only,see_table_status_and_dictionary
src_4afe4837258f,TRUE,TRUE,2026-10-03T14:14:13.221Z,success,legacy_election_source_tables,,local_only,see_table_status_and_dictionary
src_f2dbc7f08dc1,TRUE,TRUE,2026-10-03T14:14:14.648Z,success,legacy_election_source_tables,,local_only,see_table_status_and_dictionary
src_7abc96d42753,TRUE,TRUE,2026-10-03T14:14:16.028Z,success,,,local_only,not_normalized
src_2ce7b4ce1427,TRUE,TRUE,2026-10-03T14:14:17.544Z,success,,,local_only,not_normalized
src_28bdd9cef03e,TRUE,TRUE,2026-10-03T14:14:18.867Z,success,,,local_only,not_normalized
src_be3780a738b2,TRUE,TRUE,2026-10-03T14:14:20.141Z,success,,,local_only,not_normalized
src_f288f158a23a,TRUE,TRUE,2026-10-03T14:14:22.793Z,success,,,local_only,not_normalized
src_c15627904778,TRUE,TRUE,2026-10-03T14:14:23.821Z,success,,,local_only,not_normalized
src_8d7400c4d1fb,TRUE,TRUE,2026-10-03T14:14:25.174Z,success,,,local_only,not_normalized
src_69e089e9e10a,TRUE,TRUE,2026-10-03T14:14:26.579Z,success,,,local_only,not_normalized
src_23725b5da595,TRUE,TRUE,2026-10-03T14:14:28.801Z,success,,,local_only,not_normalized
src_c76958a761f5,TRUE,TRUE,2026-10-03T14:14:30.257Z,success,,,local_only,not_normalized
src_c13d1bce829e,TRUE,TRUE,2026-10-03T14:14:31.618Z,success,,,local_only,not_normalized
src_8e664378cc70,TRUE,TRUE,2026-10-03T14:14:32.637Z,success,,,local_only,not_normalized
src_e46316857e0d,TRUE,TRUE,2026-10-03T14:14:34.098Z,success,,,local_only,not_normalized
src_0f570398d8c4,TRUE,TRUE,2026-10-03T14:14:35.571Z,success,,,local_only,not_normalized
src_62cd9c8fd4f5,TRUE,TRUE,2026-10-03T14:14:37.006Z,success,,,local_only,not_normalized
src_9e0580f78d0e,TRUE,TRUE,2026-10-03T14:14:38.409Z,success,,,local_only,not_normalized
src_84fdba849959,TRUE,TRUE,2026-10-03T14:14:39.799Z,success,,,local_only,not_normalized
src_7270fdc3b2ec,TRUE,TRUE,2026-10-03T14:14:41.405Z,success,,,local_only,not_normalized
src_ce8857974978,TRUE,TRUE,2026-10-03T14:14:42.839Z,success,,,local_only,not_normalized
src_32d80e844cc9,TRUE,TRUE,2026-10-03T14:14:43.953Z,success,,,local_only,not_normalized
src_25cafa59a723,TRUE,TRUE,2026-10-03T14:14:45.245Z,success,,,local_only,not_normalized
src_6f8e7ac92c98,TRUE,TRUE,2026-10-03T14:14:46.648Z,success,,,local_only,not_normalized
src_f730ae201048,TRUE,TRUE,2026-10-03T14:14:47.887Z,success,,,local_only,not_normalized
src_e2863d2ff48e,TRUE,TRUE,2026-10-03T14:14:49.343Z,success,,,local_only,not_normalized
src_783720c6e777,TRUE,TRUE,2026-10-03T14:14:50.793Z,success,,,local_only,not_normalized
src_882ec43a32df,TRUE,TRUE,2026-10-03T14:14:52.237Z,success,,,local_only,not_normalized
src_94e4ffeab3fb,TRUE,TRUE,2026-10-03T14:14:53.438Z,success,,,local_only,not_normalized
src_4533e0bc2c67,TRUE,TRUE,2026-10-03T14:14:54.738Z,success,,,local_only,not_normalized
src_1c8b423e8f35,TRUE,TRUE,2026-10-03T14:14:55.968Z,success,,,local_only,not_normalized
src_7b5a09be1567,TRUE,TRUE,2026-10-03T14:14:57.405Z,success,,,local_only,not_normalized
src_627202d8d776,TRUE,TRUE,2026-10-03T14:14:58.838Z,success,,,local_only,not_normalized
src_32bd4657ca40,TRUE,TRUE,2026-10-03T14:15:00.056Z,success,,,local_only,not_normalized
src_906def430a57,TRUE,TRUE,2026-10-03T14:15:01.543Z,success,,,local_only,not_normalized
src_ee8ab71fcb96,TRUE,TRUE,2026-10-03T14:15:02.854Z,success,,,local_only,not_normalized
src_8f413c4b12fd,TRUE,TRUE,2026-10-03T14:15:04.120Z,success,,,local_only,not_normalized
src_d68e03164c27,TRUE,TRUE,2026-10-03T14:15:05.420Z,success,,,local_only,not_normalized
src_8dd2a1a9e021,TRUE,TRUE,2026-10-03T14:15:06.848Z,success,,,local_only,not_normalized
src_47aabeb67b6d,TRUE,TRUE,2026-10-03T14:15:08.317Z,success,,,local_only,not_normalized
src_1046ce2ec8ed,TRUE,TRUE,2026-10-03T14:15:09.782Z,success,,,local_only,not_normalized
src_747e86221b82,TRUE,TRUE,2026-10-03T14:15:11.176Z,success,,,local_only,not_normalized
src_61e93b203ac4,TRUE,TRUE,2026-10-03T14:15:12.258Z,success,,,local_only,not_normalized
src_d30c9d8f5484,TRUE,TRUE,2026-10-03T14:15:13.491Z,success,,,local_only,not_normalized
src_c5adb622da6c,TRUE,TRUE,2026-10-03T14:15:15.030Z,success,,,local_only,not_normalized
src_934adb2c9ad3,TRUE,TRUE,2026-10-03T14:15:16.387Z,success,,,local_only,not_normalized
src_3cbcd21b9f7d,TRUE,TRUE,2026-10-03T14:15:17.781Z,success,,,local_only,not_normalized
src_ff69a4ad1059,TRUE,TRUE,2026-10-03T14:15:19.271Z,success,,,local_only,not_normalized
src_c785c96da183,TRUE,TRUE,2026-10-03T14:15:20.670Z,success,,,local_only,not_normalized
src_4e1719fa92fc,TRUE,TRUE,2026-10-03T14:15:21.971Z,success,,,local_only,not_normalized
src_c8d551196428,TRUE,TRUE,2026-10-03T14:15:23.334Z,success,,,local_only,not_normalized
src_f1db35e64918,TRUE,TRUE,2026-10-03T14:15:24.827Z,success,,,local_only,not_normalized
src_8196824a876c,TRUE,TRUE,2026-10-03T14:15:26.035Z,success,,,local_only,not_normalized
src_bed31eab2a64,TRUE,TRUE,2026-10-03T14:15:27.247Z,success,,,local_only,not_normalized
src_963aca029293,TRUE,TRUE,2026-10-03T14:15:28.566Z,success,,,local_only,not_normalized
src_1b5ee81cb20d,TRUE,TRUE,2026-10-03T14:15:29.893Z,success,,,local_only,not_normalized
src_0d920af06267,TRUE,TRUE,2026-10-03T14:15:31.392Z,success,,,local_only,not_normalized
src_6450d7594ec0,TRUE,TRUE,2026-10-03T14:15:32.720Z,success,,,local_only,not_normalized
src_5b41382a55c0,TRUE,TRUE,2026-10-03T14:15:34.169Z,success,,,local_only,not_normalized
src_e1a0061d1a96,TRUE,TRUE,2026-10-03T14:15:35.563Z,success,,,local_only,not_normalized
src_9393919ee3df,TRUE,TRUE,2026-10-03T14:15:36.994Z,success,,,local_only,not_normalized
src_b4889785366b,TRUE,TRUE,2026-10-03T14:15:38.185Z,success,,,local_only,not_normalized
src_f367498380f4,TRUE,TRUE,2026-10-03T14:15:40.059Z,success,,,local_only,not_normalized
src_6b0c6482db9c,TRUE,TRUE,2026-10-03T14:15:41.341Z,success,,,local_only,not_normalized
src_cfb965e20198,TRUE,TRUE,2026-10-03T14:15:43.124Z,success,,,local_only,not_normalized
src_4603d20f1ba9,TRUE,TRUE,2026-10-03T14:15:44.544Z,success,,,local_only,not_normalized
src_9381093fd31e,TRUE,TRUE,2026-10-03T14:15:45.823Z,success,,,local_only,not_normalized
src_11743309fc89,TRUE,TRUE,2026-10-03T14:15:47.027Z,success,,,local_only,not_normalized
src_1a637740ff36,TRUE,TRUE,2026-10-03T14:15:48.309Z,success,,,local_only,not_normalized
src_5b00ecf66655,TRUE,TRUE,2026-10-03T14:15:49.953Z,success,,,local_only,not_normalized
src_00393db3e32e,TRUE,TRUE,2026-10-03T14:15:51.724Z,success,,,local_only,not_normalized
src_ec363a0bdae6,TRUE,TRUE,2026-10-03T14:15:53.158Z,success,,,local_only,not_normalized
src_330925ff14ce,TRUE,TRUE,2026-10-03T14:15:54.630Z,success,,,local_only,not_normalized
src_809d64b2571f,TRUE,TRUE,2026-10-03T14:15:56.101Z,success,,,local_only,not_normalized
src_2db5f8022124,TRUE,TRUE,2026-10-03T14:15:57.685Z,success,,,local_only,not_normalized
src_40ab97cbb753,TRUE,TRUE,2026-10-03T14:15:59.106Z,success,,,local_only,not_normalized
src_1a394e5ad00e,TRUE,TRUE,2026-10-03T14:16:00.561Z,success,,,local_only,not_normalized
src_1d46c37bfb75,TRUE,TRUE,2026-10-03T14:16:02.082Z,success,,,local_only,not_normalized
src_d8b69411f4ba,TRUE,TRUE,2026-10-03T14:16:03.542Z,success,,,local_only,not_normalized
src_31c6a76992d0,TRUE,TRUE,2026-10-03T14:16:05.071Z,success,,,local_only,not_normalized
src_2abc2530392a,TRUE,TRUE,2026-10-03T14:16:06.354Z,success,,,local_only,not_normalized
src_051ff0480b3a,TRUE,TRUE,2026-10-03T14:16:07.602Z,success,,,local_only,not_normalized
src_d63ecee583a6,TRUE,TRUE,2026-10-03T14:16:08.605Z,success,,,local_only,not_normalized
src_349b4fef5988,TRUE,TRUE,2026-10-03T14:16:09.697Z,success,,,local_only,not_normalized
src_ea28e86d99f1,TRUE,TRUE,2026-10-03T14:16:11.043Z,success,,,local_only,not_normalized
src_94cb1a77270c,TRUE,TRUE,2026-10-03T14:16:12.471Z,success,,,local_only,not_normalized
src_5c82d7a07c2f,TRUE,TRUE,2026-10-03T14:16:14.718Z,success,,,local_only,not_normalized
src_220ace8e3319,TRUE,TRUE,2026-10-03T14:16:16.042Z,success,,,local_only,not_normalized
src_de5e797fd756,TRUE,TRUE,2026-10-03T14:16:17.465Z,success,,,local_only,not_normalized
src_b29055bd1901,TRUE,TRUE,2026-10-03T14:16:18.670Z,success,,,local_only,not_normalized
src_5e0af3d503b1,TRUE,TRUE,2026-10-03T14:16:20.113Z,success,,,local_only,not_normalized
src_06271ce9c2c4,TRUE,TRUE,2026-10-03T14:16:21.583Z,success,,,local_only,not_normalized
src_435eba91ccf7,TRUE,TRUE,2026-10-03T14:16:22.815Z,success,,,local_only,not_normalized
src_ef7d0e29dbe3,TRUE,TRUE,2026-10-03T14:16:24.263Z,success,,,local_only,not_normalized
src_c699a5218521,TRUE,TRUE,2026-10-03T14:16:25.675Z,success,,,local_only,not_normalized
src_3b2b894dd8c2,TRUE,TRUE,2026-10-03T14:16:26.995Z,success,,,local_only,not_normalized
src_a5904dd78013,TRUE,TRUE,2026-10-03T14:16:28.337Z,success,,,local_only,not_normalized
src_6cc19ddc9dc4,TRUE,TRUE,2026-10-03T14:16:29.891Z,success,,,local_only,not_normalized
src_8ead92188d10,TRUE,TRUE,2026-10-03T14:16:31.107Z,success,,,local_only,not_normalized
src_55a5f41a7ced,TRUE,TRUE,2026-10-03T14:16:32.419Z,success,,,local_only,not_normalized
src_7def0f98cd60,TRUE,TRUE,2026-10-03T14:16:34.404Z,success,,,local_only,not_normalized
src_d46a15b1101e,TRUE,TRUE,2026-10-03T14:16:35.752Z,success,,,local_only,not_normalized
src_3cd25c328215,TRUE,TRUE,2026-10-03T14:16:36.892Z,success,,,local_only,not_normalized
src_844980a7298b,TRUE,TRUE,2026-10-03T14:16:38.348Z,success,,,local_only,not_normalized
src_dc65fff7a49d,TRUE,TRUE,2026-10-03T14:16:39.496Z,success,,,local_only,not_normalized
src_f0749f067fb4,TRUE,TRUE,2026-10-03T14:16:40.701Z,success,,,local_only,not_normalized
src_3ac929a9f2cf,TRUE,TRUE,2026-10-03T14:16:42.187Z,success,,,local_only,not_normalized
src_6d8b0724ea1f,TRUE,TRUE,2026-10-03T14:16:43.719Z,success,,,local_only,not_normalized
src_96dfb5ea3dbe,TRUE,TRUE,2026-10-03T14:16:45.047Z,success,,,local_only,not_normalized
src_adae99df833a,TRUE,TRUE,2026-10-03T14:16:46.411Z,success,,,local_only,not_normalized
src_77df2e09eb0e,TRUE,TRUE,2026-10-03T14:16:47.709Z,success,,,local_only,not_normalized
src_5ad9954a7c4d,TRUE,TRUE,2026-10-03T14:16:49.152Z,success,,,local_only,not_normalized
src_61272b5cc69b,TRUE,TRUE,2026-10-03T14:16:50.575Z,success,,,local_only,not_normalized
src_8530d82846be,TRUE,TRUE,2026-10-03T14:16:51.952Z,success,,,local_only,not_normalized
src_f05822cfdf92,TRUE,TRUE,2026-10-03T14:16:53.391Z,success,,,local_only,not_normalized
src_e00e4d4e1d8a,TRUE,TRUE,2026-10-03T14:16:55.134Z,success,,,local_only,not_normalized
src_1f8582eb88a0,TRUE,TRUE,2026-10-03T14:16:56.653Z,success,,,local_only,not_normalized
src_ff4c06f1d8ef,TRUE,TRUE,2026-10-03T14:16:57.963Z,success,,,local_only,not_normalized
src_d835485a0d0a,TRUE,TRUE,2026-10-03T14:16:59.361Z,success,,,local_only,not_normalized
src_8685adcf3590,TRUE,TRUE,2026-10-03T14:17:00.589Z,success,,,local_only,not_normalized
src_596c312c39c8,TRUE,TRUE,2026-10-03T14:17:01.843Z,success,,,local_only,not_normalized
src_1e53ca7f7fa6,TRUE,TRUE,2026-10-03T14:17:03.192Z,success,,,local_only,not_normalized
src_81564fe4cbcd,TRUE,TRUE,2026-10-03T14:17:04.571Z,success,,,local_only,not_normalized
src_525a437f4149,TRUE,TRUE,2026-10-03T14:17:06.010Z,success,,,local_only,not_normalized
src_c10cbeac8bdd,TRUE,TRUE,2026-10-03T14:17:07.344Z,success,,,local_only,not_normalized
src_176015eae4fb,TRUE,TRUE,2026-10-03T14:17:08.697Z,success,,,local_only,not_normalized
src_003ac52385a4,TRUE,TRUE,2026-10-03T14:17:10.202Z,success,,,local_only,not_normalized
src_b24b6de4fe38,TRUE,TRUE,2026-10-03T14:17:11.451Z,success,,,local_only,not_normalized
src_513a147ce098,TRUE,TRUE,2026-10-03T14:17:12.920Z,success,,,local_only,not_normalized
src_56d87827ee1d,TRUE,TRUE,2026-10-03T14:17:14.275Z,success,,,local_only,not_normalized
src_52e2d7d3768e,TRUE,TRUE,2026-10-03T14:46:35.912Z,success,assnat_historical_source_tables,,local_only,see_table_status_and_dictionary
src_5179307198a5,TRUE,TRUE,2026-10-03T14:46:37.995Z,success,assnat_historical_source_tables,,local_only,see_table_status_and_dictionary
src_724898755de5,TRUE,TRUE,2026-10-03T14:46:40.184Z,success,assnat_historical_source_tables,,local_only,see_table_status_and_dictionary
src_db3d57b00e40,TRUE,TRUE,2026-10-03T14:46:42.395Z,success,assnat_historical_source_tables,,local_only,see_table_status_and_dictionary
src_ccc54fd0ebf1,TRUE,TRUE,2026-10-03T14:46:44.797Z,success,assnat_historical_source_tables,,local_only,see_table_status_and_dictionary
src_400452365bd1,TRUE,TRUE,2026-10-03T14:46:46.822Z,success,assnat_historical_source_tables,,local_only,see_table_status_and_dictionary
src_ef29c51fe1f8,TRUE,TRUE,2026-10-03T14:46:49.976Z,success,assnat_historical_source_tables,,local_only,see_table_status_and_dictionary
src_440ebd7b572a,TRUE,TRUE,2026-10-03T14:46:56.145Z,success,assnat_historical_source_tables,,local_only,see_table_status_and_dictionary
src_82efc8cec4cf,TRUE,TRUE,2026-10-03T14:47:00.616Z,success,assnat_historical_source_tables,,local_only,see_table_status_and_dictionary
src_612bcc4cc655,TRUE,TRUE,2026-10-03T14:47:04.183Z,success,assnat_historical_source_tables,,local_only,see_table_status_and_dictionary
src_7b9ed0fabd68,TRUE,TRUE,2026-10-03T14:47:08.506Z,success,assnat_historical_source_tables,,local_only,see_table_status_and_dictionary
src_c3fc7d75adf4,TRUE,TRUE,2026-10-03T14:47:11.819Z,success,assnat_historical_source_tables,,local_only,see_table_status_and_dictionary
src_fc37ed3fd768,TRUE,TRUE,2026-10-03T14:47:17.649Z,success,assnat_historical_source_tables,,local_only,see_table_status_and_dictionary
src_728d86af63e6,TRUE,TRUE,2026-10-03T14:47:27.700Z,success,assnat_historical_source_tables,,local_only,see_table_status_and_dictionary
src_d4a5c8d4c2ec,TRUE,TRUE,2026-10-03T14:47:38.414Z,success,assnat_historical_source_tables,,local_only,see_table_status_and_dictionary
src_c67c8d9bd6bc,TRUE,TRUE,2026-10-03T14:47:50.846Z,success,assnat_historical_source_tables,,local_only,see_table_status_and_dictionary
src_a567416f3b01,TRUE,TRUE,2026-10-03T14:48:02.307Z,success,assnat_historical_source_tables,,local_only,see_table_status_and_dictionary
src_128f9f74ba8d,TRUE,TRUE,2026-10-03T14:48:06.579Z,success,assnat_historical_source_tables,,local_only,see_table_status_and_dictionary
src_3de6cee42b89,TRUE,TRUE,2026-10-03T14:48:11.210Z,success,assnat_historical_source_tables,,local_only,see_table_status_and_dictionary
src_a0251ac689cb,TRUE,TRUE,2026-10-03T14:48:15.050Z,success,assnat_historical_source_tables,,local_only,see_table_status_and_dictionary
src_fd9a5ca5abb0,TRUE,TRUE,2026-10-03T14:48:19.457Z,success,assnat_historical_source_tables,,local_only,see_table_status_and_dictionary
src_6f9919271d21,TRUE,TRUE,2026-10-03T14:48:25.687Z,success,assnat_historical_source_tables,,local_only,see_table_status_and_dictionary
src_4840108788f3,TRUE,TRUE,2026-10-03T14:48:35.449Z,success,assnat_historical_source_tables,,local_only,see_table_status_and_dictionary
src_2244578dce31,TRUE,TRUE,2026-10-03T14:48:44.877Z,success,assnat_historical_source_tables,,local_only,see_table_status_and_dictionary
src_e2545508d8ce,TRUE,TRUE,2026-10-03T14:48:53.145Z,success,assnat_historical_source_tables,,local_only,see_table_status_and_dictionary
src_9d3d3707d691,TRUE,TRUE,2026-10-03T14:49:06.428Z,success,assnat_historical_source_tables,,local_only,see_table_status_and_dictionary
src_6498b71b1a4c,TRUE,TRUE,2026-10-03T14:49:11.338Z,success,assnat_historical_source_tables,,local_only,see_table_status_and_dictionary
src_00f6f4053817,TRUE,TRUE,2026-10-03T14:49:20.861Z,success,assnat_historical_source_tables,,local_only,see_table_status_and_dictionary
src_4cc517b0501c,TRUE,TRUE,2026-10-03T14:49:30.195Z,success,assnat_historical_source_tables,,local_only,see_table_status_and_dictionary
src_dca5486a83eb,TRUE,TRUE,2026-10-03T14:49:34.831Z,success,assnat_historical_source_tables,,local_only,see_table_status_and_dictionary
src_58be849810a8,TRUE,FALSE,NA,not_attempted,,,local_only,not_normalized
src_66332d2e729c,TRUE,FALSE,NA,not_attempted,,,local_only,not_normalized
src_c898e875634a,TRUE,FALSE,NA,not_attempted,,,local_only,not_normalized
src_77356c0fca96,TRUE,FALSE,NA,not_attempted,,,local_only,not_normalized
src_5807303f9355,TRUE,FALSE,NA,not_attempted,,,local_only,not_normalized
src_c06b80a0f1a1,TRUE,FALSE,NA,not_attempted,,,local_only,not_normalized
src_54b914419613,TRUE,TRUE,2026-10-03T14:31:20.616Z,success,political_contributions_aggregated;political_contributions_city,,local_only,see_table_status_and_dictionary
src_a85ab1730d80,TRUE,TRUE,2026-10-03T14:45:18.056Z,success,election_expense_limits;finance_source_tables,,local_only,see_table_status_and_dictionary
src_387eb36607a8,TRUE,TRUE,2026-10-03T14:45:19.904Z,success,,,local_only,not_normalized
src_c3a91f36053f,TRUE,TRUE,2026-10-03T14:45:21.369Z,success,,,local_only,not_normalized
src_8a097d65a053,TRUE,FALSE,NA,not_attempted,,,local_only,not_normalized
src_42a1a6aedb12,TRUE,TRUE,2026-10-03T14:45:23.484Z,success,district_map_changes,,local_only,see_table_status_and_dictionary
src_ce9610d322a9,TRUE,TRUE,2026-10-03T14:45:24.647Z,success,,,local_only,not_normalized
src_6bcbed8b2fe7,TRUE,TRUE,2026-10-03T14:45:25.495Z,success,,,local_only,not_normalized
src_12368fe92c88,TRUE,TRUE,2026-10-03T14:45:26.396Z,success,,,local_only,not_normalized
src_09d2af55c4d7,TRUE,FALSE,NA,not_attempted,,,local_only,not_normalized
src_bab64bc215e9,TRUE,TRUE,2026-10-03T14:45:27.658Z,success,,,local_only,not_normalized
src_46d47b51ca66,TRUE,TRUE,2026-10-03T14:45:28.640Z,success,,,local_only,not_normalized
src_e8a6a86253cd,TRUE,TRUE,2026-10-03T14:45:29.688Z,success,,,local_only,not_normalized
src_a7721fef25a9,TRUE,TRUE,2026-10-03T14:45:40.882Z,success,,,local_only,not_normalized
src_ffa23eedde87,TRUE,TRUE,2026-10-03T14:46:00.338Z,success,,,local_only,not_normalized
src_fb1a42deaccb,TRUE,TRUE,2026-10-03T14:46:03.438Z,success,,,local_only,not_normalized
src_f864fcb5a85f,TRUE,TRUE,2026-10-03T14:46:06.654Z,success,,,local_only,not_normalized
src_e6f8a085ee3a,TRUE,TRUE,2026-10-03T14:46:09.732Z,success,,,local_only,not_normalized
src_04cd3c0e9e69,TRUE,TRUE,2026-10-03T14:46:13.660Z,success,,,local_only,not_normalized
src_0e6bcdd4d76a,TRUE,TRUE,2026-10-03T14:46:18.232Z,success,,,local_only,not_normalized
src_210c8ba491cd,TRUE,TRUE,2026-10-03T14:46:26.608Z,success,,,local_only,not_normalized
src_50d603a17a13,TRUE,TRUE,2026-10-03T14:46:32.622Z,success,,,local_only,not_normalized
src_b2fcfa6244fb,TRUE,TRUE,2026-10-03T14:46:34.169Z,success,,,local_only,not_normalized
src_b7e2938c2649,TRUE,TRUE,2026-10-03T15:00:43.818Z,success,legacy_elections;legacy_historical_candidate_results;legacy_historical_district_results;legacy_historical_party_results,,local_only,see_table_status_and_dictionary
src_e8904f6f5951,TRUE,TRUE,2026-10-03T15:00:44.746Z,success,legacy_elections;legacy_historical_candidate_results;legacy_historical_district_results;legacy_historical_party_results,,local_only,see_table_status_and_dictionary
src_e1bd95cfcae7,TRUE,TRUE,2026-10-03T15:00:46.091Z,success,legacy_polling_division_results;legacy_polling_units,,local_only,see_table_status_and_dictionary
src_280377a4ab9f,TRUE,TRUE,2026-10-03T15:00:47.029Z,success,legacy_elections;legacy_historical_candidate_results;legacy_historical_district_results;legacy_historical_party_results,,local_only,see_table_status_and_dictionary
src_97943df8aee2,TRUE,TRUE,2026-10-03T15:00:48.328Z,success,legacy_polling_division_results;legacy_polling_units,,local_only,see_table_status_and_dictionary
src_7bff9ffeecfe,TRUE,TRUE,2026-10-03T15:00:49.383Z,success,legacy_elections;legacy_historical_candidate_results;legacy_historical_district_results;legacy_historical_party_results,,local_only,see_table_status_and_dictionary
src_52c4ab07b017,TRUE,TRUE,2026-10-03T15:00:50.567Z,success,legacy_polling_division_results;legacy_polling_units,,local_only,see_table_status_and_dictionary
src_1af5a89dfff0,TRUE,TRUE,2026-10-03T15:00:51.487Z,success,legacy_elections;legacy_historical_candidate_results;legacy_historical_district_results;legacy_historical_party_results,,local_only,see_table_status_and_dictionary
src_ae53c8c7c088,TRUE,TRUE,2026-10-03T15:00:52.693Z,success,legacy_polling_division_results;legacy_polling_units,,local_only,see_table_status_and_dictionary
src_a5c774edf8cf,TRUE,TRUE,2026-10-03T15:00:53.598Z,success,legacy_elections;legacy_historical_candidate_results;legacy_historical_district_results;legacy_historical_party_results,,local_only,see_table_status_and_dictionary
src_2fdd6d97a914,TRUE,TRUE,2026-10-03T15:00:54.532Z,success,legacy_elections;legacy_historical_candidate_results;legacy_historical_district_results;legacy_historical_party_results,,local_only,see_table_status_and_dictionary
src_520c73ea8c20,TRUE,TRUE,2026-10-03T15:00:55.625Z,success,legacy_elections;legacy_historical_candidate_results;legacy_historical_district_results;legacy_historical_party_results,,local_only,see_table_status_and_dictionary
src_765bb55410f7,TRUE,TRUE,2026-10-03T15:00:56.529Z,success,legacy_elections;legacy_historical_candidate_results;legacy_historical_district_results;legacy_historical_party_results,,local_only,see_table_status_and_dictionary
src_b9b5e6a7558b,TRUE,TRUE,2026-10-03T15:00:57.614Z,success,legacy_elections;legacy_historical_candidate_results;legacy_historical_district_results;legacy_historical_party_results,,local_only,see_table_status_and_dictionary
src_3b8db421046a,TRUE,TRUE,2026-10-03T15:00:58.540Z,success,legacy_elections;legacy_historical_candidate_results;legacy_historical_district_results;legacy_historical_party_results,,local_only,see_table_status_and_dictionary
src_8a20eb6a8e65,TRUE,TRUE,2026-10-03T15:01:12.553Z,success,legacy_elections;legacy_historical_candidate_results;legacy_historical_district_results;legacy_historical_party_results,,local_only,see_table_status_and_dictionary
src_3b86e20cc08e,TRUE,TRUE,2026-10-03T15:01:13.614Z,success,legacy_elections;legacy_historical_candidate_results;legacy_historical_district_results;legacy_historical_party_results,,local_only,see_table_status_and_dictionary
src_66823dd8c7f5,TRUE,TRUE,2026-10-03T15:01:14.616Z,success,legacy_elections;legacy_historical_candidate_results;legacy_historical_district_results;legacy_historical_party_results,,local_only,see_table_status_and_dictionary
src_acc454cd8165,TRUE,TRUE,2026-10-03T15:01:15.583Z,success,legacy_elections;legacy_historical_candidate_results;legacy_historical_district_results;legacy_historical_party_results,,local_only,see_table_status_and_dictionary
src_b58fcb703164,TRUE,TRUE,2026-10-03T15:01:16.728Z,success,legacy_elections;legacy_historical_candidate_results;legacy_historical_district_results;legacy_historical_party_results,,local_only,see_table_status_and_dictionary
src_54c3f7305664,TRUE,TRUE,2026-10-03T15:01:17.782Z,success,legacy_elections;legacy_historical_candidate_results;legacy_historical_district_results;legacy_historical_party_results,,local_only,see_table_status_and_dictionary
src_23975b969371,TRUE,TRUE,2026-10-03T15:01:18.889Z,success,legacy_elections;legacy_historical_candidate_results;legacy_historical_district_results;legacy_historical_party_results,,local_only,see_table_status_and_dictionary
src_f20092c75f85,TRUE,TRUE,2026-10-03T15:01:19.934Z,success,legacy_elections;legacy_historical_candidate_results;legacy_historical_district_results;legacy_historical_party_results,,local_only,see_table_status_and_dictionary
src_b1cdb1fbf174,TRUE,TRUE,2026-10-03T15:01:20.889Z,success,legacy_elections;legacy_historical_candidate_results;legacy_historical_district_results;legacy_historical_party_results,,local_only,see_table_status_and_dictionary
src_4ec6a883ffb0,TRUE,TRUE,2026-10-03T15:01:21.906Z,success,legacy_elections;legacy_historical_candidate_results;legacy_historical_district_results;legacy_historical_party_results,,local_only,see_table_status_and_dictionary
src_976f92175327,TRUE,TRUE,2026-10-03T15:01:22.950Z,success,legacy_elections;legacy_historical_candidate_results;legacy_historical_district_results;legacy_historical_party_results,,local_only,see_table_status_and_dictionary
src_0ee71b44a08d,TRUE,TRUE,2026-10-03T15:01:24.071Z,success,legacy_elections;legacy_historical_candidate_results;legacy_historical_district_results;legacy_historical_party_results,,local_only,see_table_status_and_dictionary
src_61ad41ed8836,TRUE,TRUE,2026-10-03T15:01:25.382Z,success,legacy_elections;legacy_historical_candidate_results;legacy_historical_district_results;legacy_historical_party_results,,local_only,see_table_status_and_dictionary
src_abf0cae17f16,TRUE,TRUE,2026-10-03T15:01:26.374Z,success,legacy_elections;legacy_historical_candidate_results;legacy_historical_district_results;legacy_historical_party_results,,local_only,see_table_status_and_dictionary
src_1e86e2e765b0,TRUE,TRUE,2026-10-03T15:01:27.348Z,success,legacy_elections;legacy_historical_candidate_results;legacy_historical_district_results;legacy_historical_party_results,,local_only,see_table_status_and_dictionary
src_f7d493b63d3f,TRUE,TRUE,2026-10-03T15:01:28.474Z,success,legacy_elections;legacy_historical_candidate_results;legacy_historical_district_results;legacy_historical_party_results,,local_only,see_table_status_and_dictionary
src_1e628f5a1f47,TRUE,TRUE,2026-10-03T15:01:29.534Z,success,legacy_elections;legacy_historical_candidate_results;legacy_historical_district_results;legacy_historical_party_results,,local_only,see_table_status_and_dictionary
src_60ae99fc5e74,TRUE,TRUE,2026-10-03T15:01:30.850Z,success,legacy_elections;legacy_historical_candidate_results;legacy_historical_district_results;legacy_historical_party_results,,local_only,see_table_status_and_dictionary
src_25d8d1d09ca2,TRUE,TRUE,2026-10-03T15:01:31.846Z,success,legacy_elections;legacy_historical_candidate_results;legacy_historical_district_results;legacy_historical_party_results,,local_only,see_table_status_and_dictionary
src_25984d7d7187,TRUE,TRUE,2026-10-03T15:01:32.812Z,success,legacy_elections;legacy_historical_candidate_results;legacy_historical_district_results;legacy_historical_party_results,,local_only,see_table_status_and_dictionary
src_ef2bcd58ba61,TRUE,TRUE,2026-10-03T15:01:33.779Z,success,legacy_elections;legacy_historical_candidate_results;legacy_historical_district_results;legacy_historical_party_results,,local_only,see_table_status_and_dictionary
src_ae885e09480c,TRUE,TRUE,2026-10-03T15:01:34.882Z,success,legacy_elections;legacy_historical_candidate_results;legacy_historical_district_results;legacy_historical_party_results,,local_only,see_table_status_and_dictionary
src_ec1324e83b0d,TRUE,TRUE,2026-10-03T15:01:35.848Z,success,legacy_elections;legacy_historical_candidate_results;legacy_historical_district_results;legacy_historical_party_results,,local_only,see_table_status_and_dictionary
src_2e545590ac0b,TRUE,TRUE,2026-10-03T15:01:36.871Z,success,legacy_elections;legacy_historical_candidate_results;legacy_historical_district_results;legacy_historical_party_results,,local_only,see_table_status_and_dictionary
src_d78bda3e984a,TRUE,TRUE,2026-10-03T15:01:37.842Z,success,legacy_elections;legacy_historical_candidate_results;legacy_historical_district_results;legacy_historical_party_results,,local_only,see_table_status_and_dictionary
src_68f759717bcc,TRUE,TRUE,2026-10-03T15:01:38.951Z,success,legacy_elections;legacy_historical_candidate_results;legacy_historical_district_results;legacy_historical_party_results,,local_only,see_table_status_and_dictionary
src_47d00d1e06ec,TRUE,TRUE,2026-10-03T15:01:40.072Z,success,legacy_elections;legacy_historical_candidate_results;legacy_historical_district_results;legacy_historical_party_results,,local_only,see_table_status_and_dictionary
src_af198bab8499,TRUE,TRUE,2026-10-03T15:01:41.035Z,success,legacy_elections;legacy_historical_candidate_results;legacy_historical_district_results;legacy_historical_party_results,,local_only,see_table_status_and_dictionary
src_104d9a727eaa,TRUE,TRUE,2026-10-03T15:01:41.971Z,success,legacy_elections;legacy_historical_candidate_results;legacy_historical_district_results;legacy_historical_party_results,,local_only,see_table_status_and_dictionary
src_c837d52ba812,TRUE,TRUE,2026-10-03T15:01:42.932Z,success,legacy_elections;legacy_historical_candidate_results;legacy_historical_district_results;legacy_historical_party_results,,local_only,see_table_status_and_dictionary
src_6f4df3beacc9,TRUE,TRUE,2026-10-03T15:01:43.914Z,success,legacy_elections;legacy_historical_candidate_results;legacy_historical_district_results;legacy_historical_party_results,,local_only,see_table_status_and_dictionary
src_a4ab9b077bc6,TRUE,TRUE,2026-10-03T15:01:44.909Z,success,legacy_elections;legacy_historical_candidate_results;legacy_historical_district_results;legacy_historical_party_results,,local_only,see_table_status_and_dictionary
src_4aa1df78a89f,TRUE,TRUE,2026-10-03T15:01:45.888Z,success,legacy_elections;legacy_historical_candidate_results;legacy_historical_district_results;legacy_historical_party_results,,local_only,see_table_status_and_dictionary
src_154407e0c6f3,TRUE,TRUE,2026-10-03T15:01:46.878Z,success,legacy_elections;legacy_historical_candidate_results;legacy_historical_district_results;legacy_historical_party_results,,local_only,see_table_status_and_dictionary
src_97485f74fd4c,TRUE,TRUE,2026-10-03T15:01:47.899Z,success,legacy_elections;legacy_historical_candidate_results;legacy_historical_district_results;legacy_historical_party_results,,local_only,see_table_status_and_dictionary
src_6bfafee16732,TRUE,TRUE,2026-10-03T15:01:48.925Z,success,legacy_elections;legacy_historical_candidate_results;legacy_historical_district_results;legacy_historical_party_results,,local_only,see_table_status_and_dictionary
src_688fead178b4,TRUE,TRUE,2026-10-03T15:01:49.918Z,success,legacy_elections;legacy_historical_candidate_results;legacy_historical_district_results;legacy_historical_party_results,,local_only,see_table_status_and_dictionary
src_b8d6cf50c953,TRUE,TRUE,2026-10-03T15:01:50.880Z,success,legacy_elections;legacy_historical_candidate_results;legacy_historical_district_results;legacy_historical_party_results,,local_only,see_table_status_and_dictionary
src_25af3d37f440,TRUE,TRUE,2026-10-03T15:01:51.847Z,success,legacy_elections;legacy_historical_candidate_results;legacy_historical_district_results;legacy_historical_party_results,,local_only,see_table_status_and_dictionary
src_e292ec2ab3f8,TRUE,TRUE,2026-10-03T15:01:52.863Z,success,legacy_elections;legacy_historical_candidate_results;legacy_historical_district_results;legacy_historical_party_results,,local_only,see_table_status_and_dictionary
src_430100a25e12,TRUE,TRUE,2026-10-03T15:01:53.837Z,success,legacy_elections;legacy_historical_candidate_results;legacy_historical_district_results;legacy_historical_party_results,,local_only,see_table_status_and_dictionary
src_50cb836b3a85,TRUE,TRUE,2026-10-03T15:01:54.800Z,success,legacy_elections;legacy_historical_candidate_results;legacy_historical_district_results;legacy_historical_party_results,,local_only,see_table_status_and_dictionary
src_e5d49a26272d,TRUE,TRUE,2026-10-03T15:01:55.760Z,success,legacy_elections;legacy_historical_candidate_results;legacy_historical_district_results;legacy_historical_party_results,,local_only,see_table_status_and_dictionary
src_55753c48469a,TRUE,TRUE,2026-10-03T15:01:56.765Z,success,legacy_elections;legacy_historical_candidate_results;legacy_historical_district_results;legacy_historical_party_results,,local_only,see_table_status_and_dictionary
src_54ed72cc98e5,TRUE,TRUE,2026-10-03T15:01:57.726Z,success,legacy_elections;legacy_historical_candidate_results;legacy_historical_district_results;legacy_historical_party_results,,local_only,see_table_status_and_dictionary
src_c3d6218599e0,TRUE,TRUE,2026-10-03T15:01:58.687Z,success,legacy_elections;legacy_historical_candidate_results;legacy_historical_district_results;legacy_historical_party_results,,local_only,see_table_status_and_dictionary
src_bf038d713135,TRUE,TRUE,2026-10-03T15:01:59.810Z,success,legacy_elections;legacy_historical_candidate_results;legacy_historical_district_results;legacy_historical_party_results,,local_only,see_table_status_and_dictionary
src_1802c37dad40,TRUE,TRUE,2026-10-03T15:02:00.794Z,success,legacy_elections;legacy_historical_candidate_results;legacy_historical_district_results;legacy_historical_party_results,,local_only,see_table_status_and_dictionary
src_bcd514b5f73d,TRUE,TRUE,2026-10-03T15:02:01.753Z,success,legacy_elections;legacy_historical_candidate_results;legacy_historical_district_results;legacy_historical_party_results,,local_only,see_table_status_and_dictionary
src_6f2056e5389e,TRUE,TRUE,2026-10-03T15:02:02.749Z,success,legacy_elections;legacy_historical_candidate_results;legacy_historical_district_results;legacy_historical_party_results,,local_only,see_table_status_and_dictionary
src_f9a761fd99ee,TRUE,TRUE,2026-10-03T15:02:03.731Z,success,legacy_elections;legacy_historical_candidate_results;legacy_historical_district_results;legacy_historical_party_results,,local_only,see_table_status_and_dictionary
src_63ad7f1d0270,TRUE,TRUE,2026-10-03T15:02:04.827Z,success,legacy_elections;legacy_historical_candidate_results;legacy_historical_district_results;legacy_historical_party_results,,local_only,see_table_status_and_dictionary
src_6e9eb7f5d233,TRUE,TRUE,2026-10-03T15:02:05.782Z,success,legacy_elections;legacy_historical_candidate_results;legacy_historical_district_results;legacy_historical_party_results,,local_only,see_table_status_and_dictionary
src_0946a7cc5cfb,TRUE,TRUE,2026-10-03T15:02:06.772Z,success,legacy_elections;legacy_historical_candidate_results;legacy_historical_district_results;legacy_historical_party_results,,local_only,see_table_status_and_dictionary
src_f9078e7eddb3,TRUE,TRUE,2026-10-03T15:38:44.552Z,success,party_public_funding,,local_only,see_table_status_and_dictionary
