table,grain,rows,columns,format,period,source,update,visibility,status,path
by_elections,événement partiel × capture,17,22,CSV UTF-8,qc-prov-2013-12-09-partial;qc-prov-2014-10-20-partial;qc-prov-2015-03-09-partial;qc-prov-2015-06-08-partial;qc-prov-2015-11-09-partial;qc-prov-2016-04-11-partial;qc-prov-2016-12-05-partial;qc-prov-2017-05-29-partial;qc-prov-2017-10-02-partial;qc-prov-2018-12-10-partial;qc-prov-2019-12-02-partial;qc-prov-2022-04-11-partial;qc-prov-2023-03-13-partial;qc-prov-2023-10-02-partial;qc-prov-2025-03-17-partial;qc-prov-2025-08-11-partial;qc-prov-2026-02-23-partial,src_04249426efff;src_23a95c0b8ace;src_2d4e90d4e476;src_335c9751e725;src_46b2b80361d8;src_4e9171631c9b;src_53258148a5e9;src_68477afa07d6;src_81c5fe8d1b02;src_8f0698d69120;src_9869ef080ebd;src_9ef2a7b66e04;src_a0bedefcbbb2;src_c0d45adf2a1b;src_d0efa9a1d2ca;src_d46eedaf6c55;src_fc8fc11eea9d,à chaque acquisition réussie,public,produced,data/processed/by_elections.csv
candidates,candidature à une élection,3632,26,CSV UTF-8,qc-prov-2026-10-05-general,src_22fefd6fc574,à chaque acquisition réussie,public,produced,data/processed/candidates.csv
candidates_2012,candidature officielle 2012,892,15,CSV UTF-8,qc-prov-2012-09-04-general,src_e91d45d3f2aa,à chaque acquisition réussie,public,produced,data/processed/candidates_2012.csv
district_crosswalk_2017_2026,circonscription ancienne × nouvelle intersection dérivée,272,15,CSV UTF-8,voir source,src_982233d9cc25;src_4a2457749372,à chaque acquisition réussie,public,produced,data/processed/district_crosswalk_2017_2026.csv
district_indicators,élection × circonscription × capture,906,13,CSV UTF-8,qc-prov-2012-09-04-general;qc-prov-2013-12-09-partial;qc-prov-2014-04-07-general;qc-prov-2014-10-20-partial;qc-prov-2015-03-09-partial;qc-prov-2015-06-08-partial;qc-prov-2015-11-09-partial;qc-prov-2016-04-11-partial;qc-prov-2016-12-05-partial;qc-prov-2017-05-29-partial;qc-prov-2017-10-02-partial;qc-prov-2018-10-01-general;qc-prov-2018-12-10-partial;qc-prov-2019-12-02-partial;qc-prov-2022-04-11-partial;qc-prov-2022-10-03-general;qc-prov-2023-03-13-partial;qc-prov-2023-10-02-partial;qc-prov-2025-03-17-partial;qc-prov-2025-08-11-partial;qc-prov-2026-02-23-partial;qc-prov-2026-10-05-general,src_04249426efff;src_23a95c0b8ace;src_2d4e90d4e476;src_335c9751e725;src_3bbf709ff718;src_3ee19c14cf6d;src_46b2b80361d8;src_4e9171631c9b;src_53258148a5e9;src_68477afa07d6;src_6ce929ca1736;src_81c5fe8d1b02;src_8f0698d69120;src_9869ef080ebd;src_9ef2a7b66e04;src_a0bedefcbbb2;src_c0d45adf2a1b;src_d0efa9a1d2ca;src_d46eedaf6c55;src_f428cc11d231;src_f5041537304c;src_fc8fc11eea9d,à chaque acquisition réussie,public,produced,data/processed/district_indicators.csv
district_map_changes_spatial,"ancienne × nouvelle circonscription, intersection dérivée",272,18,CSV UTF-8,voir source,src_982233d9cc25;src_4a2457749372,à chaque acquisition réussie,public,produced,data/processed/district_map_changes_spatial.csv
election_calendar_2026,événement officiel 2026,19,17,CSV UTF-8,qc-prov-2026-10-05-general,src_68ba8c08b190,à chaque acquisition réussie,public,produced,data/processed/election_calendar_2026.csv
elections,élection × capture,28,22,CSV UTF-8,qc-prov-2012-09-04-general;qc-prov-2013-12-09-partial;qc-prov-2014-04-07-general;qc-prov-2014-10-20-partial;qc-prov-2015-03-09-partial;qc-prov-2015-06-08-partial;qc-prov-2015-11-09-partial;qc-prov-2016-04-11-partial;qc-prov-2016-12-05-partial;qc-prov-2017-05-29-partial;qc-prov-2017-10-02-partial;qc-prov-2018-10-01-general;qc-prov-2018-12-10-partial;qc-prov-2019-12-02-partial;qc-prov-2022-04-11-partial;qc-prov-2022-10-03-general;qc-prov-2023-03-13-partial;qc-prov-2023-10-02-partial;qc-prov-2025-03-17-partial;qc-prov-2025-08-11-partial;qc-prov-2026-02-23-partial;qc-prov-2026-10-05-general,src_04249426efff;src_22fefd6fc574;src_23a95c0b8ace;src_2d4e90d4e476;src_335c9751e725;src_3bbf709ff718;src_3ee19c14cf6d;src_46b2b80361d8;src_4e9171631c9b;src_53258148a5e9;src_68477afa07d6;src_6ce929ca1736;src_81c5fe8d1b02;src_8f0698d69120;src_9869ef080ebd;src_9ef2a7b66e04;src_a0bedefcbbb2;src_c0d45adf2a1b;src_d0efa9a1d2ca;src_d46eedaf6c55;src_f428cc11d231;src_f5041537304c;src_fc8fc11eea9d,à chaque acquisition réussie,public,produced,data/processed/elections.csv
electoral_district_geometries,circonscription × produit géométrique officiel,377,13,CSV UTF-8,voir source,src_038f7589e400;src_4a2457749372;src_982233d9cc25,à chaque acquisition réussie,public,produced,data/processed/electoral_district_geometries.csv
electoral_districts,circonscription × carte × édition de codes,502,11,CSV UTF-8,voir source,src_02de9feae13c;src_1320ae322de0;src_6d260c49cd29;src_73afd1588720,à chaque acquisition réussie,public,produced,data/processed/electoral_districts.csv
financial_document_index,document financier officiel,213,14,CSV UTF-8,voir source,src_01653decb21f;src_01db39f4e4f2;src_01dced0b049a;src_03307f0efba9;src_0430ecbf1742;src_0491eb92dd0d;src_04c15c593c29;src_04c37da3c24d;src_04c89e4f89ee;src_06599b3ec306;src_06c98e429bbc;src_083d5316a9d7;src_08f6d4dd797b;src_0b7a46df3ff2;src_0d1d6cdde36f;src_0d28abe6a2f0;src_0e7cf8e163b5;src_0e99e006f132;src_10de0010b623;src_115a079ab306;src_13e09283669f;src_140312574af1;src_14dc136c3aa7;src_1577b9d7a614;src_16def4ce33a4;src_172d80020f33;src_183a98cc0bf4;src_194531bf16f2;src_197bee911bd5;src_1a978f7fe3c7;src_1ad1d7d4bce2;src_1d3134adf692;src_20b050cb2b74;src_214987e95e50;src_21aaee328a50;src_22d2ccbe1ef9;src_251ab0443811;src_2757b8f9e694;src_27ed207ba624;src_2a046ae04271;src_2cdc699b6ab3;src_2ec4ed615282;src_2efb37ecb0cc;src_30aa6da0cc8f;src_31f2eb3b2622;src_3350f46b5b55;src_33bf1e694f01;src_33f448bae42f;src_34151d79a5b3;src_3418ed630670;src_3457d4b19498;src_379eae41d674;src_3881b6441404;src_390a840e73f7;src_392003166bb2;src_39edca168dc8;src_3b92b8cc26b6;src_3cb676498080;src_3d51b813921f;src_4030453a1a09;src_40e521c05526;src_4130101dd276;src_4199d4233974;src_447546851c00;src_466e1d461a11;src_47f2e29d249f;src_4ac6705b1733;src_4b97d93847fb;src_4d318dab12bb;src_4fb8bcb556fb;src_5077ea4ccdc5;src_50e87f4bc76d;src_52df0c4c5fd7;src_54b48e4576fa;src_54dae94ab22e;src_558d29f3a92b;src_563344971807;src_575d2987addb;src_57a86a9a7233;src_599c155a843f;src_59f64ad94c02;src_5e280cd552cb;src_63d4ba97bf4f;src_64a4ea49bec9;src_65713a00c1bc;src_65edafd16f87;src_678ea79704de;src_6a1b5d8db7aa;src_6b9a22aa98e9;src_6d6e4dbbb41c;src_6dbb95ae2ee7;src_6efacfc3cc2b;src_70c6575d406d;src_71f42be68dcf;src_71fd573af26d;src_739db2c62342;src_73b4206cabc5;src_73c753ead3d5;src_77b4511c2119;src_7ad103d64f43;src_7b1f1238df02;src_7be8c2b29cc2;src_7d9f5a4ca37e;src_7dd31b970087;src_7e9e3954bd04;src_7edae706c80f;src_81d75ee6bec2;src_8344685c75c9;src_839eb18fb2a9;src_83b822a4511b;src_845baa6b22e3;src_8461772fb5b1;src_84d64b0bbdff;src_8577ec740ac7;src_85c842ba25d7;src_8762a1d8570a;src_87672327e22a;src_8b46f44f81a2;src_8c6e64b8b7dd;src_8d74c4a9707d;src_8de2ad80413f;src_8e7bf04b4fe1;src_8fac60efafa5;src_904bc4c13c21;src_90967c6f4fa3;src_945db0e19a86;src_9760322a26cc;src_99371d5e70de;src_9a1ea8f29823;src_9af91896facf;src_9b242a7b20c0;src_9cbc327320c6;src_9d9a4eb99727;src_9db479e4b0d2;src_9ddc65070b51;src_9f2f0f6c475b;src_a1b8ce3f9327;src_a302b48cf94d;src_a38edcb55657;src_a5755d671651;src_a58efc86a53b;src_a6523fa7d68d;src_a835da1cb6e8;src_ac0cb08c837d;src_adc81a41ea0d;src_ade90b033b7a;src_ae55a9b3eed8;src_b09d549f52ad;src_b0ef08f0bdfb;src_b26df8df1011;src_b2d99a2a3c38;src_b57789261106;src_b5b4cb2a6f00;src_b6b8da657b49;src_b91168ebe47f;src_b9dde0657417;src_bc27f2afd192;src_be60303b8e1a;src_bea0d9ef1d15;src_c58af81ddc84;src_c5c8ca7eeeec;src_c5dc594cb4e3;src_c670b2ad96cd;src_c684e6486512;src_c6d71d6d580d;src_c77306c24d74;src_c91c894a665a;src_c96ce46e6374;src_cbaf90c3a68c;src_cbd9eaeff4c7;src_cc5cdeafbc27;src_cd2c60ae4c6f;src_cd6992b2ac73;src_cdf7b135c1b5;src_cdfd61f2d179;src_cdff887a5b04;src_ce10886d40ac;src_cfa059b20a2d;src_cfe22416fb0b;src_d2b064deac6f;src_d4169719140d;src_d5493b320855;src_d5d3dc32bb16;src_d69ef57bf71f;src_d99abe36efb8;src_d9a571d64a43;src_da98722f41f3;src_db7488a5731c;src_dd068e225997;src_dd29e2c459c7;src_e0df11670b07;src_e22f007bbf1a;src_e468ade1c431;src_e4c70ec5dd92;src_e50ac29d2302;src_e7445643d3d4;src_e772efa2dca2;src_e7b880c95d34;src_e8dfdf2d589b;src_eca05b07125b;src_ed34c69c5ecd;src_ef3f44f8c54b;src_f097f1933104;src_f495bda36f8d;src_f4a3c2665490;src_f5ccbf4af143;src_f87b90873988;src_f87c3bf527a2;src_f8958dbeb42a;src_fa55dc6c0172;src_fb2651494845;src_fcb0c6109e23;src_fed3b569ec4c,à chaque acquisition réussie,local_only,produced,data/processed/local_only/financial_document_index.csv
historical_candidate_results,élection historique × candidature,3749,21,CSV UTF-8,qc-prov-2012-09-04-general;qc-prov-2013-12-09-partial;qc-prov-2014-04-07-general;qc-prov-2014-10-20-partial;qc-prov-2015-03-09-partial;qc-prov-2015-06-08-partial;qc-prov-2015-11-09-partial;qc-prov-2016-04-11-partial;qc-prov-2016-12-05-partial;qc-prov-2017-05-29-partial;qc-prov-2017-10-02-partial;qc-prov-2018-10-01-general;qc-prov-2018-12-10-partial;qc-prov-2019-12-02-partial;qc-prov-2022-04-11-partial;qc-prov-2022-10-03-general;qc-prov-2023-03-13-partial;qc-prov-2023-10-02-partial;qc-prov-2025-03-17-partial;qc-prov-2025-08-11-partial;qc-prov-2026-02-23-partial,src_04249426efff;src_23a95c0b8ace;src_2d4e90d4e476;src_335c9751e725;src_3ee19c14cf6d;src_46b2b80361d8;src_4e9171631c9b;src_53258148a5e9;src_68477afa07d6;src_6ce929ca1736;src_81c5fe8d1b02;src_8f0698d69120;src_9869ef080ebd;src_9ef2a7b66e04;src_a0bedefcbbb2;src_c0d45adf2a1b;src_d0efa9a1d2ca;src_d46eedaf6c55;src_f428cc11d231;src_f5041537304c;src_fc8fc11eea9d,à chaque acquisition réussie,public,produced,data/processed/historical_candidate_results.csv
historical_district_results,élection historique × circonscription,525,21,CSV UTF-8,qc-prov-2012-09-04-general;qc-prov-2013-12-09-partial;qc-prov-2014-04-07-general;qc-prov-2014-10-20-partial;qc-prov-2015-03-09-partial;qc-prov-2015-06-08-partial;qc-prov-2015-11-09-partial;qc-prov-2016-04-11-partial;qc-prov-2016-12-05-partial;qc-prov-2017-05-29-partial;qc-prov-2017-10-02-partial;qc-prov-2018-10-01-general;qc-prov-2018-12-10-partial;qc-prov-2019-12-02-partial;qc-prov-2022-04-11-partial;qc-prov-2022-10-03-general;qc-prov-2023-03-13-partial;qc-prov-2023-10-02-partial;qc-prov-2025-03-17-partial;qc-prov-2025-08-11-partial;qc-prov-2026-02-23-partial,src_04249426efff;src_23a95c0b8ace;src_2d4e90d4e476;src_335c9751e725;src_3ee19c14cf6d;src_46b2b80361d8;src_4e9171631c9b;src_53258148a5e9;src_68477afa07d6;src_6ce929ca1736;src_81c5fe8d1b02;src_8f0698d69120;src_9869ef080ebd;src_9ef2a7b66e04;src_a0bedefcbbb2;src_c0d45adf2a1b;src_d0efa9a1d2ca;src_d46eedaf6c55;src_f428cc11d231;src_f5041537304c;src_fc8fc11eea9d,à chaque acquisition réussie,public,produced,data/processed/historical_district_results.csv
historical_party_results,élection historique × parti,241,17,CSV UTF-8,qc-prov-2012-09-04-general;qc-prov-2013-12-09-partial;qc-prov-2014-04-07-general;qc-prov-2014-10-20-partial;qc-prov-2015-03-09-partial;qc-prov-2015-06-08-partial;qc-prov-2015-11-09-partial;qc-prov-2016-04-11-partial;qc-prov-2016-12-05-partial;qc-prov-2017-05-29-partial;qc-prov-2017-10-02-partial;qc-prov-2018-10-01-general;qc-prov-2018-12-10-partial;qc-prov-2019-12-02-partial;qc-prov-2022-04-11-partial;qc-prov-2022-10-03-general;qc-prov-2023-03-13-partial;qc-prov-2023-10-02-partial;qc-prov-2025-03-17-partial;qc-prov-2025-08-11-partial;qc-prov-2026-02-23-partial,src_04249426efff;src_23a95c0b8ace;src_2d4e90d4e476;src_335c9751e725;src_3ee19c14cf6d;src_46b2b80361d8;src_4e9171631c9b;src_53258148a5e9;src_68477afa07d6;src_6ce929ca1736;src_81c5fe8d1b02;src_8f0698d69120;src_9869ef080ebd;src_9ef2a7b66e04;src_a0bedefcbbb2;src_c0d45adf2a1b;src_d0efa9a1d2ca;src_d46eedaf6c55;src_f428cc11d231;src_f5041537304c;src_fc8fc11eea9d,à chaque acquisition réussie,public,produced,data/processed/historical_party_results.csv
historical_turnout,élection historique × circonscription,525,21,CSV UTF-8,qc-prov-2012-09-04-general;qc-prov-2013-12-09-partial;qc-prov-2014-04-07-general;qc-prov-2014-10-20-partial;qc-prov-2015-03-09-partial;qc-prov-2015-06-08-partial;qc-prov-2015-11-09-partial;qc-prov-2016-04-11-partial;qc-prov-2016-12-05-partial;qc-prov-2017-05-29-partial;qc-prov-2017-10-02-partial;qc-prov-2018-10-01-general;qc-prov-2018-12-10-partial;qc-prov-2019-12-02-partial;qc-prov-2022-04-11-partial;qc-prov-2022-10-03-general;qc-prov-2023-03-13-partial;qc-prov-2023-10-02-partial;qc-prov-2025-03-17-partial;qc-prov-2025-08-11-partial;qc-prov-2026-02-23-partial,src_04249426efff;src_23a95c0b8ace;src_2d4e90d4e476;src_335c9751e725;src_3ee19c14cf6d;src_46b2b80361d8;src_4e9171631c9b;src_53258148a5e9;src_68477afa07d6;src_6ce929ca1736;src_81c5fe8d1b02;src_8f0698d69120;src_9869ef080ebd;src_9ef2a7b66e04;src_a0bedefcbbb2;src_c0d45adf2a1b;src_d0efa9a1d2ca;src_d46eedaf6c55;src_f428cc11d231;src_f5041537304c;src_fc8fc11eea9d,à chaque acquisition réussie,public,produced,data/processed/historical_turnout.csv
parties,parti au registre × capture,80,14,CSV UTF-8,voir source,src_0adf08e78b00,à chaque acquisition réussie,public,produced,data/processed/parties.csv
party_authorization_history,autorisation officielle documentée × capture,80,8,CSV UTF-8,voir source,src_0adf08e78b00,à chaque acquisition réussie,public,produced,data/processed/party_authorization_history.csv
party_officials,parti × fonction publique × capture,240,11,CSV UTF-8,voir source,src_0adf08e78b00,à chaque acquisition réussie,public,produced,data/processed/party_officials.csv
polling_candidate_links,en-tête de candidature publié × circonscription × élection,3709,12,CSV UTF-8,qc-prov-2012-09-04-general;qc-prov-2013-12-09-partial;qc-prov-2014-04-07-general;qc-prov-2014-10-20-partial;qc-prov-2015-03-09-partial;qc-prov-2015-06-08-partial;qc-prov-2015-11-09-partial;qc-prov-2016-04-11-partial;qc-prov-2016-12-05-partial;qc-prov-2017-05-29-partial;qc-prov-2017-10-02-partial;qc-prov-2018-10-01-general;qc-prov-2018-12-10-partial;qc-prov-2019-12-02-partial;qc-prov-2022-04-11-partial;qc-prov-2022-10-03-general;qc-prov-2023-03-13-partial;qc-prov-2023-10-02-partial;qc-prov-2025-03-17-partial;qc-prov-2025-08-11-partial;qc-prov-2026-02-23-partial,src_02aae4952a51;src_04bf0e127029;src_0ce80283f028;src_0f7998c94572;src_0fb95c6f3b76;src_324607d7dfe9;src_3c0feca35341;src_4b31782ef406;src_57c005bbf0f6;src_70d5ee7502b1;src_71477ce5c01a;src_71826904d44e;src_790afb52d855;src_827a94931755;src_8c25176b3b11;src_95002082f0df;src_979ff86575ac;src_a0012cc28850;src_e82b708fe54b;src_f428cc11d231;src_f80644e75365,à chaque acquisition réussie,public,produced,data/processed/polling_candidate_links.csv
polling_division_results,élection × circonscription × unité publiée × candidature,651327,13,CSV UTF-8 gzip,qc-prov-2012-09-04-general;qc-prov-2013-12-09-partial;qc-prov-2014-04-07-general;qc-prov-2014-10-20-partial;qc-prov-2015-03-09-partial;qc-prov-2015-06-08-partial;qc-prov-2015-11-09-partial;qc-prov-2016-04-11-partial;qc-prov-2016-12-05-partial;qc-prov-2017-05-29-partial;qc-prov-2017-10-02-partial;qc-prov-2018-10-01-general;qc-prov-2018-12-10-partial;qc-prov-2019-12-02-partial;qc-prov-2022-04-11-partial;qc-prov-2022-10-03-general;qc-prov-2023-03-13-partial;qc-prov-2023-10-02-partial;qc-prov-2025-03-17-partial;qc-prov-2025-08-11-partial;qc-prov-2026-02-23-partial,src_02aae4952a51;src_04bf0e127029;src_0ce80283f028;src_0f7998c94572;src_0fb95c6f3b76;src_324607d7dfe9;src_3c0feca35341;src_4b31782ef406;src_57c005bbf0f6;src_70d5ee7502b1;src_71477ce5c01a;src_71826904d44e;src_790afb52d855;src_827a94931755;src_8c25176b3b11;src_95002082f0df;src_979ff86575ac;src_a0012cc28850;src_e82b708fe54b;src_f428cc11d231;src_f80644e75365,à chaque acquisition réussie,public,produced,data/processed/polling_division_results.csv.gz
polling_summary_fields,fichier × ligne de total × champ source,14808,11,CSV UTF-8,qc-prov-2013-12-09-partial;qc-prov-2014-04-07-general;qc-prov-2014-10-20-partial;qc-prov-2015-03-09-partial;qc-prov-2015-06-08-partial;qc-prov-2015-11-09-partial;qc-prov-2016-04-11-partial;qc-prov-2016-12-05-partial;qc-prov-2017-05-29-partial;qc-prov-2017-10-02-partial;qc-prov-2018-10-01-general;qc-prov-2018-12-10-partial;qc-prov-2019-12-02-partial;qc-prov-2022-04-11-partial;qc-prov-2022-10-03-general;qc-prov-2023-03-13-partial;qc-prov-2023-10-02-partial;qc-prov-2025-03-17-partial;qc-prov-2025-08-11-partial;qc-prov-2026-02-23-partial,src_02aae4952a51;src_04bf0e127029;src_0ce80283f028;src_0f7998c94572;src_0fb95c6f3b76;src_324607d7dfe9;src_3c0feca35341;src_4b31782ef406;src_57c005bbf0f6;src_70d5ee7502b1;src_71477ce5c01a;src_71826904d44e;src_790afb52d855;src_827a94931755;src_8c25176b3b11;src_95002082f0df;src_979ff86575ac;src_a0012cc28850;src_e82b708fe54b;src_f80644e75365,à chaque acquisition réussie,public,produced,data/processed/polling_summary_fields.csv
polling_units,élection × circonscription × unité publiée,91023,19,CSV UTF-8,qc-prov-2012-09-04-general;qc-prov-2013-12-09-partial;qc-prov-2014-04-07-general;qc-prov-2014-10-20-partial;qc-prov-2015-03-09-partial;qc-prov-2015-06-08-partial;qc-prov-2015-11-09-partial;qc-prov-2016-04-11-partial;qc-prov-2016-12-05-partial;qc-prov-2017-05-29-partial;qc-prov-2017-10-02-partial;qc-prov-2018-10-01-general;qc-prov-2018-12-10-partial;qc-prov-2019-12-02-partial;qc-prov-2022-04-11-partial;qc-prov-2022-10-03-general;qc-prov-2023-03-13-partial;qc-prov-2023-10-02-partial;qc-prov-2025-03-17-partial;qc-prov-2025-08-11-partial;qc-prov-2026-02-23-partial,src_02aae4952a51;src_04bf0e127029;src_0ce80283f028;src_0f7998c94572;src_0fb95c6f3b76;src_324607d7dfe9;src_3c0feca35341;src_4b31782ef406;src_57c005bbf0f6;src_70d5ee7502b1;src_71477ce5c01a;src_71826904d44e;src_790afb52d855;src_827a94931755;src_8c25176b3b11;src_95002082f0df;src_979ff86575ac;src_a0012cc28850;src_e82b708fe54b;src_f428cc11d231;src_f80644e75365,à chaque acquisition réussie,public,produced,data/processed/polling_units.csv
registered_electors,élection × circonscription × capture,508,11,CSV UTF-8,qc-prov-2026-10-05-general,src_fd3351236900,à chaque acquisition réussie,public,produced,data/processed/registered_electors.csv
result_source_fields,capture × entité × champ source,57153,11,CSV UTF-8,qc-prov-2013-12-09-partial;qc-prov-2014-04-07-general;qc-prov-2014-10-20-partial;qc-prov-2015-03-09-partial;qc-prov-2015-06-08-partial;qc-prov-2015-11-09-partial;qc-prov-2016-04-11-partial;qc-prov-2016-12-05-partial;qc-prov-2017-05-29-partial;qc-prov-2017-10-02-partial;qc-prov-2018-10-01-general;qc-prov-2018-12-10-partial;qc-prov-2019-12-02-partial;qc-prov-2022-04-11-partial;qc-prov-2022-10-03-general;qc-prov-2023-03-13-partial;qc-prov-2023-10-02-partial;qc-prov-2025-03-17-partial;qc-prov-2025-08-11-partial;qc-prov-2026-02-23-partial;qc-prov-2026-10-05-general,src_04249426efff;src_23a95c0b8ace;src_2d4e90d4e476;src_335c9751e725;src_3bbf709ff718;src_3ee19c14cf6d;src_46b2b80361d8;src_4e9171631c9b;src_53258148a5e9;src_68477afa07d6;src_6ce929ca1736;src_81c5fe8d1b02;src_8f0698d69120;src_9869ef080ebd;src_9ef2a7b66e04;src_a0bedefcbbb2;src_c0d45adf2a1b;src_d0efa9a1d2ca;src_d46eedaf6c55;src_f5041537304c;src_fc8fc11eea9d,à chaque acquisition réussie,public,produced,data/processed/result_source_fields.csv
results_candidate,élection × circonscription × candidature × capture,6473,21,CSV UTF-8,qc-prov-2012-09-04-general;qc-prov-2013-12-09-partial;qc-prov-2014-04-07-general;qc-prov-2014-10-20-partial;qc-prov-2015-03-09-partial;qc-prov-2015-06-08-partial;qc-prov-2015-11-09-partial;qc-prov-2016-04-11-partial;qc-prov-2016-12-05-partial;qc-prov-2017-05-29-partial;qc-prov-2017-10-02-partial;qc-prov-2018-10-01-general;qc-prov-2018-12-10-partial;qc-prov-2019-12-02-partial;qc-prov-2022-04-11-partial;qc-prov-2022-10-03-general;qc-prov-2023-03-13-partial;qc-prov-2023-10-02-partial;qc-prov-2025-03-17-partial;qc-prov-2025-08-11-partial;qc-prov-2026-02-23-partial;qc-prov-2026-10-05-general,src_04249426efff;src_23a95c0b8ace;src_2d4e90d4e476;src_335c9751e725;src_3bbf709ff718;src_3ee19c14cf6d;src_46b2b80361d8;src_4e9171631c9b;src_53258148a5e9;src_68477afa07d6;src_6ce929ca1736;src_81c5fe8d1b02;src_8f0698d69120;src_9869ef080ebd;src_9ef2a7b66e04;src_a0bedefcbbb2;src_c0d45adf2a1b;src_d0efa9a1d2ca;src_d46eedaf6c55;src_f428cc11d231;src_f5041537304c;src_fc8fc11eea9d,à chaque acquisition réussie,public,produced,data/processed/results_candidate.csv
results_candidate_2026,candidature 2026 × capture,2724,21,CSV UTF-8,qc-prov-2026-10-05-general,src_3bbf709ff718,à chaque acquisition réussie,public,produced,data/processed/results_candidate_2026.csv
results_party,élection × parti × capture,304,17,CSV UTF-8,qc-prov-2012-09-04-general;qc-prov-2013-12-09-partial;qc-prov-2014-04-07-general;qc-prov-2014-10-20-partial;qc-prov-2015-03-09-partial;qc-prov-2015-06-08-partial;qc-prov-2015-11-09-partial;qc-prov-2016-04-11-partial;qc-prov-2016-12-05-partial;qc-prov-2017-05-29-partial;qc-prov-2017-10-02-partial;qc-prov-2018-10-01-general;qc-prov-2018-12-10-partial;qc-prov-2019-12-02-partial;qc-prov-2022-04-11-partial;qc-prov-2022-10-03-general;qc-prov-2023-03-13-partial;qc-prov-2023-10-02-partial;qc-prov-2025-03-17-partial;qc-prov-2025-08-11-partial;qc-prov-2026-02-23-partial;qc-prov-2026-10-05-general,src_04249426efff;src_23a95c0b8ace;src_2d4e90d4e476;src_335c9751e725;src_3bbf709ff718;src_3ee19c14cf6d;src_46b2b80361d8;src_4e9171631c9b;src_53258148a5e9;src_68477afa07d6;src_6ce929ca1736;src_81c5fe8d1b02;src_8f0698d69120;src_9869ef080ebd;src_9ef2a7b66e04;src_a0bedefcbbb2;src_c0d45adf2a1b;src_d0efa9a1d2ca;src_d46eedaf6c55;src_f428cc11d231;src_f5041537304c;src_fc8fc11eea9d,à chaque acquisition réussie,public,produced,data/processed/results_party.csv
results_party_2026,parti 2026 × capture,63,17,CSV UTF-8,qc-prov-2026-10-05-general,src_3bbf709ff718,à chaque acquisition réussie,public,produced,data/processed/results_party_2026.csv
turnout,élection × circonscription × capture,906,21,CSV UTF-8,qc-prov-2012-09-04-general;qc-prov-2013-12-09-partial;qc-prov-2014-04-07-general;qc-prov-2014-10-20-partial;qc-prov-2015-03-09-partial;qc-prov-2015-06-08-partial;qc-prov-2015-11-09-partial;qc-prov-2016-04-11-partial;qc-prov-2016-12-05-partial;qc-prov-2017-05-29-partial;qc-prov-2017-10-02-partial;qc-prov-2018-10-01-general;qc-prov-2018-12-10-partial;qc-prov-2019-12-02-partial;qc-prov-2022-04-11-partial;qc-prov-2022-10-03-general;qc-prov-2023-03-13-partial;qc-prov-2023-10-02-partial;qc-prov-2025-03-17-partial;qc-prov-2025-08-11-partial;qc-prov-2026-02-23-partial;qc-prov-2026-10-05-general,src_04249426efff;src_23a95c0b8ace;src_2d4e90d4e476;src_335c9751e725;src_3bbf709ff718;src_3ee19c14cf6d;src_46b2b80361d8;src_4e9171631c9b;src_53258148a5e9;src_68477afa07d6;src_6ce929ca1736;src_81c5fe8d1b02;src_8f0698d69120;src_9869ef080ebd;src_9ef2a7b66e04;src_a0bedefcbbb2;src_c0d45adf2a1b;src_d0efa9a1d2ca;src_d46eedaf6c55;src_f428cc11d231;src_f5041537304c;src_fc8fc11eea9d,à chaque acquisition réussie,public,produced,data/processed/turnout.csv
turnout_history,élection historique × circonscription,525,21,CSV UTF-8,qc-prov-2012-09-04-general;qc-prov-2013-12-09-partial;qc-prov-2014-04-07-general;qc-prov-2014-10-20-partial;qc-prov-2015-03-09-partial;qc-prov-2015-06-08-partial;qc-prov-2015-11-09-partial;qc-prov-2016-04-11-partial;qc-prov-2016-12-05-partial;qc-prov-2017-05-29-partial;qc-prov-2017-10-02-partial;qc-prov-2018-10-01-general;qc-prov-2018-12-10-partial;qc-prov-2019-12-02-partial;qc-prov-2022-04-11-partial;qc-prov-2022-10-03-general;qc-prov-2023-03-13-partial;qc-prov-2023-10-02-partial;qc-prov-2025-03-17-partial;qc-prov-2025-08-11-partial;qc-prov-2026-02-23-partial,src_04249426efff;src_23a95c0b8ace;src_2d4e90d4e476;src_335c9751e725;src_3ee19c14cf6d;src_46b2b80361d8;src_4e9171631c9b;src_53258148a5e9;src_68477afa07d6;src_6ce929ca1736;src_81c5fe8d1b02;src_8f0698d69120;src_9869ef080ebd;src_9ef2a7b66e04;src_a0bedefcbbb2;src_c0d45adf2a1b;src_d0efa9a1d2ca;src_d46eedaf6c55;src_f428cc11d231;src_f5041537304c;src_fc8fc11eea9d,à chaque acquisition réussie,public,produced,data/processed/turnout_history.csv
candidate_statistics,tableau officiel × ligne × colonne source,456,11,CSV UTF-8,voir source,src_054c00a7b03c,à chaque acquisition réussie,local_only,produced_in_previous_local_build,data/processed/local_only/candidate_statistics.csv
turnout_preliminary_2026,circonscription × capture,127,13,CSV UTF-8,qc-prov-2026-10-05-general,src_fd99c43283f3,à chaque acquisition réussie,local_only,produced_in_previous_local_build,data/processed/local_only/turnout_preliminary_2026.csv
assnat_historical_source_tables,tableau officiel × ligne × colonne source,110097,11,CSV UTF-8 gzip,voir source,src_00f6f4053817;src_128f9f74ba8d;src_2244578dce31;src_3de6cee42b89;src_400452365bd1;src_440ebd7b572a;src_4840108788f3;src_4cc517b0501c;src_5179307198a5;src_52e2d7d3768e;src_612bcc4cc655;src_6498b71b1a4c;src_6f9919271d21;src_724898755de5;src_728d86af63e6;src_7b9ed0fabd68;src_82efc8cec4cf;src_9d3d3707d691;src_a0251ac689cb;src_a567416f3b01;src_c3fc7d75adf4;src_c67c8d9bd6bc;src_ccc54fd0ebf1;src_d4a5c8d4c2ec;src_db3d57b00e40;src_dca5486a83eb;src_e2545508d8ce;src_ef29c51fe1f8;src_fc37ed3fd768;src_fd9a5ca5abb0,à chaque acquisition réussie,local_only,produced_in_previous_local_build,data/processed/local_only/assnat_historical_source_tables.csv.gz
district_demographics,territoire × variable du Recensement 2021,331776,16,CSV UTF-8 gzip,voir source,src_4ebaa48de588,à chaque acquisition réussie,local_only,produced_in_previous_local_build,data/processed/local_only/district_demographics.csv.gz
district_map_changes,carte historique officielle,13,9,CSV UTF-8,voir source,src_42a1a6aedb12,à chaque acquisition réussie,local_only,produced_in_previous_local_build,data/processed/local_only/district_map_changes.csv
election_expense_limits,type d’élection × périmètre × période,18,12,CSV UTF-8,voir source,src_a85ab1730d80,à chaque acquisition réussie,local_only,produced_in_previous_local_build,data/processed/local_only/election_expense_limits.csv
finance_source_tables,tableau officiel × ligne × colonne source,27,11,CSV UTF-8,voir source,src_a85ab1730d80,à chaque acquisition réussie,local_only,produced_in_previous_local_build,data/processed/local_only/finance_source_tables.csv
financial_source_cells,document × page × ligne × cellule numérique,28618,15,CSV UTF-8,voir source,src_01db39f4e4f2;src_0430ecbf1742;src_0491eb92dd0d;src_04c37da3c24d;src_06599b3ec306;src_08f6d4dd797b;src_0b7a46df3ff2;src_0d1d6cdde36f;src_0e7cf8e163b5;src_0e99e006f132;src_13e09283669f;src_140312574af1;src_1577b9d7a614;src_1ad1d7d4bce2;src_21aaee328a50;src_2757b8f9e694;src_2cdc699b6ab3;src_2efb37ecb0cc;src_30aa6da0cc8f;src_31f2eb3b2622;src_3350f46b5b55;src_33bf1e694f01;src_379eae41d674;src_3881b6441404;src_390a840e73f7;src_40e521c05526;src_4130101dd276;src_447546851c00;src_4ac6705b1733;src_4d318dab12bb;src_50e87f4bc76d;src_558d29f3a92b;src_57a86a9a7233;src_599c155a843f;src_64a4ea49bec9;src_65edafd16f87;src_6a1b5d8db7aa;src_6dbb95ae2ee7;src_70c6575d406d;src_71f42be68dcf;src_71fd573af26d;src_73c753ead3d5;src_77b4511c2119;src_7ad103d64f43;src_7b1f1238df02;src_7be8c2b29cc2;src_7dd31b970087;src_7e9e3954bd04;src_7edae706c80f;src_81d75ee6bec2;src_8344685c75c9;src_839eb18fb2a9;src_8577ec740ac7;src_85c842ba25d7;src_87672327e22a;src_8c6e64b8b7dd;src_8de2ad80413f;src_8fac60efafa5;src_904bc4c13c21;src_90967c6f4fa3;src_945db0e19a86;src_9d9a4eb99727;src_9ddc65070b51;src_a38edcb55657;src_a58efc86a53b;src_a6523fa7d68d;src_a835da1cb6e8;src_ac0cb08c837d;src_adc81a41ea0d;src_b0ef08f0bdfb;src_b26df8df1011;src_b57789261106;src_b6b8da657b49;src_b91168ebe47f;src_b9dde0657417;src_bc27f2afd192;src_c5c8ca7eeeec;src_c670b2ad96cd;src_c6d71d6d580d;src_c91c894a665a;src_cbd9eaeff4c7;src_cd2c60ae4c6f;src_cd6992b2ac73;src_cdfd61f2d179;src_cfa059b20a2d;src_cfe22416fb0b;src_d5493b320855;src_d99abe36efb8;src_da98722f41f3;src_db7488a5731c;src_e22f007bbf1a;src_e468ade1c431;src_e4c70ec5dd92;src_e50ac29d2302;src_e7b880c95d34;src_e8dfdf2d589b;src_eca05b07125b;src_ed34c69c5ecd;src_ef3f44f8c54b;src_f097f1933104;src_f87c3bf527a2;src_f8958dbeb42a;src_fa55dc6c0172;src_fcb0c6109e23;src_fed3b569ec4c,à chaque acquisition réussie,local_only,produced_in_previous_local_build,data/processed/local_only/financial_source_cells.csv
legacy_election_source_tables,tableau officiel × ligne × colonne source,70,11,CSV UTF-8,voir source,src_268f1a4a8b31;src_2fbd7c4b9831;src_3079060e6e05;src_31b9081adafa;src_3f77879fe5f9;src_406874c1e392;src_4afe4837258f;src_6c7c3c7f0abb;src_8e75d31e857d;src_b03ffef94773;src_bd95fc36ff7d;src_d3981d15025d;src_ef8b71b53e21;src_f2dbc7f08dc1,à chaque acquisition réussie,local_only,produced_in_previous_local_build,data/processed/local_only/legacy_election_source_tables.csv
legacy_elections,élection historique × capture,65,18,CSV UTF-8,qc-prov-1963-09-25-partial;qc-prov-1964-10-05-partial;qc-prov-1965-01-18-partial;qc-prov-1968-12-04-partial;qc-prov-1969-03-03-partial;qc-prov-1969-10-08-partial;qc-prov-1971-02-08-partial;qc-prov-1972-10-11-partial;qc-prov-1973-10-29-general;qc-prov-1974-08-28-partial;qc-prov-1976-11-15-general;qc-prov-1978-07-05-partial;qc-prov-1979-04-30-partial;qc-prov-1979-11-14-partial;qc-prov-1979-11-26-partial;qc-prov-1980-11-17-partial;qc-prov-1981-04-13-general;qc-prov-1982-04-05-partial;qc-prov-1983-06-20-partial;qc-prov-1983-12-05-partial;qc-prov-1984-06-18-partial;qc-prov-1984-11-26-partial;qc-prov-1985-06-03-partial;qc-prov-1985-12-02-general;qc-prov-1986-01-20-partial;qc-prov-1987-09-14-partial;qc-prov-1988-06-20-partial;qc-prov-1989-05-29-partial;qc-prov-1989-09-25-general;qc-prov-1991-08-12-partial;qc-prov-1992-01-20-partial;qc-prov-1993-07-05-partial;qc-prov-1993-12-13-partial;qc-prov-1994-02-21-partial;qc-prov-1994-02-28-partial;qc-prov-1994-09-12-general;qc-prov-1996-02-19-partial;qc-prov-1996-06-10-partial;qc-prov-1996-12-09-partial;qc-prov-1997-04-28-partial;qc-prov-1997-10-06-partial;qc-prov-1998-06-01-partial;qc-prov-1998-11-30-general;qc-prov-2001-04-09-partial;qc-prov-2001-10-01-partial;qc-prov-2002-04-15-partial;qc-prov-2002-06-17-partial;qc-prov-2003-04-14-general;qc-prov-2004-09-20-partial;qc-prov-2005-12-12-partial;qc-prov-2006-04-10-partial;qc-prov-2006-08-14-partial;qc-prov-2007-03-26-general;qc-prov-2007-09-24-partial;qc-prov-2008-05-12-partial;qc-prov-2008-09-29-partial;qc-prov-2008-12-08-general;qc-prov-2009-06-22-partial;qc-prov-2009-09-21-partial;qc-prov-2010-07-05-partial;qc-prov-2010-09-13-partial;qc-prov-2010-11-29-partial;qc-prov-2011-12-05-partial;qc-prov-2012-06-11-partial;qc-prov-2012-09-04-general,src_0946a7cc5cfb;src_0ee71b44a08d;src_104d9a727eaa;src_154407e0c6f3;src_1802c37dad40;src_1af5a89dfff0;src_1e628f5a1f47;src_1e86e2e765b0;src_23975b969371;src_25984d7d7187;src_25af3d37f440;src_25d8d1d09ca2;src_280377a4ab9f;src_2e545590ac0b;src_2fdd6d97a914;src_3b86e20cc08e;src_3b8db421046a;src_430100a25e12;src_47d00d1e06ec;src_4aa1df78a89f;src_4ec6a883ffb0;src_50cb836b3a85;src_520c73ea8c20;src_54c3f7305664;src_54ed72cc98e5;src_55753c48469a;src_60ae99fc5e74;src_61ad41ed8836;src_63ad7f1d0270;src_66823dd8c7f5;src_688fead178b4;src_68f759717bcc;src_6bfafee16732;src_6e9eb7f5d233;src_6f2056e5389e;src_6f4df3beacc9;src_765bb55410f7;src_7bff9ffeecfe;src_8a20eb6a8e65;src_97485f74fd4c;src_976f92175327;src_a4ab9b077bc6;src_a5c774edf8cf;src_abf0cae17f16;src_acc454cd8165;src_ae885e09480c;src_af198bab8499;src_b1cdb1fbf174;src_b58fcb703164;src_b7e2938c2649;src_b8d6cf50c953;src_b9b5e6a7558b;src_bcd514b5f73d;src_bf038d713135;src_c3d6218599e0;src_c837d52ba812;src_d78bda3e984a;src_e292ec2ab3f8;src_e5d49a26272d;src_e8904f6f5951;src_ec1324e83b0d;src_ef2bcd58ba61;src_f20092c75f85;src_f7d493b63d3f;src_f9a761fd99ee,à chaque acquisition réussie,local_only,produced_in_previous_local_build,data/processed/local_only/legacy_elections.csv
legacy_historical_candidate_results,élection historique × candidature source × capture,7527,22,CSV UTF-8,qc-prov-1963-09-25-partial;qc-prov-1964-10-05-partial;qc-prov-1965-01-18-partial;qc-prov-1968-12-04-partial;qc-prov-1969-03-03-partial;qc-prov-1969-10-08-partial;qc-prov-1971-02-08-partial;qc-prov-1972-10-11-partial;qc-prov-1973-10-29-general;qc-prov-1974-08-28-partial;qc-prov-1976-11-15-general;qc-prov-1978-07-05-partial;qc-prov-1979-04-30-partial;qc-prov-1979-11-14-partial;qc-prov-1979-11-26-partial;qc-prov-1980-11-17-partial;qc-prov-1981-04-13-general;qc-prov-1982-04-05-partial;qc-prov-1983-06-20-partial;qc-prov-1983-12-05-partial;qc-prov-1984-06-18-partial;qc-prov-1984-11-26-partial;qc-prov-1985-06-03-partial;qc-prov-1985-12-02-general;qc-prov-1986-01-20-partial;qc-prov-1987-09-14-partial;qc-prov-1988-06-20-partial;qc-prov-1989-05-29-partial;qc-prov-1989-09-25-general;qc-prov-1991-08-12-partial;qc-prov-1992-01-20-partial;qc-prov-1993-07-05-partial;qc-prov-1993-12-13-partial;qc-prov-1994-02-21-partial;qc-prov-1994-02-28-partial;qc-prov-1994-09-12-general;qc-prov-1996-02-19-partial;qc-prov-1996-06-10-partial;qc-prov-1996-12-09-partial;qc-prov-1997-04-28-partial;qc-prov-1997-10-06-partial;qc-prov-1998-06-01-partial;qc-prov-1998-11-30-general;qc-prov-2001-04-09-partial;qc-prov-2001-10-01-partial;qc-prov-2002-04-15-partial;qc-prov-2002-06-17-partial;qc-prov-2003-04-14-general;qc-prov-2004-09-20-partial;qc-prov-2005-12-12-partial;qc-prov-2006-04-10-partial;qc-prov-2006-08-14-partial;qc-prov-2007-03-26-general;qc-prov-2007-09-24-partial;qc-prov-2008-05-12-partial;qc-prov-2008-09-29-partial;qc-prov-2008-12-08-general;qc-prov-2009-06-22-partial;qc-prov-2009-09-21-partial;qc-prov-2010-07-05-partial;qc-prov-2010-09-13-partial;qc-prov-2010-11-29-partial;qc-prov-2011-12-05-partial;qc-prov-2012-06-11-partial;qc-prov-2012-09-04-general,src_0946a7cc5cfb;src_0ee71b44a08d;src_104d9a727eaa;src_154407e0c6f3;src_1802c37dad40;src_1af5a89dfff0;src_1e628f5a1f47;src_1e86e2e765b0;src_23975b969371;src_25984d7d7187;src_25af3d37f440;src_25d8d1d09ca2;src_280377a4ab9f;src_2e545590ac0b;src_2fdd6d97a914;src_3b86e20cc08e;src_3b8db421046a;src_430100a25e12;src_47d00d1e06ec;src_4aa1df78a89f;src_4ec6a883ffb0;src_50cb836b3a85;src_520c73ea8c20;src_54c3f7305664;src_54ed72cc98e5;src_55753c48469a;src_60ae99fc5e74;src_61ad41ed8836;src_63ad7f1d0270;src_66823dd8c7f5;src_688fead178b4;src_68f759717bcc;src_6bfafee16732;src_6e9eb7f5d233;src_6f2056e5389e;src_6f4df3beacc9;src_765bb55410f7;src_7bff9ffeecfe;src_8a20eb6a8e65;src_97485f74fd4c;src_976f92175327;src_a4ab9b077bc6;src_a5c774edf8cf;src_abf0cae17f16;src_acc454cd8165;src_ae885e09480c;src_af198bab8499;src_b1cdb1fbf174;src_b58fcb703164;src_b7e2938c2649;src_b8d6cf50c953;src_b9b5e6a7558b;src_bcd514b5f73d;src_bf038d713135;src_c3d6218599e0;src_c837d52ba812;src_d78bda3e984a;src_e292ec2ab3f8;src_e5d49a26272d;src_e8904f6f5951;src_ec1324e83b0d;src_ef2bcd58ba61;src_f20092c75f85;src_f7d493b63d3f;src_f9a761fd99ee,à chaque acquisition réussie,local_only,produced_in_previous_local_build,data/processed/local_only/legacy_historical_candidate_results.csv
legacy_historical_district_results,élection historique × circonscription × capture,1442,18,CSV UTF-8,qc-prov-1963-09-25-partial;qc-prov-1964-10-05-partial;qc-prov-1965-01-18-partial;qc-prov-1968-12-04-partial;qc-prov-1969-03-03-partial;qc-prov-1969-10-08-partial;qc-prov-1971-02-08-partial;qc-prov-1972-10-11-partial;qc-prov-1973-10-29-general;qc-prov-1974-08-28-partial;qc-prov-1976-11-15-general;qc-prov-1978-07-05-partial;qc-prov-1979-04-30-partial;qc-prov-1979-11-14-partial;qc-prov-1979-11-26-partial;qc-prov-1980-11-17-partial;qc-prov-1981-04-13-general;qc-prov-1982-04-05-partial;qc-prov-1983-06-20-partial;qc-prov-1983-12-05-partial;qc-prov-1984-06-18-partial;qc-prov-1984-11-26-partial;qc-prov-1985-06-03-partial;qc-prov-1985-12-02-general;qc-prov-1986-01-20-partial;qc-prov-1987-09-14-partial;qc-prov-1988-06-20-partial;qc-prov-1989-05-29-partial;qc-prov-1989-09-25-general;qc-prov-1991-08-12-partial;qc-prov-1992-01-20-partial;qc-prov-1993-07-05-partial;qc-prov-1993-12-13-partial;qc-prov-1994-02-21-partial;qc-prov-1994-02-28-partial;qc-prov-1994-09-12-general;qc-prov-1996-02-19-partial;qc-prov-1996-06-10-partial;qc-prov-1996-12-09-partial;qc-prov-1997-04-28-partial;qc-prov-1997-10-06-partial;qc-prov-1998-06-01-partial;qc-prov-1998-11-30-general;qc-prov-2001-04-09-partial;qc-prov-2001-10-01-partial;qc-prov-2002-04-15-partial;qc-prov-2002-06-17-partial;qc-prov-2003-04-14-general;qc-prov-2004-09-20-partial;qc-prov-2005-12-12-partial;qc-prov-2006-04-10-partial;qc-prov-2006-08-14-partial;qc-prov-2007-03-26-general;qc-prov-2007-09-24-partial;qc-prov-2008-05-12-partial;qc-prov-2008-09-29-partial;qc-prov-2008-12-08-general;qc-prov-2009-06-22-partial;qc-prov-2009-09-21-partial;qc-prov-2010-07-05-partial;qc-prov-2010-09-13-partial;qc-prov-2010-11-29-partial;qc-prov-2011-12-05-partial;qc-prov-2012-06-11-partial;qc-prov-2012-09-04-general,src_0946a7cc5cfb;src_0ee71b44a08d;src_104d9a727eaa;src_154407e0c6f3;src_1802c37dad40;src_1af5a89dfff0;src_1e628f5a1f47;src_1e86e2e765b0;src_23975b969371;src_25984d7d7187;src_25af3d37f440;src_25d8d1d09ca2;src_280377a4ab9f;src_2e545590ac0b;src_2fdd6d97a914;src_3b86e20cc08e;src_3b8db421046a;src_430100a25e12;src_47d00d1e06ec;src_4aa1df78a89f;src_4ec6a883ffb0;src_50cb836b3a85;src_520c73ea8c20;src_54c3f7305664;src_54ed72cc98e5;src_55753c48469a;src_60ae99fc5e74;src_61ad41ed8836;src_63ad7f1d0270;src_66823dd8c7f5;src_688fead178b4;src_68f759717bcc;src_6bfafee16732;src_6e9eb7f5d233;src_6f2056e5389e;src_6f4df3beacc9;src_765bb55410f7;src_7bff9ffeecfe;src_8a20eb6a8e65;src_97485f74fd4c;src_976f92175327;src_a4ab9b077bc6;src_a5c774edf8cf;src_abf0cae17f16;src_acc454cd8165;src_ae885e09480c;src_af198bab8499;src_b1cdb1fbf174;src_b58fcb703164;src_b7e2938c2649;src_b8d6cf50c953;src_b9b5e6a7558b;src_bcd514b5f73d;src_bf038d713135;src_c3d6218599e0;src_c837d52ba812;src_d78bda3e984a;src_e292ec2ab3f8;src_e5d49a26272d;src_e8904f6f5951;src_ec1324e83b0d;src_ef2bcd58ba61;src_f20092c75f85;src_f7d493b63d3f;src_f9a761fd99ee,à chaque acquisition réussie,local_only,produced_in_previous_local_build,data/processed/local_only/legacy_historical_district_results.csv
legacy_historical_party_results,élection historique × parti × capture,452,16,CSV UTF-8,qc-prov-1963-09-25-partial;qc-prov-1964-10-05-partial;qc-prov-1965-01-18-partial;qc-prov-1968-12-04-partial;qc-prov-1969-03-03-partial;qc-prov-1969-10-08-partial;qc-prov-1971-02-08-partial;qc-prov-1972-10-11-partial;qc-prov-1973-10-29-general;qc-prov-1974-08-28-partial;qc-prov-1976-11-15-general;qc-prov-1978-07-05-partial;qc-prov-1979-04-30-partial;qc-prov-1979-11-14-partial;qc-prov-1979-11-26-partial;qc-prov-1980-11-17-partial;qc-prov-1981-04-13-general;qc-prov-1982-04-05-partial;qc-prov-1983-06-20-partial;qc-prov-1983-12-05-partial;qc-prov-1984-06-18-partial;qc-prov-1984-11-26-partial;qc-prov-1985-06-03-partial;qc-prov-1985-12-02-general;qc-prov-1986-01-20-partial;qc-prov-1987-09-14-partial;qc-prov-1988-06-20-partial;qc-prov-1989-05-29-partial;qc-prov-1989-09-25-general;qc-prov-1991-08-12-partial;qc-prov-1992-01-20-partial;qc-prov-1993-07-05-partial;qc-prov-1993-12-13-partial;qc-prov-1994-02-21-partial;qc-prov-1994-02-28-partial;qc-prov-1994-09-12-general;qc-prov-1996-02-19-partial;qc-prov-1996-06-10-partial;qc-prov-1996-12-09-partial;qc-prov-1997-04-28-partial;qc-prov-1997-10-06-partial;qc-prov-1998-06-01-partial;qc-prov-1998-11-30-general;qc-prov-2001-04-09-partial;qc-prov-2001-10-01-partial;qc-prov-2002-04-15-partial;qc-prov-2002-06-17-partial;qc-prov-2003-04-14-general;qc-prov-2004-09-20-partial;qc-prov-2005-12-12-partial;qc-prov-2006-04-10-partial;qc-prov-2006-08-14-partial;qc-prov-2007-03-26-general;qc-prov-2007-09-24-partial;qc-prov-2008-05-12-partial;qc-prov-2008-09-29-partial;qc-prov-2008-12-08-general;qc-prov-2009-06-22-partial;qc-prov-2009-09-21-partial;qc-prov-2010-07-05-partial;qc-prov-2010-09-13-partial;qc-prov-2010-11-29-partial;qc-prov-2011-12-05-partial;qc-prov-2012-06-11-partial;qc-prov-2012-09-04-general,src_0946a7cc5cfb;src_0ee71b44a08d;src_104d9a727eaa;src_154407e0c6f3;src_1802c37dad40;src_1af5a89dfff0;src_1e628f5a1f47;src_1e86e2e765b0;src_23975b969371;src_25984d7d7187;src_25af3d37f440;src_25d8d1d09ca2;src_280377a4ab9f;src_2e545590ac0b;src_2fdd6d97a914;src_3b86e20cc08e;src_3b8db421046a;src_430100a25e12;src_47d00d1e06ec;src_4aa1df78a89f;src_4ec6a883ffb0;src_50cb836b3a85;src_520c73ea8c20;src_54c3f7305664;src_54ed72cc98e5;src_55753c48469a;src_60ae99fc5e74;src_61ad41ed8836;src_63ad7f1d0270;src_66823dd8c7f5;src_688fead178b4;src_68f759717bcc;src_6bfafee16732;src_6e9eb7f5d233;src_6f2056e5389e;src_6f4df3beacc9;src_765bb55410f7;src_7bff9ffeecfe;src_8a20eb6a8e65;src_97485f74fd4c;src_976f92175327;src_a4ab9b077bc6;src_a5c774edf8cf;src_abf0cae17f16;src_acc454cd8165;src_ae885e09480c;src_af198bab8499;src_b1cdb1fbf174;src_b58fcb703164;src_b7e2938c2649;src_b8d6cf50c953;src_b9b5e6a7558b;src_bcd514b5f73d;src_bf038d713135;src_c3d6218599e0;src_c837d52ba812;src_d78bda3e984a;src_e292ec2ab3f8;src_e5d49a26272d;src_e8904f6f5951;src_ec1324e83b0d;src_ef2bcd58ba61;src_f20092c75f85;src_f7d493b63d3f;src_f9a761fd99ee,à chaque acquisition réussie,local_only,produced_in_previous_local_build,data/processed/local_only/legacy_historical_party_results.csv
legacy_polling_division_results,élection historique × unité × candidature source × capture,491686,13,CSV UTF-8 gzip,qc-prov-1998-11-30-general;qc-prov-2003-04-14-general;qc-prov-2007-03-26-general;qc-prov-2008-12-08-general,src_52c4ab07b017;src_97943df8aee2;src_ae53c8c7c088;src_e1bd95cfcae7,à chaque acquisition réussie,local_only,produced_in_previous_local_build,data/processed/local_only/legacy_polling_division_results.csv.gz
legacy_polling_units,élection historique × unité publiée × capture,92549,19,CSV UTF-8,qc-prov-1998-11-30-general;qc-prov-2003-04-14-general;qc-prov-2007-03-26-general;qc-prov-2008-12-08-general,src_52c4ab07b017;src_97943df8aee2;src_ae53c8c7c088;src_e1bd95cfcae7,à chaque acquisition réussie,local_only,produced_in_previous_local_build,data/processed/local_only/legacy_polling_units.csv
party_balance_sheet,entité × année × poste comptable vérifié,9,20,CSV UTF-8,voir source,src_0e7cf8e163b5,à chaque acquisition réussie,local_only,produced_in_previous_local_build,data/processed/local_only/party_balance_sheet.csv
party_cashflows,entité × année × poste comptable vérifié,15,20,CSV UTF-8,voir source,src_0e7cf8e163b5,à chaque acquisition réussie,local_only,produced_in_previous_local_build,data/processed/local_only/party_cashflows.csv
party_finance_expenses,entité × année × poste comptable vérifié,5,20,CSV UTF-8,voir source,src_0e7cf8e163b5,à chaque acquisition réussie,local_only,produced_in_previous_local_build,data/processed/local_only/party_finance_expenses.csv
party_finance_income,entité × année × poste comptable vérifié,1,20,CSV UTF-8,voir source,src_0e7cf8e163b5,à chaque acquisition réussie,local_only,produced_in_previous_local_build,data/processed/local_only/party_finance_income.csv
party_finance_income_summary,"parti et instances × année × poste de revenus, récapitulation",154,16,CSV UTF-8,voir source,src_f5ccbf4af143,à chaque acquisition réussie,local_only,produced_in_previous_local_build,data/processed/local_only/party_finance_income_summary.csv
party_finances_annual,"parti et instances × année, récapitulation officielle",22,21,CSV UTF-8,voir source,src_f5ccbf4af143,à chaque acquisition réussie,local_only,produced_in_previous_local_build,data/processed/local_only/party_finances_annual.csv
party_public_funding,parti × année,17,15,CSV UTF-8,voir source,src_f9078e7eddb3,à chaque acquisition réussie,local_only,produced_in_previous_local_build,data/processed/local_only/party_public_funding.csv
political_contributions_aggregated,type et entité × événement × année,211,19,CSV UTF-8,voir source,src_54b914419613,à chaque acquisition réussie,local_only,produced_in_previous_local_build,data/processed/local_only/political_contributions_aggregated.csv
political_contributions_city,type et entité × événement × année × ville,6113,20,CSV UTF-8,voir source,src_54b914419613,à chaque acquisition réussie,local_only,produced_in_previous_local_build,data/processed/local_only/political_contributions_city.csv
turnout_history_source,tableau officiel × ligne × colonne source,355,11,CSV UTF-8,voir source,src_6c3e3712dabd,à chaque acquisition réussie,local_only,produced_in_previous_local_build,data/processed/local_only/turnout_history_source.csv
