district_id,district_code,district_name,map_year,code_edition,source_id,snapshot_id,observed_at,retrieved_at,source_updated_at,data_status
qc-prov-2026-2026-689,689,Abitibi-Est,2026,2026,src_6d260c49cd29,src_6d260c49cd29_20261003140119935_474f8a654a2c,2026-10-03T14:01:19.935Z,2026-10-03T14:01:21.294Z,NA,observed
qc-prov-2026-2026-681,681,Abitibi-Ouest,2026,2026,src_6d260c49cd29,src_6d260c49cd29_20261003140119935_474f8a654a2c,2026-10-03T14:01:19.935Z,2026-10-03T14:01:21.294Z,NA,observed
qc-prov-2026-2026-299,299,Acadie,2026,2026,src_6d260c49cd29,src_6d260c49cd29_20261003140119935_474f8a654a2c,2026-10-03T14:01:19.935Z,2026-10-03T14:01:21.294Z,NA,observed
qc-prov-2026-2026-833,833,Anjou–Louis-Riel,2026,2026,src_6d260c49cd29,src_6d260c49cd29_20261003140119935_474f8a654a2c,2026-10-03T14:01:19.935Z,2026-10-03T14:01:21.294Z,NA,observed
qc-prov-2026-2026-589,589,Argenteuil,2026,2026,src_6d260c49cd29,src_6d260c49cd29_20261003140119935_474f8a654a2c,2026-10-03T14:01:19.935Z,2026-10-03T14:01:21.294Z,NA,observed
qc-prov-2026-2026-147,147,Arthabaska-L’Érable,2026,2026,src_6d260c49cd29,src_6d260c49cd29_20261003140119935_474f8a654a2c,2026-10-03T14:01:19.935Z,2026-10-03T14:01:21.294Z,NA,observed
qc-prov-2026-2026-781,781,Beauce-Nord,2026,2026,src_6d260c49cd29,src_6d260c49cd29_20261003140119935_474f8a654a2c,2026-10-03T14:01:19.935Z,2026-10-03T14:01:21.294Z,NA,observed
qc-prov-2026-2026-777,777,Beauce-Sud,2026,2026,src_6d260c49cd29,src_6d260c49cd29_20261003140119935_474f8a654a2c,2026-10-03T14:01:19.935Z,2026-10-03T14:01:21.294Z,NA,observed
qc-prov-2026-2026-179,179,Beauharnois,2026,2026,src_6d260c49cd29,src_6d260c49cd29_20261003140119935_474f8a654a2c,2026-10-03T14:01:19.935Z,2026-10-03T14:01:21.294Z,NA,observed
qc-prov-2026-2026-797,797,Bellechasse,2026,2026,src_6d260c49cd29,src_6d260c49cd29_20261003140119935_474f8a654a2c,2026-10-03T14:01:19.935Z,2026-10-03T14:01:21.294Z,NA,observed
qc-prov-2026-2026-591,591,Bellefeuille,2026,2026,src_6d260c49cd29,src_6d260c49cd29_20261003140119935_474f8a654a2c,2026-10-03T14:01:19.935Z,2026-10-03T14:01:21.294Z,NA,observed
qc-prov-2026-2026-627,627,Berthier,2026,2026,src_6d260c49cd29,src_6d260c49cd29_20261003140119935_474f8a654a2c,2026-10-03T14:01:19.935Z,2026-10-03T14:01:21.294Z,NA,observed
qc-prov-2026-2026-641,641,Bertrand,2026,2026,src_6d260c49cd29,src_6d260c49cd29_20261003140119935_474f8a654a2c,2026-10-03T14:01:19.935Z,2026-10-03T14:01:21.294Z,NA,observed
qc-prov-2026-2026-607,607,Blainville,2026,2026,src_6d260c49cd29,src_6d260c49cd29_20261003140119935_474f8a654a2c,2026-10-03T14:01:19.935Z,2026-10-03T14:01:21.294Z,NA,observed
qc-prov-2026-2026-837,837,Bonaventure,2026,2026,src_6d260c49cd29,src_6d260c49cd29_20261003140119935_474f8a654a2c,2026-10-03T14:01:19.935Z,2026-10-03T14:01:21.294Z,NA,observed
qc-prov-2026-2026-237,237,Borduas,2026,2026,src_6d260c49cd29,src_6d260c49cd29_20261003140119935_474f8a654a2c,2026-10-03T14:01:19.935Z,2026-10-03T14:01:21.294Z,NA,observed
qc-prov-2026-2026-327,327,Bourassa-Sauvé,2026,2026,src_6d260c49cd29,src_6d260c49cd29_20261003140119935_474f8a654a2c,2026-10-03T14:01:19.935Z,2026-10-03T14:01:21.294Z,NA,observed
qc-prov-2026-2026-157,157,Brome-Missisquoi,2026,2026,src_6d260c49cd29,src_6d260c49cd29_20261003140119935_474f8a654a2c,2026-10-03T14:01:19.935Z,2026-10-03T14:01:21.294Z,NA,observed
qc-prov-2026-2026-337,337,Camille-Laurin,2026,2026,src_6d260c49cd29,src_6d260c49cd29_20261003140119935_474f8a654a2c,2026-10-03T14:01:19.935Z,2026-10-03T14:01:21.294Z,NA,observed
qc-prov-2026-2026-207,207,Chambly,2026,2026,src_6d260c49cd29,src_6d260c49cd29_20261003140119935_474f8a654a2c,2026-10-03T14:01:19.935Z,2026-10-03T14:01:21.294Z,NA,observed
qc-prov-2026-2026-701,701,Champlain,2026,2026,src_6d260c49cd29,src_6d260c49cd29_20261003140119935_474f8a654a2c,2026-10-03T14:01:19.935Z,2026-10-03T14:01:21.294Z,NA,observed
qc-prov-2026-2026-667,667,Chapleau,2026,2026,src_6d260c49cd29,src_6d260c49cd29_20261003140119935_474f8a654a2c,2026-10-03T14:01:19.935Z,2026-10-03T14:01:21.294Z,NA,observed
qc-prov-2026-2026-767,767,Charlesbourg,2026,2026,src_6d260c49cd29,src_6d260c49cd29_20261003140119935_474f8a654a2c,2026-10-03T14:01:19.935Z,2026-10-03T14:01:21.294Z,NA,observed
qc-prov-2026-2026-771,771,Charlevoix–Côte-de-Beaupré,2026,2026,src_6d260c49cd29,src_6d260c49cd29_20261003140119935_474f8a654a2c,2026-10-03T14:01:19.935Z,2026-10-03T14:01:21.294Z,NA,observed
qc-prov-2026-2026-191,191,Châteauguay,2026,2026,src_6d260c49cd29,src_6d260c49cd29_20261003140119935_474f8a654a2c,2026-10-03T14:01:19.935Z,2026-10-03T14:01:21.294Z,NA,observed
qc-prov-2026-2026-769,769,Chauveau,2026,2026,src_6d260c49cd29,src_6d260c49cd29_20261003140119935_474f8a654a2c,2026-10-03T14:01:19.935Z,2026-10-03T14:01:21.294Z,NA,observed
qc-prov-2026-2026-821,821,Chicoutimi,2026,2026,src_6d260c49cd29,src_6d260c49cd29_20261003140119935_474f8a654a2c,2026-10-03T14:01:19.935Z,2026-10-03T14:01:21.294Z,NA,observed
qc-prov-2026-2026-351,351,Chomedey,2026,2026,src_6d260c49cd29,src_6d260c49cd29_20261003140119935_474f8a654a2c,2026-10-03T14:01:19.935Z,2026-10-03T14:01:21.294Z,NA,observed
qc-prov-2026-2026-789,789,Chutes-de-la-Chaudière,2026,2026,src_6d260c49cd29,src_6d260c49cd29_20261003140119935_474f8a654a2c,2026-10-03T14:01:19.935Z,2026-10-03T14:01:21.294Z,NA,observed
qc-prov-2026-2026-799,799,Côte-du-Sud,2026,2026,src_6d260c49cd29,src_6d260c49cd29_20261003140119935_474f8a654a2c,2026-10-03T14:01:19.935Z,2026-10-03T14:01:21.294Z,NA,observed
qc-prov-2026-2026-131,131,Daniel-Johnson,2026,2026,src_6d260c49cd29,src_6d260c49cd29_20261003140119935_474f8a654a2c,2026-10-03T14:01:19.935Z,2026-10-03T14:01:21.294Z,NA,observed
qc-prov-2026-2026-277,277,D'Arcy-McGee,2026,2026,src_6d260c49cd29,src_6d260c49cd29_20261003140119935_474f8a654a2c,2026-10-03T14:01:19.935Z,2026-10-03T14:01:21.294Z,NA,observed
qc-prov-2026-2026-581,581,Deux-Montagnes,2026,2026,src_6d260c49cd29,src_6d260c49cd29_20261003140119935_474f8a654a2c,2026-10-03T14:01:19.935Z,2026-10-03T14:01:21.294Z,NA,observed
qc-prov-2026-2026-141,141,Drummond–Bois-Francs,2026,2026,src_6d260c49cd29,src_6d260c49cd29_20261003140119935_474f8a654a2c,2026-10-03T14:01:19.935Z,2026-10-03T14:01:21.294Z,NA,observed
qc-prov-2026-2026-819,819,Dubuc,2026,2026,src_6d260c49cd29,src_6d260c49cd29_20261003140119935_474f8a654a2c,2026-10-03T14:01:19.935Z,2026-10-03T14:01:21.294Z,NA,observed
qc-prov-2026-2026-813,813,Duplessis,2026,2026,src_6d260c49cd29,src_6d260c49cd29_20261003140119935_474f8a654a2c,2026-10-03T14:01:19.935Z,2026-10-03T14:01:21.294Z,NA,observed
qc-prov-2026-2026-357,357,Fabre,2026,2026,src_6d260c49cd29,src_6d260c49cd29_20261003140119935_474f8a654a2c,2026-10-03T14:01:19.935Z,2026-10-03T14:01:21.294Z,NA,observed
qc-prov-2026-2026-809,809,Gaspé,2026,2026,src_6d260c49cd29,src_6d260c49cd29_20261003140119935_474f8a654a2c,2026-10-03T14:01:19.935Z,2026-10-03T14:01:21.294Z,NA,observed
qc-prov-2026-2026-661,661,Gatineau,2026,2026,src_6d260c49cd29,src_6d260c49cd29_20261003140119935_474f8a654a2c,2026-10-03T14:01:19.935Z,2026-10-03T14:01:21.294Z,NA,observed
qc-prov-2026-2026-311,311,Gouin,2026,2026,src_6d260c49cd29,src_6d260c49cd29_20261003140119935_474f8a654a2c,2026-10-03T14:01:19.935Z,2026-10-03T14:01:21.294Z,NA,observed
qc-prov-2026-2026-159,159,Granby,2026,2026,src_6d260c49cd29,src_6d260c49cd29_20261003140119935_474f8a654a2c,2026-10-03T14:01:19.935Z,2026-10-03T14:01:21.294Z,NA,observed
qc-prov-2026-2026-577,577,Groulx,2026,2026,src_6d260c49cd29,src_6d260c49cd29_20261003140119935_474f8a654a2c,2026-10-03T14:01:19.935Z,2026-10-03T14:01:21.294Z,NA,observed
qc-prov-2026-2026-317,317,Hochelaga-Maisonneuve,2026,2026,src_6d260c49cd29,src_6d260c49cd29_20261003140119935_474f8a654a2c,2026-10-03T14:01:19.935Z,2026-10-03T14:01:21.294Z,NA,observed
qc-prov-2026-2026-651,651,Hull,2026,2026,src_6d260c49cd29,src_6d260c49cd29_20261003140119935_474f8a654a2c,2026-10-03T14:01:19.935Z,2026-10-03T14:01:21.294Z,NA,observed
qc-prov-2026-2026-171,171,Huntingdon,2026,2026,src_6d260c49cd29,src_6d260c49cd29_20261003140119935_474f8a654a2c,2026-10-03T14:01:19.935Z,2026-10-03T14:01:21.294Z,NA,observed
qc-prov-2026-2026-161,161,Iberville,2026,2026,src_6d260c49cd29,src_6d260c49cd29_20261003140119935_474f8a654a2c,2026-10-03T14:01:19.935Z,2026-10-03T14:01:21.294Z,NA,observed
qc-prov-2026-2026-811,811,Îles-de-la-Madeleine,2026,2026,src_6d260c49cd29,src_6d260c49cd29_20261003140119935_474f8a654a2c,2026-10-03T14:01:19.935Z,2026-10-03T14:01:21.294Z,NA,observed
qc-prov-2026-2026-259,259,Jacques-Cartier,2026,2026,src_6d260c49cd29,src_6d260c49cd29_20261003140119935_474f8a654a2c,2026-10-03T14:01:19.935Z,2026-10-03T14:01:21.294Z,NA,observed
qc-prov-2026-2026-757,757,Jean-Lesage,2026,2026,src_6d260c49cd29,src_6d260c49cd29_20261003140119935_474f8a654a2c,2026-10-03T14:01:19.935Z,2026-10-03T14:01:21.294Z,NA,observed
qc-prov-2026-2026-331,331,Jeanne-Mance–Viger,2026,2026,src_6d260c49cd29,src_6d260c49cd29_20261003140119935_474f8a654a2c,2026-10-03T14:01:19.935Z,2026-10-03T14:01:21.294Z,NA,observed
qc-prov-2026-2026-707,707,Jean-Talon,2026,2026,src_6d260c49cd29,src_6d260c49cd29_20261003140119935_474f8a654a2c,2026-10-03T14:01:19.935Z,2026-10-03T14:01:21.294Z,NA,observed
qc-prov-2026-2026-629,629,Joliette,2026,2026,src_6d260c49cd29,src_6d260c49cd29_20261003140119935_474f8a654a2c,2026-10-03T14:01:19.935Z,2026-10-03T14:01:21.294Z,NA,observed
qc-prov-2026-2026-823,823,Jonquière,2026,2026,src_6d260c49cd29,src_6d260c49cd29_20261003140119935_474f8a654a2c,2026-10-03T14:01:19.935Z,2026-10-03T14:01:21.294Z,NA,observed
qc-prov-2026-2026-649,649,Labelle,2026,2026,src_6d260c49cd29,src_6d260c49cd29_20261003140119935_474f8a654a2c,2026-10-03T14:01:19.935Z,2026-10-03T14:01:21.294Z,NA,observed
qc-prov-2026-2026-827,827,Lac-Saint-Jean,2026,2026,src_6d260c49cd29,src_6d260c49cd29_20261003140119935_474f8a654a2c,2026-10-03T14:01:19.935Z,2026-10-03T14:01:21.294Z,NA,observed
qc-prov-2026-2026-339,339,LaFontaine,2026,2026,src_6d260c49cd29,src_6d260c49cd29_20261003140119935_474f8a654a2c,2026-10-03T14:01:19.935Z,2026-10-03T14:01:21.294Z,NA,observed
qc-prov-2026-2026-729,729,La Peltrie,2026,2026,src_6d260c49cd29,src_6d260c49cd29_20261003140119935_474f8a654a2c,2026-10-03T14:01:19.935Z,2026-10-03T14:01:21.294Z,NA,observed
qc-prov-2026-2026-201,201,La Pinière,2026,2026,src_6d260c49cd29,src_6d260c49cd29_20261003140119935_474f8a654a2c,2026-10-03T14:01:19.935Z,2026-10-03T14:01:21.294Z,NA,observed
qc-prov-2026-2026-199,199,La Prairie,2026,2026,src_6d260c49cd29,src_6d260c49cd29_20261003140119935_474f8a654a2c,2026-10-03T14:01:19.935Z,2026-10-03T14:01:21.294Z,NA,observed
qc-prov-2026-2026-621,621,L'Assomption,2026,2026,src_6d260c49cd29,src_6d260c49cd29_20261003140119935_474f8a654a2c,2026-10-03T14:01:19.935Z,2026-10-03T14:01:21.294Z,NA,observed
qc-prov-2026-2026-307,307,Laurier-Dorion,2026,2026,src_6d260c49cd29,src_6d260c49cd29_20261003140119935_474f8a654a2c,2026-10-03T14:01:19.935Z,2026-10-03T14:01:21.294Z,NA,observed
qc-prov-2026-2026-347,347,Laval-des-Rapides,2026,2026,src_6d260c49cd29,src_6d260c49cd29_20261003140119935_474f8a654a2c,2026-10-03T14:01:19.935Z,2026-10-03T14:01:21.294Z,NA,observed
qc-prov-2026-2026-697,697,Laviolette–Saint-Maurice,2026,2026,src_6d260c49cd29,src_6d260c49cd29_20261003140119935_474f8a654a2c,2026-10-03T14:01:19.935Z,2026-10-03T14:01:21.294Z,NA,observed
qc-prov-2026-2026-601,601,Les Plaines,2026,2026,src_6d260c49cd29,src_6d260c49cd29_20261003140119935_474f8a654a2c,2026-10-03T14:01:19.935Z,2026-10-03T14:01:21.294Z,NA,observed
qc-prov-2026-2026-791,791,Lévis,2026,2026,src_6d260c49cd29,src_6d260c49cd29_20261003140119935_474f8a654a2c,2026-10-03T14:01:19.935Z,2026-10-03T14:01:21.294Z,NA,observed
qc-prov-2026-2026-787,787,Lotbinière-Frontenac,2026,2026,src_6d260c49cd29,src_6d260c49cd29_20261003140119935_474f8a654a2c,2026-10-03T14:01:19.935Z,2026-10-03T14:01:21.294Z,NA,observed
qc-prov-2026-2026-709,709,Louis-Hébert,2026,2026,src_6d260c49cd29,src_6d260c49cd29_20261003140119935_474f8a654a2c,2026-10-03T14:01:19.935Z,2026-10-03T14:01:21.294Z,NA,observed
qc-prov-2026-2026-251,251,Marguerite-Bourgeoys,2026,2026,src_6d260c49cd29,src_6d260c49cd29_20261003140119935_474f8a654a2c,2026-10-03T14:01:19.935Z,2026-10-03T14:01:21.294Z,NA,observed
qc-prov-2026-2026-139,139,Marie-Lacoste-Gérin-Lajoie,2026,2026,src_6d260c49cd29,src_6d260c49cd29_20261003140119935_474f8a654a2c,2026-10-03T14:01:19.935Z,2026-10-03T14:01:21.294Z,NA,observed
qc-prov-2026-2026-219,219,Marie-Victorin,2026,2026,src_6d260c49cd29,src_6d260c49cd29_20261003140119935_474f8a654a2c,2026-10-03T14:01:19.935Z,2026-10-03T14:01:21.294Z,NA,observed
qc-prov-2026-2026-257,257,Marquette,2026,2026,src_6d260c49cd29,src_6d260c49cd29_20261003140119935_474f8a654a2c,2026-10-03T14:01:19.935Z,2026-10-03T14:01:21.294Z,NA,observed
qc-prov-2026-2026-693,693,Maskinongé,2026,2026,src_6d260c49cd29,src_6d260c49cd29_20261003140119935_474f8a654a2c,2026-10-03T14:01:19.935Z,2026-10-03T14:01:21.294Z,NA,observed
qc-prov-2026-2026-611,611,Masson,2026,2026,src_6d260c49cd29,src_6d260c49cd29_20261003140119935_474f8a654a2c,2026-10-03T14:01:19.935Z,2026-10-03T14:01:21.294Z,NA,observed
qc-prov-2026-2026-807,807,Matane-Matapédia-Mitis,2026,2026,src_6d260c49cd29,src_6d260c49cd29_20261003140119935_474f8a654a2c,2026-10-03T14:01:19.935Z,2026-10-03T14:01:21.294Z,NA,observed
qc-prov-2026-2026-301,301,Maurice-Richard,2026,2026,src_6d260c49cd29,src_6d260c49cd29_20261003140119935_474f8a654a2c,2026-10-03T14:01:19.935Z,2026-10-03T14:01:21.294Z,NA,observed
qc-prov-2026-2026-117,117,Mégantic,2026,2026,src_6d260c49cd29,src_6d260c49cd29_20261003140119935_474f8a654a2c,2026-10-03T14:01:19.935Z,2026-10-03T14:01:21.294Z,NA,observed
qc-prov-2026-2026-313,313,Mercier,2026,2026,src_6d260c49cd29,src_6d260c49cd29_20261003140119935_474f8a654a2c,2026-10-03T14:01:19.935Z,2026-10-03T14:01:21.294Z,NA,observed
qc-prov-2026-2026-571,571,Mille-Îles,2026,2026,src_6d260c49cd29,src_6d260c49cd29_20261003140119935_474f8a654a2c,2026-10-03T14:01:19.935Z,2026-10-03T14:01:21.294Z,NA,observed
qc-prov-2026-2026-587,587,Mirabel,2026,2026,src_6d260c49cd29,src_6d260c49cd29_20261003140119935_474f8a654a2c,2026-10-03T14:01:19.935Z,2026-10-03T14:01:21.294Z,NA,observed
qc-prov-2026-2026-227,227,Montarville,2026,2026,src_6d260c49cd29,src_6d260c49cd29_20261003140119935_474f8a654a2c,2026-10-03T14:01:19.935Z,2026-10-03T14:01:21.294Z,NA,observed
qc-prov-2026-2026-761,761,Montmorency,2026,2026,src_6d260c49cd29,src_6d260c49cd29_20261003140119935_474f8a654a2c,2026-10-03T14:01:19.935Z,2026-10-03T14:01:21.294Z,NA,observed
qc-prov-2026-2026-297,297,Mont-Royal–Outremont,2026,2026,src_6d260c49cd29,src_6d260c49cd29_20261003140119935_474f8a654a2c,2026-10-03T14:01:19.935Z,2026-10-03T14:01:21.294Z,NA,observed
qc-prov-2026-2026-261,261,Nelligan,2026,2026,src_6d260c49cd29,src_6d260c49cd29_20261003140119935_474f8a654a2c,2026-10-03T14:01:19.935Z,2026-10-03T14:01:21.294Z,NA,observed
qc-prov-2026-2026-151,151,Nicolet-Bécancour,2026,2026,src_6d260c49cd29,src_6d260c49cd29_20261003140119935_474f8a654a2c,2026-10-03T14:01:19.935Z,2026-10-03T14:01:21.294Z,NA,observed
qc-prov-2026-2026-279,279,Notre-Dame-de-Grâce,2026,2026,src_6d260c49cd29,src_6d260c49cd29_20261003140119935_474f8a654a2c,2026-10-03T14:01:19.935Z,2026-10-03T14:01:21.294Z,NA,observed
qc-prov-2026-2026-127,127,Orford,2026,2026,src_6d260c49cd29,src_6d260c49cd29_20261003140119935_474f8a654a2c,2026-10-03T14:01:19.935Z,2026-10-03T14:01:21.294Z,NA,observed
qc-prov-2026-2026-669,669,Papineau,2026,2026,src_6d260c49cd29,src_6d260c49cd29_20261003140119935_474f8a654a2c,2026-10-03T14:01:19.935Z,2026-10-03T14:01:21.294Z,NA,observed
qc-prov-2026-2026-217,217,Pierre-Laporte,2026,2026,src_6d260c49cd29,src_6d260c49cd29_20261003140119935_474f8a654a2c,2026-10-03T14:01:19.935Z,2026-10-03T14:01:21.294Z,NA,observed
qc-prov-2026-2026-341,341,Pointe-aux-Trembles,2026,2026,src_6d260c49cd29,src_6d260c49cd29_20261003140119935_474f8a654a2c,2026-10-03T14:01:19.935Z,2026-10-03T14:01:21.294Z,NA,observed
qc-prov-2026-2026-657,657,Pontiac,2026,2026,src_6d260c49cd29,src_6d260c49cd29_20261003140119935_474f8a654a2c,2026-10-03T14:01:19.935Z,2026-10-03T14:01:21.294Z,NA,observed
qc-prov-2026-2026-727,727,Portneuf,2026,2026,src_6d260c49cd29,src_6d260c49cd29_20261003140119935_474f8a654a2c,2026-10-03T14:01:19.935Z,2026-10-03T14:01:21.294Z,NA,observed
qc-prov-2026-2026-637,637,Prévost,2026,2026,src_6d260c49cd29,src_6d260c49cd29_20261003140119935_474f8a654a2c,2026-10-03T14:01:19.935Z,2026-10-03T14:01:21.294Z,NA,observed
qc-prov-2026-2026-817,817,René-Lévesque,2026,2026,src_6d260c49cd29,src_6d260c49cd29_20261003140119935_474f8a654a2c,2026-10-03T14:01:19.935Z,2026-10-03T14:01:21.294Z,NA,observed
qc-prov-2026-2026-617,617,Repentigny,2026,2026,src_6d260c49cd29,src_6d260c49cd29_20261003140119935_474f8a654a2c,2026-10-03T14:01:19.935Z,2026-10-03T14:01:21.294Z,NA,observed
qc-prov-2026-2026-241,241,Richelieu,2026,2026,src_6d260c49cd29,src_6d260c49cd29_20261003140119935_474f8a654a2c,2026-10-03T14:01:19.935Z,2026-10-03T14:01:21.294Z,NA,observed
qc-prov-2026-2026-137,137,Richmond,2026,2026,src_6d260c49cd29,src_6d260c49cd29_20261003140119935_474f8a654a2c,2026-10-03T14:01:19.935Z,2026-10-03T14:01:21.294Z,NA,observed
qc-prov-2026-2026-803,803,Rimouski,2026,2026,src_6d260c49cd29,src_6d260c49cd29_20261003140119935_474f8a654a2c,2026-10-03T14:01:19.935Z,2026-10-03T14:01:21.294Z,NA,observed
qc-prov-2026-2026-801,801,Rivière-du-Loup–Témiscouata–Les Basques,2026,2026,src_6d260c49cd29,src_6d260c49cd29_20261003140119935_474f8a654a2c,2026-10-03T14:01:19.935Z,2026-10-03T14:01:21.294Z,NA,observed
qc-prov-2026-2026-267,267,Robert-Baldwin,2026,2026,src_6d260c49cd29,src_6d260c49cd29_20261003140119935_474f8a654a2c,2026-10-03T14:01:19.935Z,2026-10-03T14:01:21.294Z,NA,observed
qc-prov-2026-2026-829,829,Roberval,2026,2026,src_6d260c49cd29,src_6d260c49cd29_20261003140119935_474f8a654a2c,2026-10-03T14:01:19.935Z,2026-10-03T14:01:21.294Z,NA,observed
qc-prov-2026-2026-319,319,Rosemont,2026,2026,src_6d260c49cd29,src_6d260c49cd29_20261003140119935_474f8a654a2c,2026-10-03T14:01:19.935Z,2026-10-03T14:01:21.294Z,NA,observed
qc-prov-2026-2026-631,631,Rousseau,2026,2026,src_6d260c49cd29,src_6d260c49cd29_20261003140119935_474f8a654a2c,2026-10-03T14:01:19.935Z,2026-10-03T14:01:21.294Z,NA,observed
qc-prov-2026-2026-671,671,Rouyn-Noranda–Témiscamingue,2026,2026,src_6d260c49cd29,src_6d260c49cd29_20261003140119935_474f8a654a2c,2026-10-03T14:01:19.935Z,2026-10-03T14:01:21.294Z,NA,observed
qc-prov-2026-2026-119,119,Saint-François,2026,2026,src_6d260c49cd29,src_6d260c49cd29_20261003140119935_474f8a654a2c,2026-10-03T14:01:19.935Z,2026-10-03T14:01:21.294Z,NA,observed
qc-prov-2026-2026-281,281,Saint-Henri–Sainte-Anne,2026,2026,src_6d260c49cd29,src_6d260c49cd29_20261003140119935_474f8a654a2c,2026-10-03T14:01:19.935Z,2026-10-03T14:01:21.294Z,NA,observed
qc-prov-2026-2026-239,239,Saint-Hyacinthe,2026,2026,src_6d260c49cd29,src_6d260c49cd29_20261003140119935_474f8a654a2c,2026-10-03T14:01:19.935Z,2026-10-03T14:01:21.294Z,NA,observed
qc-prov-2026-2026-167,167,Saint-Jean,2026,2026,src_6d260c49cd29,src_6d260c49cd29_20261003140119935_474f8a654a2c,2026-10-03T14:01:19.935Z,2026-10-03T14:01:21.294Z,NA,observed
qc-prov-2026-2026-597,597,Saint-Jérôme,2026,2026,src_6d260c49cd29,src_6d260c49cd29_20261003140119935_474f8a654a2c,2026-10-03T14:01:19.935Z,2026-10-03T14:01:21.294Z,NA,observed
qc-prov-2026-2026-271,271,Saint-Laurent,2026,2026,src_6d260c49cd29,src_6d260c49cd29_20261003140119935_474f8a654a2c,2026-10-03T14:01:19.935Z,2026-10-03T14:01:21.294Z,NA,observed
qc-prov-2026-2026-287,287,Sainte-Marie–Saint-Jacques,2026,2026,src_6d260c49cd29,src_6d260c49cd29_20261003140119935_474f8a654a2c,2026-10-03T14:01:19.935Z,2026-10-03T14:01:21.294Z,NA,observed
qc-prov-2026-2026-359,359,Sainte-Rose,2026,2026,src_6d260c49cd29,src_6d260c49cd29_20261003140119935_474f8a654a2c,2026-10-03T14:01:19.935Z,2026-10-03T14:01:21.294Z,NA,observed
qc-prov-2026-2026-197,197,Sanguinet,2026,2026,src_6d260c49cd29,src_6d260c49cd29_20261003140119935_474f8a654a2c,2026-10-03T14:01:19.935Z,2026-10-03T14:01:21.294Z,NA,observed
qc-prov-2026-2026-121,121,Sherbrooke,2026,2026,src_6d260c49cd29,src_6d260c49cd29_20261003140119935_474f8a654a2c,2026-10-03T14:01:19.935Z,2026-10-03T14:01:21.294Z,NA,observed
qc-prov-2026-2026-181,181,Soulanges,2026,2026,src_6d260c49cd29,src_6d260c49cd29_20261003140119935_474f8a654a2c,2026-10-03T14:01:19.935Z,2026-10-03T14:01:21.294Z,NA,observed
qc-prov-2026-2026-221,221,Taillon,2026,2026,src_6d260c49cd29,src_6d260c49cd29_20261003140119935_474f8a654a2c,2026-10-03T14:01:19.935Z,2026-10-03T14:01:21.294Z,NA,observed
qc-prov-2026-2026-751,751,Taschereau,2026,2026,src_6d260c49cd29,src_6d260c49cd29_20261003140119935_474f8a654a2c,2026-10-03T14:01:19.935Z,2026-10-03T14:01:21.294Z,NA,observed
qc-prov-2026-2026-609,609,Terrebonne,2026,2026,src_6d260c49cd29,src_6d260c49cd29_20261003140119935_474f8a654a2c,2026-10-03T14:01:19.935Z,2026-10-03T14:01:21.294Z,NA,observed
qc-prov-2026-2026-691,691,Trois-Rivières,2026,2026,src_6d260c49cd29,src_6d260c49cd29_20261003140119935_474f8a654a2c,2026-10-03T14:01:19.935Z,2026-10-03T14:01:21.294Z,NA,observed
qc-prov-2026-2026-831,831,Ungava,2026,2026,src_6d260c49cd29,src_6d260c49cd29_20261003140119935_474f8a654a2c,2026-10-03T14:01:19.935Z,2026-10-03T14:01:21.294Z,NA,observed
qc-prov-2026-2026-211,211,Vachon,2026,2026,src_6d260c49cd29,src_6d260c49cd29_20261003140119935_474f8a654a2c,2026-10-03T14:01:19.935Z,2026-10-03T14:01:21.294Z,NA,observed
qc-prov-2026-2026-749,749,Vanier-Les Rivières,2026,2026,src_6d260c49cd29,src_6d260c49cd29_20261003140119935_474f8a654a2c,2026-10-03T14:01:19.935Z,2026-10-03T14:01:21.294Z,NA,observed
qc-prov-2026-2026-187,187,Vaudreuil,2026,2026,src_6d260c49cd29,src_6d260c49cd29_20261003140119935_474f8a654a2c,2026-10-03T14:01:19.935Z,2026-10-03T14:01:21.294Z,NA,observed
qc-prov-2026-2026-231,231,Verchères,2026,2026,src_6d260c49cd29,src_6d260c49cd29_20261003140119935_474f8a654a2c,2026-10-03T14:01:19.935Z,2026-10-03T14:01:21.294Z,NA,observed
qc-prov-2026-2026-247,247,Verdun,2026,2026,src_6d260c49cd29,src_6d260c49cd29_20261003140119935_474f8a654a2c,2026-10-03T14:01:19.935Z,2026-10-03T14:01:21.294Z,NA,observed
qc-prov-2026-2026-321,321,Viau,2026,2026,src_6d260c49cd29,src_6d260c49cd29_20261003140119935_474f8a654a2c,2026-10-03T14:01:19.935Z,2026-10-03T14:01:21.294Z,NA,observed
qc-prov-2026-2026-569,569,Vimont-Auteuil,2026,2026,src_6d260c49cd29,src_6d260c49cd29_20261003140119935_474f8a654a2c,2026-10-03T14:01:19.935Z,2026-10-03T14:01:21.294Z,NA,observed
qc-prov-2026-2026-291,291,Westmount–Saint-Louis,2026,2026,src_6d260c49cd29,src_6d260c49cd29_20261003140119935_474f8a654a2c,2026-10-03T14:01:19.935Z,2026-10-03T14:01:21.294Z,NA,observed
